customer_id,credit_history_length,default_history,credit_history_category,has_default_history,financial_risk_level
C000001,3,Y,medium,1,high
C000002,2,N,short,0,medium
C000003,3,N,medium,0,medium
C000004,2,N,short,0,medium
C000005,4,Y,medium,1,high
C000006,2,N,short,0,medium
C000007,3,N,medium,0,medium
C000008,4,N,medium,0,medium
C000009,2,N,short,0,medium
C000010,3,N,medium,0,medium
C000011,4,N,medium,0,medium
C000012,2,N,short,0,medium
C000013,2,N,short,0,medium
C000014,4,N,medium,0,medium
C000015,4,N,medium,0,medium
C000016,3,N,medium,0,medium
C000017,4,N,medium,0,medium
C000018,4,N,medium,0,medium
C000019,4,N,medium,0,medium
C000020,2,N,short,0,medium
C000021,4,N,medium,0,medium
C000022,2,Y,short,1,high
C000023,4,N,medium,0,medium
C000024,3,N,medium,0,medium
C000025,4,Y,medium,1,high
C000026,3,N,medium,0,medium
C000027,3,Y,medium,1,high
C000028,3,N,medium,0,medium
C000029,3,N,medium,0,medium
C000030,2,Y,short,1,high
C000031,3,N,medium,0,medium
C000032,2,N,short,0,medium
C000033,3,Y,medium,1,high
C000034,3,N,medium,0,medium
C000035,4,N,medium,0,medium
C000036,4,N,medium,0,medium
C000037,2,N,short,0,medium
C000038,3,Y,medium,1,high
C000039,4,Y,medium,1,high
C000040,4,N,medium,0,medium
C000041,2,N,short,0,medium
C000042,3,N,medium,0,medium
C000043,4,N,medium,0,medium
C000044,2,Y,short,1,high
C000045,4,N,medium,0,medium
C000046,3,N,medium,0,medium
C000047,3,N,medium,0,medium
C000048,3,N,medium,0,medium
C000049,3,N,medium,0,medium
C000050,3,N,medium,0,medium
C000051,4,Y,medium,1,high
C000052,3,Y,medium,1,high
C000053,3,Y,medium,1,high
C000054,2,N,short,0,medium
C000055,4,N,medium,0,medium
C000056,3,Y,medium,1,high
C000057,3,N,medium,0,medium
C000058,4,N,medium,0,medium
C000059,4,N,medium,0,medium
C000060,3,Y,medium,1,high
C000061,4,N,medium,0,medium
C000062,2,N,short,0,medium
C000063,4,N,medium,0,medium
C000064,2,N,short,0,medium
C000065,3,N,medium,0,medium
C000066,3,Y,medium,1,high
C000067,3,N,medium,0,medium
C000068,2,Y,short,1,high
C000069,2,N,short,0,medium
C000070,4,N,medium,0,medium
C000071,3,N,medium,0,medium
C000072,2,N,short,0,medium
C000073,3,Y,medium,1,high
C000074,2,N,short,0,medium
C000075,3,N,medium,0,medium
C000076,3,N,medium,0,medium
C000077,3,N,medium,0,medium
C000078,4,Y,medium,1,high
C000079,2,N,short,0,medium
C000080,4,Y,medium,1,high
C000081,3,Y,medium,1,high
C000082,3,N,medium,0,medium
C000083,3,N,medium,0,medium
C000084,2,N,short,0,medium
C000085,4,N,medium,0,medium
C000086,4,N,medium,0,medium
C000087,2,N,short,0,medium
C000088,2,N,short,0,medium
C000089,3,Y,medium,1,high
C000090,3,Y,medium,1,high
C000091,2,N,short,0,medium
C000092,2,Y,short,1,high
C000093,2,Y,short,1,high
C000094,3,N,medium,0,medium
C000095,2,N,short,0,medium
C000096,3,N,medium,0,medium
C000097,3,N,medium,0,medium
C000098,3,N,medium,0,medium
C000099,4,Y,medium,1,high
C000100,4,N,medium,0,medium
C000101,3,N,medium,0,medium
C000102,3,Y,medium,1,high
C000103,2,Y,short,1,high
C000104,4,N,medium,0,medium
C000105,3,N,medium,0,medium
C000106,4,N,medium,0,medium
C000107,3,N,medium,0,medium
C000108,3,Y,medium,1,high
C000109,3,N,medium,0,medium
C000110,4,Y,medium,1,high
C000111,3,N,medium,0,medium
C000112,4,N,medium,0,medium
C000113,2,Y,short,1,high
C000114,2,N,short,0,medium
C000115,4,N,medium,0,medium
C000116,4,N,medium,0,medium
C000117,2,Y,short,1,high
C000118,2,Y,short,1,high
C000119,4,N,medium,0,medium
C000120,3,N,medium,0,medium
C000121,3,N,medium,0,medium
C000122,3,Y,medium,1,high
C000123,2,N,short,0,medium
C000124,2,N,short,0,medium
C000125,4,N,medium,0,medium
C000126,2,N,short,0,medium
C000127,2,N,short,0,medium
C000128,3,N,medium,0,medium
C000129,3,N,medium,0,medium
C000130,2,N,short,0,medium
C000131,2,N,short,0,medium
C000132,4,N,medium,0,medium
C000133,2,N,short,0,medium
C000134,3,N,medium,0,medium
C000135,4,N,medium,0,medium
C000136,4,N,medium,0,medium
C000137,2,N,short,0,medium
C000138,3,N,medium,0,medium
C000139,3,N,medium,0,medium
C000140,2,Y,short,1,high
C000141,3,Y,medium,1,high
C000142,2,N,short,0,medium
C000143,2,N,short,0,medium
C000144,4,N,medium,0,medium
C000145,4,Y,medium,1,high
C000146,2,Y,short,1,high
C000147,2,N,short,0,medium
C000148,4,N,medium,0,medium
C000149,4,N,medium,0,medium
C000150,4,N,medium,0,medium
C000151,4,N,medium,0,medium
C000152,2,N,short,0,medium
C000153,4,N,medium,0,medium
C000154,4,Y,medium,1,high
C000155,3,N,medium,0,medium
C000156,3,Y,medium,1,high
C000157,4,Y,medium,1,high
C000158,2,N,short,0,medium
C000159,3,N,medium,0,medium
C000160,3,Y,medium,1,high
C000161,4,N,medium,0,medium
C000162,3,N,medium,0,medium
C000163,3,N,medium,0,medium
C000164,2,Y,short,1,high
C000165,3,N,medium,0,medium
C000166,2,N,short,0,medium
C000167,2,N,short,0,medium
C000168,4,N,medium,0,medium
C000169,4,N,medium,0,medium
C000170,3,N,medium,0,medium
C000171,4,N,medium,0,medium
C000172,4,N,medium,0,medium
C000173,2,N,short,0,medium
C000174,3,Y,medium,1,high
C000175,2,N,short,0,medium
C000176,2,N,short,0,medium
C000177,4,N,medium,0,medium
C000178,3,N,medium,0,medium
C000179,2,N,short,0,medium
C000180,4,N,medium,0,medium
C000181,2,N,short,0,medium
C000182,3,Y,medium,1,high
C000183,4,N,medium,0,medium
C000184,2,N,short,0,medium
C000185,3,N,medium,0,medium
C000186,2,N,short,0,medium
C000187,3,N,medium,0,medium
C000188,3,N,medium,0,medium
C000189,2,Y,short,1,high
C000190,4,N,medium,0,medium
C000191,2,Y,short,1,high
C000192,4,N,medium,0,medium
C000193,3,N,medium,0,medium
C000194,3,Y,medium,1,high
C000195,2,N,short,0,medium
C000196,3,N,medium,0,medium
C000197,2,N,short,0,medium
C000198,3,N,medium,0,medium
C000199,3,N,medium,0,medium
C000200,3,N,medium,0,medium
C000201,4,N,medium,0,medium
C000202,3,N,medium,0,medium
C000203,4,N,medium,0,medium
C000204,2,Y,short,1,high
C000205,4,N,medium,0,medium
C000206,2,N,short,0,medium
C000207,2,N,short,0,medium
C000208,3,N,medium,0,medium
C000209,2,N,short,0,medium
C000210,2,Y,short,1,high
C000211,4,N,medium,0,medium
C000212,4,N,medium,0,medium
C000213,3,N,medium,0,medium
C000214,3,N,medium,0,medium
C000215,4,N,medium,0,medium
C000216,4,Y,medium,1,high
C000217,4,N,medium,0,medium
C000218,3,N,medium,0,medium
C000219,2,Y,short,1,high
C000220,3,N,medium,0,medium
C000221,3,N,medium,0,medium
C000222,4,N,medium,0,medium
C000223,2,N,short,0,medium
C000224,2,N,short,0,medium
C000225,2,Y,short,1,high
C000226,2,Y,short,1,high
C000227,2,N,short,0,medium
C000228,2,Y,short,1,high
C000229,4,N,medium,0,medium
C000230,4,N,medium,0,medium
C000231,2,N,short,0,medium
C000232,4,N,medium,0,medium
C000233,2,N,short,0,medium
C000234,2,N,short,0,medium
C000235,4,Y,medium,1,high
C000236,2,N,short,0,medium
C000237,4,Y,medium,1,high
C000238,3,N,medium,0,medium
C000239,2,N,short,0,medium
C000240,3,N,medium,0,medium
C000241,4,N,medium,0,medium
C000242,4,Y,medium,1,high
C000243,3,N,medium,0,medium
C000244,3,N,medium,0,medium
C000245,2,N,short,0,medium
C000246,3,N,medium,0,medium
C000247,3,Y,medium,1,high
C000248,4,Y,medium,1,high
C000249,3,N,medium,0,medium
C000250,2,N,short,0,medium
C000251,4,N,medium,0,medium
C000252,4,N,medium,0,medium
C000253,4,N,medium,0,medium
C000254,2,N,short,0,medium
C000255,4,N,medium,0,medium
C000256,4,N,medium,0,medium
C000257,4,N,medium,0,medium
C000258,3,N,medium,0,medium
C000259,3,Y,medium,1,high
C000260,4,N,medium,0,medium
C000261,2,Y,short,1,high
C000262,4,N,medium,0,medium
C000263,2,N,short,0,medium
C000264,4,N,medium,0,medium
C000265,3,N,medium,0,medium
C000266,4,Y,medium,1,high
C000267,4,N,medium,0,medium
C000268,2,N,short,0,medium
C000269,4,N,medium,0,medium
C000270,3,Y,medium,1,high
C000271,4,Y,medium,1,high
C000272,3,N,medium,0,medium
C000273,4,Y,medium,1,high
C000274,3,Y,medium,1,high
C000275,3,N,medium,0,medium
C000276,4,Y,medium,1,high
C000277,4,N,medium,0,medium
C000278,3,Y,medium,1,high
C000279,4,Y,medium,1,high
C000280,3,Y,medium,1,high
C000281,4,N,medium,0,medium
C000282,2,N,short,0,medium
C000283,2,N,short,0,medium
C000284,3,N,medium,0,medium
C000285,4,N,medium,0,medium
C000286,2,N,short,0,medium
C000287,2,Y,short,1,high
C000288,2,N,short,0,medium
C000289,4,N,medium,0,medium
C000290,4,Y,medium,1,high
C000291,3,N,medium,0,medium
C000292,4,N,medium,0,medium
C000293,4,N,medium,0,medium
C000294,3,N,medium,0,medium
C000295,4,Y,medium,1,high
C000296,2,Y,short,1,high
C000297,2,Y,short,1,high
C000298,3,N,medium,0,medium
C000299,3,N,medium,0,medium
C000300,3,N,medium,0,medium
C000301,4,N,medium,0,medium
C000302,3,Y,medium,1,high
C000303,4,N,medium,0,medium
C000304,3,Y,medium,1,high
C000305,4,Y,medium,1,high
C000306,2,N,short,0,medium
C000307,2,Y,short,1,high
C000308,2,Y,short,1,high
C000309,3,N,medium,0,medium
C000310,4,Y,medium,1,high
C000311,4,N,medium,0,medium
C000312,4,N,medium,0,medium
C000313,2,Y,short,1,high
C000314,3,N,medium,0,medium
C000315,2,N,short,0,medium
C000316,2,Y,short,1,high
C000317,3,N,medium,0,medium
C000318,2,N,short,0,medium
C000319,2,N,short,0,medium
C000320,2,Y,short,1,high
C000321,4,Y,medium,1,high
C000322,4,N,medium,0,medium
C000323,2,N,short,0,medium
C000324,2,N,short,0,medium
C000325,2,Y,short,1,high
C000326,4,N,medium,0,medium
C000327,3,N,medium,0,medium
C000328,3,N,medium,0,medium
C000329,2,Y,short,1,high
C000330,4,N,medium,0,medium
C000331,4,N,medium,0,medium
C000332,2,Y,short,1,high
C000333,3,N,medium,0,medium
C000334,3,Y,medium,1,high
C000335,3,N,medium,0,medium
C000336,3,N,medium,0,medium
C000337,2,N,short,0,medium
C000338,2,N,short,0,medium
C000339,4,N,medium,0,medium
C000340,3,Y,medium,1,high
C000341,2,N,short,0,medium
C000342,2,N,short,0,medium
C000343,4,N,medium,0,medium
C000344,4,N,medium,0,medium
C000345,4,N,medium,0,medium
C000346,3,N,medium,0,medium
C000347,3,N,medium,0,medium
C000348,2,Y,short,1,high
C000349,4,N,medium,0,medium
C000350,4,N,medium,0,medium
C000351,4,N,medium,0,medium
C000352,2,N,short,0,medium
C000353,4,Y,medium,1,high
C000354,3,N,medium,0,medium
C000355,3,N,medium,0,medium
C000356,4,N,medium,0,medium
C000357,2,Y,short,1,high
C000358,3,N,medium,0,medium
C000359,2,N,short,0,medium
C000360,3,N,medium,0,medium
C000361,2,Y,short,1,high
C000362,2,N,short,0,medium
C000363,4,N,medium,0,medium
C000364,4,N,medium,0,medium
C000365,4,N,medium,0,medium
C000366,4,N,medium,0,medium
C000367,4,N,medium,0,medium
C000368,3,N,medium,0,medium
C000369,3,N,medium,0,medium
C000370,4,N,medium,0,medium
C000371,2,N,short,0,medium
C000372,4,N,medium,0,medium
C000373,2,N,short,0,medium
C000374,4,N,medium,0,medium
C000375,4,N,medium,0,medium
C000376,4,Y,medium,1,high
C000377,4,N,medium,0,medium
C000378,4,N,medium,0,medium
C000379,4,N,medium,0,medium
C000380,3,N,medium,0,medium
C000381,4,N,medium,0,medium
C000382,2,N,short,0,medium
C000383,2,Y,short,1,high
C000384,2,N,short,0,medium
C000385,3,N,medium,0,medium
C000386,3,Y,medium,1,high
C000387,2,Y,short,1,high
C000388,2,N,short,0,medium
C000389,3,N,medium,0,medium
C000390,4,N,medium,0,medium
C000391,3,N,medium,0,medium
C000392,2,Y,short,1,high
C000393,4,N,medium,0,medium
C000394,4,Y,medium,1,high
C000395,2,Y,short,1,high
C000396,2,Y,short,1,high
C000397,3,N,medium,0,medium
C000398,4,N,medium,0,medium
C000399,2,N,short,0,medium
C000400,3,N,medium,0,medium
C000401,3,N,medium,0,medium
C000402,3,Y,medium,1,high
C000403,3,Y,medium,1,high
C000404,4,N,medium,0,medium
C000405,2,Y,short,1,high
C000406,3,N,medium,0,medium
C000407,2,Y,short,1,high
C000408,2,N,short,0,medium
C000409,3,Y,medium,1,high
C000410,2,N,short,0,medium
C000411,2,N,short,0,medium
C000412,4,N,medium,0,medium
C000413,4,N,medium,0,medium
C000414,4,N,medium,0,medium
C000415,3,N,medium,0,medium
C000416,2,N,short,0,medium
C000417,3,N,medium,0,medium
C000418,2,N,short,0,medium
C000419,2,N,short,0,medium
C000420,3,Y,medium,1,high
C000421,2,Y,short,1,high
C000422,4,N,medium,0,medium
C000423,4,N,medium,0,medium
C000424,3,N,medium,0,medium
C000425,4,Y,medium,1,high
C000426,4,N,medium,0,medium
C000427,2,N,short,0,medium
C000428,4,N,medium,0,medium
C000429,4,N,medium,0,medium
C000430,3,N,medium,0,medium
C000431,3,N,medium,0,medium
C000432,3,N,medium,0,medium
C000433,3,N,medium,0,medium
C000434,3,N,medium,0,medium
C000435,2,N,short,0,medium
C000436,4,N,medium,0,medium
C000437,2,N,short,0,medium
C000438,2,N,short,0,medium
C000439,3,N,medium,0,medium
C000440,2,N,short,0,medium
C000441,3,N,medium,0,medium
C000442,4,N,medium,0,medium
C000443,4,Y,medium,1,high
C000444,2,N,short,0,medium
C000445,4,N,medium,0,medium
C000446,4,N,medium,0,medium
C000447,4,N,medium,0,medium
C000448,2,Y,short,1,high
C000449,4,N,medium,0,medium
C000450,4,N,medium,0,medium
C000451,4,N,medium,0,medium
C000452,3,N,medium,0,medium
C000453,4,Y,medium,1,high
C000454,2,N,short,0,medium
C000455,3,N,medium,0,medium
C000456,2,N,short,0,medium
C000457,2,N,short,0,medium
C000458,3,Y,medium,1,high
C000459,4,N,medium,0,medium
C000460,2,Y,short,1,high
C000461,3,N,medium,0,medium
C000462,4,N,medium,0,medium
C000463,4,N,medium,0,medium
C000464,2,N,short,0,medium
C000465,2,Y,short,1,high
C000466,3,N,medium,0,medium
C000467,2,N,short,0,medium
C000468,2,N,short,0,medium
C000469,3,N,medium,0,medium
C000470,2,N,short,0,medium
C000471,4,N,medium,0,medium
C000472,4,N,medium,0,medium
C000473,2,N,short,0,medium
C000474,2,Y,short,1,high
C000475,3,N,medium,0,medium
C000476,2,N,short,0,medium
C000477,2,N,short,0,medium
C000478,3,N,medium,0,medium
C000479,2,N,short,0,medium
C000480,4,N,medium,0,medium
C000481,4,Y,medium,1,high
C000482,3,N,medium,0,medium
C000483,4,N,medium,0,medium
C000484,2,N,short,0,medium
C000485,3,N,medium,0,medium
C000486,2,N,short,0,medium
C000487,2,N,short,0,medium
C000488,4,N,medium,0,medium
C000489,2,N,short,0,medium
C000490,3,N,medium,0,medium
C000491,2,Y,short,1,high
C000492,4,Y,medium,1,high
C000493,3,N,medium,0,medium
C000494,3,N,medium,0,medium
C000495,2,N,short,0,medium
C000496,2,N,short,0,medium
C000497,4,Y,medium,1,high
C000498,3,N,medium,0,medium
C000499,2,N,short,0,medium
C000500,4,N,medium,0,medium
C000501,2,Y,short,1,high
C000502,2,N,short,0,medium
C000503,3,N,medium,0,medium
C000504,4,N,medium,0,medium
C000505,2,N,short,0,medium
C000506,3,N,medium,0,medium
C000507,2,N,short,0,medium
C000508,3,N,medium,0,medium
C000509,3,N,medium,0,medium
C000510,3,N,medium,0,medium
C000511,4,N,medium,0,medium
C000512,2,N,short,0,medium
C000513,2,N,short,0,medium
C000514,3,N,medium,0,medium
C000515,4,N,medium,0,medium
C000516,3,N,medium,0,medium
C000517,2,N,short,0,medium
C000518,3,N,medium,0,medium
C000519,4,N,medium,0,medium
C000520,3,N,medium,0,medium
C000521,2,N,short,0,medium
C000522,2,N,short,0,medium
C000523,2,N,short,0,medium
C000524,4,Y,medium,1,high
C000525,3,Y,medium,1,high
C000526,3,Y,medium,1,high
C000527,3,N,medium,0,medium
C000528,3,N,medium,0,medium
C000529,2,N,short,0,medium
C000530,4,N,medium,0,medium
C000531,4,N,medium,0,medium
C000532,3,N,medium,0,medium
C000533,3,N,medium,0,medium
C000534,3,Y,medium,1,high
C000535,4,N,medium,0,medium
C000536,3,N,medium,0,medium
C000537,2,N,short,0,medium
C000538,2,N,short,0,medium
C000539,2,Y,short,1,high
C000540,3,N,medium,0,medium
C000541,2,N,short,0,medium
C000542,3,Y,medium,1,high
C000543,4,Y,medium,1,high
C000544,4,N,medium,0,medium
C000545,4,Y,medium,1,high
C000546,4,N,medium,0,medium
C000547,4,N,medium,0,medium
C000548,3,N,medium,0,medium
C000549,4,Y,medium,1,high
C000550,2,N,short,0,medium
C000551,4,N,medium,0,medium
C000552,3,N,medium,0,medium
C000553,4,Y,medium,1,high
C000554,3,N,medium,0,medium
C000555,3,N,medium,0,medium
C000556,3,N,medium,0,medium
C000557,4,Y,medium,1,high
C000558,2,N,short,0,medium
C000559,3,N,medium,0,medium
C000560,4,N,medium,0,medium
C000561,3,N,medium,0,medium
C000562,3,N,medium,0,medium
C000563,3,Y,medium,1,high
C000564,3,N,medium,0,medium
C000565,3,Y,medium,1,high
C000566,3,Y,medium,1,high
C000567,2,Y,short,1,high
C000568,3,N,medium,0,medium
C000569,2,N,short,0,medium
C000570,3,Y,medium,1,high
C000571,2,N,short,0,medium
C000572,2,N,short,0,medium
C000573,3,N,medium,0,medium
C000574,3,Y,medium,1,high
C000575,4,N,medium,0,medium
C000576,3,N,medium,0,medium
C000577,2,N,short,0,medium
C000578,2,N,short,0,medium
C000579,3,N,medium,0,medium
C000580,4,N,medium,0,medium
C000581,4,N,medium,0,medium
C000582,4,N,medium,0,medium
C000583,4,N,medium,0,medium
C000584,4,N,medium,0,medium
C000585,2,N,short,0,medium
C000586,4,N,medium,0,medium
C000587,4,Y,medium,1,high
C000588,2,N,short,0,medium
C000589,4,N,medium,0,medium
C000590,3,N,medium,0,medium
C000591,2,Y,short,1,high
C000592,3,N,medium,0,medium
C000593,4,N,medium,0,medium
C000594,4,N,medium,0,medium
C000595,2,Y,short,1,high
C000596,3,Y,medium,1,high
C000597,3,N,medium,0,medium
C000598,4,N,medium,0,medium
C000599,4,N,medium,0,medium
C000600,2,N,short,0,medium
C000601,2,N,short,0,medium
C000602,3,N,medium,0,medium
C000603,3,Y,medium,1,high
C000604,2,N,short,0,medium
C000605,2,N,short,0,medium
C000606,3,N,medium,0,medium
C000607,3,N,medium,0,medium
C000608,4,N,medium,0,medium
C000609,4,N,medium,0,medium
C000610,4,N,medium,0,medium
C000611,2,N,short,0,medium
C000612,3,N,medium,0,medium
C000613,2,N,short,0,medium
C000614,2,N,short,0,medium
C000615,3,N,medium,0,medium
C000616,4,N,medium,0,medium
C000617,3,N,medium,0,medium
C000618,3,N,medium,0,medium
C000619,3,N,medium,0,medium
C000620,3,N,medium,0,medium
C000621,2,N,short,0,medium
C000622,4,N,medium,0,medium
C000623,3,N,medium,0,medium
C000624,4,N,medium,0,medium
C000625,4,Y,medium,1,high
C000626,3,N,medium,0,medium
C000627,2,Y,short,1,high
C000628,2,Y,short,1,high
C000629,3,N,medium,0,medium
C000630,3,N,medium,0,medium
C000631,4,N,medium,0,medium
C000632,4,N,medium,0,medium
C000633,3,N,medium,0,medium
C000634,4,N,medium,0,medium
C000635,4,N,medium,0,medium
C000636,4,N,medium,0,medium
C000637,2,N,short,0,medium
C000638,3,N,medium,0,medium
C000639,3,N,medium,0,medium
C000640,4,N,medium,0,medium
C000641,3,N,medium,0,medium
C000642,2,N,short,0,medium
C000643,4,N,medium,0,medium
C000644,2,N,short,0,medium
C000645,2,N,short,0,medium
C000646,4,Y,medium,1,high
C000647,2,Y,short,1,high
C000648,2,N,short,0,medium
C000649,2,N,short,0,medium
C000650,3,N,medium,0,medium
C000651,3,N,medium,0,medium
C000652,4,Y,medium,1,high
C000653,2,N,short,0,medium
C000654,2,N,short,0,medium
C000655,4,N,medium,0,medium
C000656,2,N,short,0,medium
C000657,2,N,short,0,medium
C000658,3,N,medium,0,medium
C000659,3,N,medium,0,medium
C000660,4,N,medium,0,medium
C000661,3,Y,medium,1,high
C000662,2,N,short,0,medium
C000663,3,N,medium,0,medium
C000664,2,N,short,0,medium
C000665,4,Y,medium,1,high
C000666,4,N,medium,0,medium
C000667,3,N,medium,0,medium
C000668,3,Y,medium,1,high
C000669,3,Y,medium,1,high
C000670,2,N,short,0,medium
C000671,3,Y,medium,1,high
C000672,4,N,medium,0,medium
C000673,2,N,short,0,medium
C000674,4,N,medium,0,medium
C000675,4,N,medium,0,medium
C000676,4,N,medium,0,medium
C000677,4,Y,medium,1,high
C000678,2,N,short,0,medium
C000679,4,N,medium,0,medium
C000680,3,Y,medium,1,high
C000681,3,N,medium,0,medium
C000682,4,Y,medium,1,high
C000683,3,Y,medium,1,high
C000684,2,N,short,0,medium
C000685,2,N,short,0,medium
C000686,3,N,medium,0,medium
C000687,2,N,short,0,medium
C000688,3,N,medium,0,medium
C000689,3,Y,medium,1,high
C000690,2,N,short,0,medium
C000691,3,N,medium,0,medium
C000692,4,N,medium,0,medium
C000693,2,Y,short,1,high
C000694,4,N,medium,0,medium
C000695,4,N,medium,0,medium
C000696,2,Y,short,1,high
C000697,2,N,short,0,medium
C000698,2,Y,short,1,high
C000699,2,N,short,0,medium
C000700,2,N,short,0,medium
C000701,2,N,short,0,medium
C000702,2,N,short,0,medium
C000703,2,Y,short,1,high
C000704,4,N,medium,0,medium
C000705,4,Y,medium,1,high
C000706,4,N,medium,0,medium
C000707,2,Y,short,1,high
C000708,2,N,short,0,medium
C000709,4,N,medium,0,medium
C000710,4,N,medium,0,medium
C000711,2,N,short,0,medium
C000712,3,N,medium,0,medium
C000713,3,N,medium,0,medium
C000714,4,Y,medium,1,high
C000715,2,N,short,0,medium
C000716,2,N,short,0,medium
C000717,3,N,medium,0,medium
C000718,2,N,short,0,medium
C000719,3,Y,medium,1,high
C000720,3,N,medium,0,medium
C000721,3,Y,medium,1,high
C000722,4,N,medium,0,medium
C000723,2,Y,short,1,high
C000724,4,N,medium,0,medium
C000725,3,N,medium,0,medium
C000726,4,N,medium,0,medium
C000727,3,N,medium,0,medium
C000728,3,N,medium,0,medium
C000729,4,N,medium,0,medium
C000730,2,N,short,0,medium
C000731,3,N,medium,0,medium
C000732,3,N,medium,0,medium
C000733,4,N,medium,0,medium
C000734,3,Y,medium,1,high
C000735,3,N,medium,0,medium
C000736,3,N,medium,0,medium
C000737,3,N,medium,0,medium
C000738,4,N,medium,0,medium
C000739,4,N,medium,0,medium
C000740,2,Y,short,1,high
C000741,3,N,medium,0,medium
C000742,4,N,medium,0,medium
C000743,2,N,short,0,medium
C000744,4,Y,medium,1,high
C000745,2,N,short,0,medium
C000746,3,N,medium,0,medium
C000747,2,N,short,0,medium
C000748,4,N,medium,0,medium
C000749,2,N,short,0,medium
C000750,2,N,short,0,medium
C000751,4,Y,medium,1,high
C000752,3,N,medium,0,medium
C000753,4,Y,medium,1,high
C000754,4,Y,medium,1,high
C000755,4,N,medium,0,medium
C000756,4,N,medium,0,medium
C000757,4,N,medium,0,medium
C000758,4,N,medium,0,medium
C000759,4,N,medium,0,medium
C000760,4,N,medium,0,medium
C000761,4,Y,medium,1,high
C000762,4,N,medium,0,medium
C000763,3,N,medium,0,medium
C000764,3,N,medium,0,medium
C000765,4,Y,medium,1,high
C000766,4,Y,medium,1,high
C000767,2,N,short,0,medium
C000768,4,N,medium,0,medium
C000769,2,N,short,0,medium
C000770,2,Y,short,1,high
C000771,4,Y,medium,1,high
C000772,4,Y,medium,1,high
C000773,3,N,medium,0,medium
C000774,2,N,short,0,medium
C000775,4,N,medium,0,medium
C000776,2,N,short,0,medium
C000777,2,N,short,0,medium
C000778,2,N,short,0,medium
C000779,2,N,short,0,medium
C000780,2,N,short,0,medium
C000781,3,N,medium,0,medium
C000782,2,N,short,0,medium
C000783,3,N,medium,0,medium
C000784,3,N,medium,0,medium
C000785,2,N,short,0,medium
C000786,2,N,short,0,medium
C000787,4,N,medium,0,medium
C000788,4,N,medium,0,medium
C000789,4,N,medium,0,medium
C000790,2,Y,short,1,high
C000791,3,N,medium,0,medium
C000792,4,N,medium,0,medium
C000793,3,N,medium,0,medium
C000794,2,N,short,0,medium
C000795,4,N,medium,0,medium
C000796,3,N,medium,0,medium
C000797,4,N,medium,0,medium
C000798,2,Y,short,1,high
C000799,4,N,medium,0,medium
C000800,2,N,short,0,medium
C000801,2,N,short,0,medium
C000802,3,N,medium,0,medium
C000803,4,N,medium,0,medium
C000804,4,N,medium,0,medium
C000805,2,N,short,0,medium
C000806,2,N,short,0,medium
C000807,2,N,short,0,medium
C000808,2,N,short,0,medium
C000809,3,Y,medium,1,high
C000810,2,N,short,0,medium
C000811,3,N,medium,0,medium
C000812,2,N,short,0,medium
C000813,4,Y,medium,1,high
C000814,4,N,medium,0,medium
C000815,2,Y,short,1,high
C000816,4,N,medium,0,medium
C000817,4,N,medium,0,medium
C000818,4,N,medium,0,medium
C000819,3,Y,medium,1,high
C000820,3,N,medium,0,medium
C000821,2,N,short,0,medium
C000822,2,N,short,0,medium
C000823,2,Y,short,1,high
C000824,3,Y,medium,1,high
C000825,4,N,medium,0,medium
C000826,4,Y,medium,1,high
C000827,2,Y,short,1,high
C000828,3,N,medium,0,medium
C000829,4,N,medium,0,medium
C000830,3,N,medium,0,medium
C000831,2,N,short,0,medium
C000832,3,N,medium,0,medium
C000833,2,Y,short,1,high
C000834,4,N,medium,0,medium
C000835,3,N,medium,0,medium
C000836,3,N,medium,0,medium
C000837,3,N,medium,0,medium
C000838,3,N,medium,0,medium
C000839,4,N,medium,0,medium
C000840,2,N,short,0,medium
C000841,3,N,medium,0,medium
C000842,3,N,medium,0,medium
C000843,2,N,short,0,medium
C000844,2,N,short,0,medium
C000845,2,N,short,0,medium
C000846,2,Y,short,1,high
C000847,4,N,medium,0,medium
C000848,3,N,medium,0,medium
C000849,3,N,medium,0,medium
C000850,4,N,medium,0,medium
C000851,2,N,short,0,medium
C000852,2,N,short,0,medium
C000853,4,Y,medium,1,high
C000854,2,N,short,0,medium
C000855,2,Y,short,1,high
C000856,4,N,medium,0,medium
C000857,3,N,medium,0,medium
C000858,4,N,medium,0,medium
C000859,3,Y,medium,1,high
C000860,3,Y,medium,1,high
C000861,3,N,medium,0,medium
C000862,4,N,medium,0,medium
C000863,4,N,medium,0,medium
C000864,3,N,medium,0,medium
C000865,4,N,medium,0,medium
C000866,2,N,short,0,medium
C000867,3,N,medium,0,medium
C000868,2,Y,short,1,high
C000869,2,N,short,0,medium
C000870,4,N,medium,0,medium
C000871,4,N,medium,0,medium
C000872,2,N,short,0,medium
C000873,2,Y,short,1,high
C000874,2,N,short,0,medium
C000875,3,Y,medium,1,high
C000876,4,Y,medium,1,high
C000877,2,N,short,0,medium
C000878,4,N,medium,0,medium
C000879,4,N,medium,0,medium
C000880,4,N,medium,0,medium
C000881,4,N,medium,0,medium
C000882,2,N,short,0,medium
C000883,4,N,medium,0,medium
C000884,4,N,medium,0,medium
C000885,3,N,medium,0,medium
C000886,2,N,short,0,medium
C000887,2,N,short,0,medium
C000888,3,N,medium,0,medium
C000889,3,Y,medium,1,high
C000890,4,N,medium,0,medium
C000891,4,N,medium,0,medium
C000892,3,N,medium,0,medium
C000893,3,N,medium,0,medium
C000894,3,Y,medium,1,high
C000895,2,N,short,0,medium
C000896,3,Y,medium,1,high
C000897,3,Y,medium,1,high
C000898,3,N,medium,0,medium
C000899,4,Y,medium,1,high
C000900,4,N,medium,0,medium
C000901,2,N,short,0,medium
C000902,3,N,medium,0,medium
C000903,2,N,short,0,medium
C000904,4,N,medium,0,medium
C000905,4,N,medium,0,medium
C000906,3,N,medium,0,medium
C000907,4,Y,medium,1,high
C000908,4,Y,medium,1,high
C000909,4,N,medium,0,medium
C000910,2,N,short,0,medium
C000911,2,N,short,0,medium
C000912,4,N,medium,0,medium
C000913,4,N,medium,0,medium
C000914,3,N,medium,0,medium
C000915,2,N,short,0,medium
C000916,2,Y,short,1,high
C000917,2,N,short,0,medium
C000918,2,Y,short,1,high
C000919,2,Y,short,1,high
C000920,3,N,medium,0,medium
C000921,3,N,medium,0,medium
C000922,2,N,short,0,medium
C000923,2,N,short,0,medium
C000924,3,N,medium,0,medium
C000925,4,N,medium,0,medium
C000926,3,N,medium,0,medium
C000927,2,N,short,0,medium
C000928,3,N,medium,0,medium
C000929,4,N,medium,0,medium
C000930,3,N,medium,0,medium
C000931,3,N,medium,0,medium
C000932,3,N,medium,0,medium
C000933,2,N,short,0,medium
C000934,2,N,short,0,medium
C000935,4,N,medium,0,medium
C000936,2,N,short,0,medium
C000937,3,Y,medium,1,high
C000938,2,N,short,0,medium
C000939,2,N,short,0,medium
C000940,2,N,short,0,medium
C000941,2,N,short,0,medium
C000942,4,N,medium,0,medium
C000943,3,Y,medium,1,high
C000944,3,N,medium,0,medium
C000945,4,N,medium,0,medium
C000946,3,N,medium,0,medium
C000947,3,N,medium,0,medium
C000948,3,N,medium,0,medium
C000949,2,Y,short,1,high
C000950,4,N,medium,0,medium
C000951,3,N,medium,0,medium
C000952,2,N,short,0,medium
C000953,3,N,medium,0,medium
C000954,2,N,short,0,medium
C000955,3,N,medium,0,medium
C000956,3,Y,medium,1,high
C000957,2,N,short,0,medium
C000958,4,N,medium,0,medium
C000959,4,N,medium,0,medium
C000960,4,N,medium,0,medium
C000961,3,N,medium,0,medium
C000962,2,N,short,0,medium
C000963,4,Y,medium,1,high
C000964,2,N,short,0,medium
C000965,4,N,medium,0,medium
C000966,3,N,medium,0,medium
C000967,4,Y,medium,1,high
C000968,4,N,medium,0,medium
C000969,3,Y,medium,1,high
C000970,4,N,medium,0,medium
C000971,2,N,short,0,medium
C000972,4,N,medium,0,medium
C000973,2,N,short,0,medium
C000974,2,Y,short,1,high
C000975,2,N,short,0,medium
C000976,4,Y,medium,1,high
C000977,2,N,short,0,medium
C000978,3,N,medium,0,medium
C000979,2,Y,short,1,high
C000980,2,N,short,0,medium
C000981,3,Y,medium,1,high
C000982,3,N,medium,0,medium
C000983,2,Y,short,1,high
C000984,4,N,medium,0,medium
C000985,4,N,medium,0,medium
C000986,2,Y,short,1,high
C000987,4,N,medium,0,medium
C000988,3,N,medium,0,medium
C000989,2,N,short,0,medium
C000990,2,N,short,0,medium
C000991,4,N,medium,0,medium
C000992,4,Y,medium,1,high
C000993,4,N,medium,0,medium
C000994,4,Y,medium,1,high
C000995,2,N,short,0,medium
C000996,3,N,medium,0,medium
C000997,2,N,short,0,medium
C000998,3,N,medium,0,medium
C000999,2,N,short,0,medium
C001000,4,N,medium,0,medium
C001001,4,N,medium,0,medium
C001002,3,N,medium,0,medium
C001003,2,N,short,0,medium
C001004,4,N,medium,0,medium
C001005,2,N,short,0,medium
C001006,3,Y,medium,1,high
C001007,4,N,medium,0,medium
C001008,3,N,medium,0,medium
C001009,2,Y,short,1,high
C001010,3,N,medium,0,medium
C001011,4,Y,medium,1,high
C001012,3,N,medium,0,medium
C001013,4,N,medium,0,medium
C001014,4,N,medium,0,medium
C001015,3,N,medium,0,medium
C001016,3,Y,medium,1,high
C001017,3,N,medium,0,medium
C001018,3,N,medium,0,medium
C001019,4,Y,medium,1,high
C001020,3,N,medium,0,medium
C001021,4,N,medium,0,medium
C001022,2,Y,short,1,high
C001023,3,N,medium,0,medium
C001024,2,N,short,0,medium
C001025,2,N,short,0,medium
C001026,2,Y,short,1,high
C001027,2,N,short,0,medium
C001028,4,N,medium,0,medium
C001029,2,N,short,0,medium
C001030,4,Y,medium,1,high
C001031,2,N,short,0,medium
C001032,2,N,short,0,medium
C001033,2,N,short,0,medium
C001034,4,Y,medium,1,high
C001035,4,Y,medium,1,high
C001036,2,Y,short,1,high
C001037,3,N,medium,0,medium
C001038,2,N,short,0,medium
C001039,2,N,short,0,medium
C001040,2,N,short,0,medium
C001041,3,N,medium,0,medium
C001042,4,N,medium,0,medium
C001043,3,N,medium,0,medium
C001044,2,N,short,0,medium
C001045,3,N,medium,0,medium
C001046,2,N,short,0,medium
C001047,4,N,medium,0,medium
C001048,2,N,short,0,medium
C001049,3,N,medium,0,medium
C001050,2,N,short,0,medium
C001051,4,N,medium,0,medium
C001052,3,N,medium,0,medium
C001053,2,N,short,0,medium
C001054,4,N,medium,0,medium
C001055,2,N,short,0,medium
C001056,2,N,short,0,medium
C001057,4,N,medium,0,medium
C001058,4,N,medium,0,medium
C001059,4,N,medium,0,medium
C001060,3,N,medium,0,medium
C001061,3,Y,medium,1,high
C001062,4,N,medium,0,medium
C001063,3,N,medium,0,medium
C001064,4,N,medium,0,medium
C001065,3,N,medium,0,medium
C001066,3,Y,medium,1,high
C001067,3,N,medium,0,medium
C001068,3,N,medium,0,medium
C001069,4,N,medium,0,medium
C001070,3,N,medium,0,medium
C001071,3,N,medium,0,medium
C001072,2,N,short,0,medium
C001073,3,N,medium,0,medium
C001074,3,Y,medium,1,high
C001075,2,N,short,0,medium
C001076,4,N,medium,0,medium
C001077,2,N,short,0,medium
C001078,3,N,medium,0,medium
C001079,4,Y,medium,1,high
C001080,3,N,medium,0,medium
C001081,4,N,medium,0,medium
C001082,2,N,short,0,medium
C001083,2,N,short,0,medium
C001084,2,N,short,0,medium
C001085,4,N,medium,0,medium
C001086,2,N,short,0,medium
C001087,2,Y,short,1,high
C001088,4,Y,medium,1,high
C001089,3,Y,medium,1,high
C001090,4,N,medium,0,medium
C001091,2,N,short,0,medium
C001092,4,N,medium,0,medium
C001093,4,N,medium,0,medium
C001094,4,N,medium,0,medium
C001095,4,N,medium,0,medium
C001096,3,N,medium,0,medium
C001097,4,N,medium,0,medium
C001098,4,N,medium,0,medium
C001099,2,N,short,0,medium
C001100,4,N,medium,0,medium
C001101,2,N,short,0,medium
C001102,3,N,medium,0,medium
C001103,4,Y,medium,1,high
C001104,4,N,medium,0,medium
C001105,4,N,medium,0,medium
C001106,2,N,short,0,medium
C001107,2,N,short,0,medium
C001108,2,N,short,0,medium
C001109,3,Y,medium,1,high
C001110,2,N,short,0,medium
C001111,2,N,short,0,medium
C001112,2,N,short,0,medium
C001113,3,N,medium,0,medium
C001114,4,N,medium,0,medium
C001115,2,N,short,0,medium
C001116,4,N,medium,0,medium
C001117,3,N,medium,0,medium
C001118,2,N,short,0,medium
C001119,2,Y,short,1,high
C001120,2,N,short,0,medium
C001121,4,N,medium,0,medium
C001122,3,N,medium,0,medium
C001123,4,N,medium,0,medium
C001124,3,N,medium,0,medium
C001125,2,N,short,0,medium
C001126,4,N,medium,0,medium
C001127,3,N,medium,0,medium
C001128,3,N,medium,0,medium
C001129,2,Y,short,1,high
C001130,2,N,short,0,medium
C001131,4,N,medium,0,medium
C001132,2,Y,short,1,high
C001133,2,Y,short,1,high
C001134,4,Y,medium,1,high
C001135,4,N,medium,0,medium
C001136,3,N,medium,0,medium
C001137,4,N,medium,0,medium
C001138,2,N,short,0,medium
C001139,3,N,medium,0,medium
C001140,4,N,medium,0,medium
C001141,2,Y,short,1,high
C001142,2,N,short,0,medium
C001143,2,N,short,0,medium
C001144,4,Y,medium,1,high
C001145,3,N,medium,0,medium
C001146,2,N,short,0,medium
C001147,3,N,medium,0,medium
C001148,3,N,medium,0,medium
C001149,2,N,short,0,medium
C001150,3,N,medium,0,medium
C001151,3,N,medium,0,medium
C001152,4,N,medium,0,medium
C001153,2,Y,short,1,high
C001154,4,N,medium,0,medium
C001155,3,Y,medium,1,high
C001156,3,N,medium,0,medium
C001157,3,N,medium,0,medium
C001158,2,N,short,0,medium
C001159,3,N,medium,0,medium
C001160,3,N,medium,0,medium
C001161,4,Y,medium,1,high
C001162,4,N,medium,0,medium
C001163,2,N,short,0,medium
C001164,2,N,short,0,medium
C001165,4,N,medium,0,medium
C001166,3,N,medium,0,medium
C001167,2,N,short,0,medium
C001168,4,N,medium,0,medium
C001169,4,Y,medium,1,high
C001170,2,N,short,0,medium
C001171,2,Y,short,1,high
C001172,3,Y,medium,1,high
C001173,3,N,medium,0,medium
C001174,3,Y,medium,1,high
C001175,2,N,short,0,medium
C001176,3,Y,medium,1,high
C001177,3,N,medium,0,medium
C001178,4,N,medium,0,medium
C001179,4,N,medium,0,medium
C001180,4,N,medium,0,medium
C001181,3,N,medium,0,medium
C001182,4,Y,medium,1,high
C001183,4,N,medium,0,medium
C001184,3,N,medium,0,medium
C001185,3,N,medium,0,medium
C001186,2,N,short,0,medium
C001187,3,N,medium,0,medium
C001188,4,Y,medium,1,high
C001189,4,N,medium,0,medium
C001190,2,Y,short,1,high
C001191,3,N,medium,0,medium
C001192,4,N,medium,0,medium
C001193,2,Y,short,1,high
C001194,3,Y,medium,1,high
C001195,2,N,short,0,medium
C001196,4,N,medium,0,medium
C001197,3,N,medium,0,medium
C001198,4,N,medium,0,medium
C001199,4,N,medium,0,medium
C001200,3,Y,medium,1,high
C001201,3,N,medium,0,medium
C001202,4,N,medium,0,medium
C001203,3,N,medium,0,medium
C001204,2,N,short,0,medium
C001205,4,N,medium,0,medium
C001206,2,Y,short,1,high
C001207,4,N,medium,0,medium
C001208,4,N,medium,0,medium
C001209,4,N,medium,0,medium
C001210,3,N,medium,0,medium
C001211,3,N,medium,0,medium
C001212,3,Y,medium,1,high
C001213,2,N,short,0,medium
C001214,2,N,short,0,medium
C001215,4,N,medium,0,medium
C001216,4,N,medium,0,medium
C001217,3,N,medium,0,medium
C001218,4,N,medium,0,medium
C001219,2,N,short,0,medium
C001220,3,Y,medium,1,high
C001221,2,N,short,0,medium
C001222,3,Y,medium,1,high
C001223,3,Y,medium,1,high
C001224,2,N,short,0,medium
C001225,2,N,short,0,medium
C001226,3,N,medium,0,medium
C001227,4,N,medium,0,medium
C001228,2,Y,short,1,high
C001229,3,N,medium,0,medium
C001230,4,N,medium,0,medium
C001231,3,N,medium,0,medium
C001232,2,Y,short,1,high
C001233,3,N,medium,0,medium
C001234,2,N,short,0,medium
C001235,3,N,medium,0,medium
C001236,3,N,medium,0,medium
C001237,2,N,short,0,medium
C001238,2,N,short,0,medium
C001239,2,N,short,0,medium
C001240,4,N,medium,0,medium
C001241,2,N,short,0,medium
C001242,2,N,short,0,medium
C001243,4,N,medium,0,medium
C001244,3,Y,medium,1,high
C001245,2,N,short,0,medium
C001246,3,Y,medium,1,high
C001247,4,N,medium,0,medium
C001248,3,N,medium,0,medium
C001249,2,N,short,0,medium
C001250,4,N,medium,0,medium
C001251,2,Y,short,1,high
C001252,3,Y,medium,1,high
C001253,2,N,short,0,medium
C001254,3,N,medium,0,medium
C001255,2,Y,short,1,high
C001256,4,N,medium,0,medium
C001257,4,N,medium,0,medium
C001258,3,N,medium,0,medium
C001259,4,N,medium,0,medium
C001260,2,Y,short,1,high
C001261,3,N,medium,0,medium
C001262,2,Y,short,1,high
C001263,3,Y,medium,1,high
C001264,2,N,short,0,medium
C001265,3,N,medium,0,medium
C001266,3,N,medium,0,medium
C001267,4,Y,medium,1,high
C001268,4,N,medium,0,medium
C001269,4,N,medium,0,medium
C001270,4,N,medium,0,medium
C001271,2,N,short,0,medium
C001272,4,N,medium,0,medium
C001273,3,Y,medium,1,high
C001274,2,N,short,0,medium
C001275,2,Y,short,1,high
C001276,3,N,medium,0,medium
C001277,2,N,short,0,medium
C001278,3,N,medium,0,medium
C001279,4,N,medium,0,medium
C001280,3,N,medium,0,medium
C001281,3,N,medium,0,medium
C001282,2,N,short,0,medium
C001283,4,N,medium,0,medium
C001284,2,N,short,0,medium
C001285,3,N,medium,0,medium
C001286,2,Y,short,1,high
C001287,2,N,short,0,medium
C001288,3,N,medium,0,medium
C001289,4,N,medium,0,medium
C001290,2,N,short,0,medium
C001291,4,N,medium,0,medium
C001292,4,N,medium,0,medium
C001293,3,N,medium,0,medium
C001294,2,Y,short,1,high
C001295,3,N,medium,0,medium
C001296,2,N,short,0,medium
C001297,4,N,medium,0,medium
C001298,3,N,medium,0,medium
C001299,3,N,medium,0,medium
C001300,4,N,medium,0,medium
C001301,2,N,short,0,medium
C001302,3,N,medium,0,medium
C001303,2,N,short,0,medium
C001304,4,N,medium,0,medium
C001305,3,N,medium,0,medium
C001306,3,Y,medium,1,high
C001307,3,N,medium,0,medium
C001308,4,N,medium,0,medium
C001309,3,N,medium,0,medium
C001310,3,N,medium,0,medium
C001311,2,N,short,0,medium
C001312,3,N,medium,0,medium
C001313,2,N,short,0,medium
C001314,4,Y,medium,1,high
C001315,2,Y,short,1,high
C001316,3,Y,medium,1,high
C001317,3,N,medium,0,medium
C001318,4,Y,medium,1,high
C001319,4,N,medium,0,medium
C001320,3,N,medium,0,medium
C001321,2,N,short,0,medium
C001322,4,N,medium,0,medium
C001323,2,Y,short,1,high
C001324,2,N,short,0,medium
C001325,4,N,medium,0,medium
C001326,2,Y,short,1,high
C001327,3,N,medium,0,medium
C001328,2,N,short,0,medium
C001329,2,N,short,0,medium
C001330,2,N,short,0,medium
C001331,2,N,short,0,medium
C001332,3,N,medium,0,medium
C001333,3,Y,medium,1,high
C001334,2,N,short,0,medium
C001335,4,Y,medium,1,high
C001336,4,N,medium,0,medium
C001337,3,Y,medium,1,high
C001338,2,N,short,0,medium
C001339,3,N,medium,0,medium
C001340,2,Y,short,1,high
C001341,2,N,short,0,medium
C001342,3,Y,medium,1,high
C001343,3,N,medium,0,medium
C001344,2,N,short,0,medium
C001345,4,N,medium,0,medium
C001346,4,N,medium,0,medium
C001347,3,N,medium,0,medium
C001348,4,N,medium,0,medium
C001349,4,Y,medium,1,high
C001350,4,N,medium,0,medium
C001351,2,N,short,0,medium
C001352,4,N,medium,0,medium
C001353,3,N,medium,0,medium
C001354,4,Y,medium,1,high
C001355,3,N,medium,0,medium
C001356,4,N,medium,0,medium
C001357,3,N,medium,0,medium
C001358,2,N,short,0,medium
C001359,4,N,medium,0,medium
C001360,2,Y,short,1,high
C001361,2,N,short,0,medium
C001362,2,N,short,0,medium
C001363,4,N,medium,0,medium
C001364,2,N,short,0,medium
C001365,4,N,medium,0,medium
C001366,2,N,short,0,medium
C001367,3,N,medium,0,medium
C001368,2,N,short,0,medium
C001369,2,N,short,0,medium
C001370,4,N,medium,0,medium
C001371,4,N,medium,0,medium
C001372,3,Y,medium,1,high
C001373,3,Y,medium,1,high
C001374,3,N,medium,0,medium
C001375,3,N,medium,0,medium
C001376,4,Y,medium,1,high
C001377,2,N,short,0,medium
C001378,4,N,medium,0,medium
C001379,2,N,short,0,medium
C001380,3,N,medium,0,medium
C001381,4,N,medium,0,medium
C001382,3,N,medium,0,medium
C001383,4,N,medium,0,medium
C001384,3,Y,medium,1,high
C001385,4,N,medium,0,medium
C001386,3,Y,medium,1,high
C001387,3,N,medium,0,medium
C001388,3,N,medium,0,medium
C001389,2,N,short,0,medium
C001390,3,Y,medium,1,high
C001391,2,Y,short,1,high
C001392,3,N,medium,0,medium
C001393,4,N,medium,0,medium
C001394,2,N,short,0,medium
C001395,3,N,medium,0,medium
C001396,2,N,short,0,medium
C001397,4,Y,medium,1,high
C001398,4,N,medium,0,medium
C001399,4,N,medium,0,medium
C001400,2,N,short,0,medium
C001401,2,N,short,0,medium
C001402,3,N,medium,0,medium
C001403,2,N,short,0,medium
C001404,3,N,medium,0,medium
C001405,3,N,medium,0,medium
C001406,3,N,medium,0,medium
C001407,3,N,medium,0,medium
C001408,2,Y,short,1,high
C001409,2,N,short,0,medium
C001410,2,N,short,0,medium
C001411,4,Y,medium,1,high
C001412,3,N,medium,0,medium
C001413,3,N,medium,0,medium
C001414,3,Y,medium,1,high
C001415,4,N,medium,0,medium
C001416,3,N,medium,0,medium
C001417,2,N,short,0,medium
C001418,3,N,medium,0,medium
C001419,2,N,short,0,medium
C001420,3,N,medium,0,medium
C001421,3,N,medium,0,medium
C001422,4,N,medium,0,medium
C001423,3,N,medium,0,medium
C001424,2,N,short,0,medium
C001425,3,N,medium,0,medium
C001426,4,N,medium,0,medium
C001427,3,Y,medium,1,high
C001428,4,N,medium,0,medium
C001429,4,Y,medium,1,high
C001430,3,N,medium,0,medium
C001431,3,N,medium,0,medium
C001432,3,N,medium,0,medium
C001433,4,N,medium,0,medium
C001434,2,N,short,0,medium
C001435,2,N,short,0,medium
C001436,4,N,medium,0,medium
C001437,2,N,short,0,medium
C001438,3,N,medium,0,medium
C001439,3,N,medium,0,medium
C001440,2,N,short,0,medium
C001441,2,N,short,0,medium
C001442,3,N,medium,0,medium
C001443,4,N,medium,0,medium
C001444,3,N,medium,0,medium
C001445,4,N,medium,0,medium
C001446,4,Y,medium,1,high
C001447,3,N,medium,0,medium
C001448,2,N,short,0,medium
C001449,4,N,medium,0,medium
C001450,2,Y,short,1,high
C001451,4,N,medium,0,medium
C001452,4,N,medium,0,medium
C001453,2,N,short,0,medium
C001454,2,N,short,0,medium
C001455,2,N,short,0,medium
C001456,2,N,short,0,medium
C001457,3,Y,medium,1,high
C001458,4,Y,medium,1,high
C001459,2,N,short,0,medium
C001460,3,N,medium,0,medium
C001461,3,N,medium,0,medium
C001462,3,N,medium,0,medium
C001463,3,N,medium,0,medium
C001464,3,N,medium,0,medium
C001465,4,N,medium,0,medium
C001466,4,N,medium,0,medium
C001467,2,N,short,0,medium
C001468,2,Y,short,1,high
C001469,2,N,short,0,medium
C001470,4,N,medium,0,medium
C001471,2,N,short,0,medium
C001472,4,N,medium,0,medium
C001473,3,N,medium,0,medium
C001474,4,N,medium,0,medium
C001475,4,Y,medium,1,high
C001476,2,N,short,0,medium
C001477,4,Y,medium,1,high
C001478,2,N,short,0,medium
C001479,3,N,medium,0,medium
C001480,4,N,medium,0,medium
C001481,4,Y,medium,1,high
C001482,4,N,medium,0,medium
C001483,2,N,short,0,medium
C001484,4,N,medium,0,medium
C001485,2,N,short,0,medium
C001486,3,N,medium,0,medium
C001487,3,Y,medium,1,high
C001488,2,N,short,0,medium
C001489,4,N,medium,0,medium
C001490,3,N,medium,0,medium
C001491,4,N,medium,0,medium
C001492,4,N,medium,0,medium
C001493,4,N,medium,0,medium
C001494,4,N,medium,0,medium
C001495,2,N,short,0,medium
C001496,3,N,medium,0,medium
C001497,3,N,medium,0,medium
C001498,2,N,short,0,medium
C001499,2,N,short,0,medium
C001500,4,N,medium,0,medium
C001501,4,Y,medium,1,high
C001502,3,N,medium,0,medium
C001503,2,Y,short,1,high
C001504,2,Y,short,1,high
C001505,3,N,medium,0,medium
C001506,4,N,medium,0,medium
C001507,2,Y,short,1,high
C001508,4,N,medium,0,medium
C001509,4,N,medium,0,medium
C001510,2,N,short,0,medium
C001511,3,N,medium,0,medium
C001512,2,N,short,0,medium
C001513,2,N,short,0,medium
C001514,3,N,medium,0,medium
C001515,4,N,medium,0,medium
C001516,2,N,short,0,medium
C001517,3,Y,medium,1,high
C001518,3,N,medium,0,medium
C001519,3,N,medium,0,medium
C001520,4,N,medium,0,medium
C001521,4,N,medium,0,medium
C001522,4,Y,medium,1,high
C001523,2,N,short,0,medium
C001524,3,N,medium,0,medium
C001525,4,Y,medium,1,high
C001526,3,N,medium,0,medium
C001527,4,N,medium,0,medium
C001528,4,N,medium,0,medium
C001529,4,N,medium,0,medium
C001530,4,N,medium,0,medium
C001531,2,Y,short,1,high
C001532,3,N,medium,0,medium
C001533,4,N,medium,0,medium
C001534,4,N,medium,0,medium
C001535,4,N,medium,0,medium
C001536,3,N,medium,0,medium
C001537,2,Y,short,1,high
C001538,4,Y,medium,1,high
C001539,4,N,medium,0,medium
C001540,3,N,medium,0,medium
C001541,4,N,medium,0,medium
C001542,4,N,medium,0,medium
C001543,4,N,medium,0,medium
C001544,3,N,medium,0,medium
C001545,3,N,medium,0,medium
C001546,4,Y,medium,1,high
C001547,2,N,short,0,medium
C001548,3,N,medium,0,medium
C001549,4,Y,medium,1,high
C001550,2,N,short,0,medium
C001551,4,N,medium,0,medium
C001552,3,N,medium,0,medium
C001553,3,Y,medium,1,high
C001554,4,N,medium,0,medium
C001555,3,N,medium,0,medium
C001556,3,N,medium,0,medium
C001557,3,N,medium,0,medium
C001558,4,N,medium,0,medium
C001559,4,Y,medium,1,high
C001560,3,Y,medium,1,high
C001561,3,Y,medium,1,high
C001562,2,N,short,0,medium
C001563,3,N,medium,0,medium
C001564,3,N,medium,0,medium
C001565,2,N,short,0,medium
C001566,4,N,medium,0,medium
C001567,4,N,medium,0,medium
C001568,2,Y,short,1,high
C001569,3,N,medium,0,medium
C001570,4,Y,medium,1,high
C001571,3,N,medium,0,medium
C001572,4,N,medium,0,medium
C001573,2,N,short,0,medium
C001574,4,Y,medium,1,high
C001575,2,N,short,0,medium
C001576,2,N,short,0,medium
C001577,2,N,short,0,medium
C001578,4,N,medium,0,medium
C001579,4,N,medium,0,medium
C001580,4,N,medium,0,medium
C001581,2,N,short,0,medium
C001582,4,N,medium,0,medium
C001583,3,N,medium,0,medium
C001584,4,N,medium,0,medium
C001585,3,N,medium,0,medium
C001586,2,Y,short,1,high
C001587,2,N,short,0,medium
C001588,3,N,medium,0,medium
C001589,2,N,short,0,medium
C001590,4,N,medium,0,medium
C001591,2,Y,short,1,high
C001592,2,Y,short,1,high
C001593,3,N,medium,0,medium
C001594,2,N,short,0,medium
C001595,2,N,short,0,medium
C001596,3,N,medium,0,medium
C001597,4,N,medium,0,medium
C001598,3,Y,medium,1,high
C001599,4,N,medium,0,medium
C001600,2,Y,short,1,high
C001601,4,Y,medium,1,high
C001602,3,N,medium,0,medium
C001603,2,N,short,0,medium
C001604,4,N,medium,0,medium
C001605,2,N,short,0,medium
C001606,4,Y,medium,1,high
C001607,2,N,short,0,medium
C001608,2,N,short,0,medium
C001609,3,N,medium,0,medium
C001610,3,N,medium,0,medium
C001611,4,Y,medium,1,high
C001612,2,N,short,0,medium
C001613,3,N,medium,0,medium
C001614,4,N,medium,0,medium
C001615,2,N,short,0,medium
C001616,2,N,short,0,medium
C001617,3,N,medium,0,medium
C001618,2,N,short,0,medium
C001619,4,N,medium,0,medium
C001620,3,N,medium,0,medium
C001621,3,N,medium,0,medium
C001622,3,Y,medium,1,high
C001623,4,Y,medium,1,high
C001624,2,Y,short,1,high
C001625,2,N,short,0,medium
C001626,4,N,medium,0,medium
C001627,3,N,medium,0,medium
C001628,2,Y,short,1,high
C001629,4,Y,medium,1,high
C001630,4,N,medium,0,medium
C001631,2,N,short,0,medium
C001632,3,N,medium,0,medium
C001633,2,Y,short,1,high
C001634,2,N,short,0,medium
C001635,3,N,medium,0,medium
C001636,3,N,medium,0,medium
C001637,2,N,short,0,medium
C001638,4,Y,medium,1,high
C001639,3,N,medium,0,medium
C001640,4,N,medium,0,medium
C001641,3,N,medium,0,medium
C001642,4,Y,medium,1,high
C001643,3,N,medium,0,medium
C001644,4,N,medium,0,medium
C001645,2,N,short,0,medium
C001646,2,Y,short,1,high
C001647,4,N,medium,0,medium
C001648,4,N,medium,0,medium
C001649,3,N,medium,0,medium
C001650,4,Y,medium,1,high
C001651,4,N,medium,0,medium
C001652,4,N,medium,0,medium
C001653,2,Y,short,1,high
C001654,3,N,medium,0,medium
C001655,2,N,short,0,medium
C001656,3,N,medium,0,medium
C001657,2,N,short,0,medium
C001658,3,N,medium,0,medium
C001659,3,N,medium,0,medium
C001660,2,N,short,0,medium
C001661,4,Y,medium,1,high
C001662,3,N,medium,0,medium
C001663,2,N,short,0,medium
C001664,3,N,medium,0,medium
C001665,3,N,medium,0,medium
C001666,4,N,medium,0,medium
C001667,3,N,medium,0,medium
C001668,2,Y,short,1,high
C001669,3,N,medium,0,medium
C001670,4,N,medium,0,medium
C001671,4,N,medium,0,medium
C001672,3,N,medium,0,medium
C001673,3,N,medium,0,medium
C001674,2,N,short,0,medium
C001675,2,N,short,0,medium
C001676,2,N,short,0,medium
C001677,2,N,short,0,medium
C001678,4,N,medium,0,medium
C001679,3,N,medium,0,medium
C001680,4,N,medium,0,medium
C001681,3,N,medium,0,medium
C001682,3,Y,medium,1,high
C001683,3,Y,medium,1,high
C001684,2,N,short,0,medium
C001685,3,N,medium,0,medium
C001686,3,N,medium,0,medium
C001687,3,N,medium,0,medium
C001688,2,Y,short,1,high
C001689,2,N,short,0,medium
C001690,4,N,medium,0,medium
C001691,3,N,medium,0,medium
C001692,2,Y,short,1,high
C001693,3,N,medium,0,medium
C001694,3,N,medium,0,medium
C001695,3,N,medium,0,medium
C001696,2,N,short,0,medium
C001697,4,N,medium,0,medium
C001698,3,N,medium,0,medium
C001699,2,N,short,0,medium
C001700,3,Y,medium,1,high
C001701,3,N,medium,0,medium
C001702,2,N,short,0,medium
C001703,3,N,medium,0,medium
C001704,2,N,short,0,medium
C001705,2,N,short,0,medium
C001706,3,N,medium,0,medium
C001707,4,N,medium,0,medium
C001708,2,N,short,0,medium
C001709,2,N,short,0,medium
C001710,2,N,short,0,medium
C001711,3,N,medium,0,medium
C001712,3,N,medium,0,medium
C001713,2,N,short,0,medium
C001714,3,N,medium,0,medium
C001715,4,N,medium,0,medium
C001716,4,Y,medium,1,high
C001717,4,N,medium,0,medium
C001718,3,N,medium,0,medium
C001719,2,Y,short,1,high
C001720,2,N,short,0,medium
C001721,3,N,medium,0,medium
C001722,4,N,medium,0,medium
C001723,2,Y,short,1,high
C001724,2,N,short,0,medium
C001725,2,Y,short,1,high
C001726,3,N,medium,0,medium
C001727,2,N,short,0,medium
C001728,4,N,medium,0,medium
C001729,3,N,medium,0,medium
C001730,2,N,short,0,medium
C001731,4,N,medium,0,medium
C001732,3,Y,medium,1,high
C001733,2,N,short,0,medium
C001734,2,N,short,0,medium
C001735,2,Y,short,1,high
C001736,2,N,short,0,medium
C001737,2,N,short,0,medium
C001738,3,N,medium,0,medium
C001739,2,Y,short,1,high
C001740,3,Y,medium,1,high
C001741,3,N,medium,0,medium
C001742,2,Y,short,1,high
C001743,2,N,short,0,medium
C001744,4,N,medium,0,medium
C001745,2,N,short,0,medium
C001746,3,N,medium,0,medium
C001747,4,Y,medium,1,high
C001748,2,Y,short,1,high
C001749,2,Y,short,1,high
C001750,2,N,short,0,medium
C001751,2,N,short,0,medium
C001752,4,N,medium,0,medium
C001753,4,N,medium,0,medium
C001754,4,N,medium,0,medium
C001755,4,N,medium,0,medium
C001756,4,N,medium,0,medium
C001757,4,N,medium,0,medium
C001758,3,N,medium,0,medium
C001759,2,N,short,0,medium
C001760,2,N,short,0,medium
C001761,4,N,medium,0,medium
C001762,4,N,medium,0,medium
C001763,4,N,medium,0,medium
C001764,4,N,medium,0,medium
C001765,2,N,short,0,medium
C001766,4,Y,medium,1,high
C001767,4,Y,medium,1,high
C001768,2,N,short,0,medium
C001769,4,N,medium,0,medium
C001770,3,N,medium,0,medium
C001771,3,N,medium,0,medium
C001772,2,N,short,0,medium
C001773,2,Y,short,1,high
C001774,3,N,medium,0,medium
C001775,4,N,medium,0,medium
C001776,4,N,medium,0,medium
C001777,4,N,medium,0,medium
C001778,2,N,short,0,medium
C001779,3,N,medium,0,medium
C001780,3,N,medium,0,medium
C001781,2,N,short,0,medium
C001782,4,N,medium,0,medium
C001783,3,N,medium,0,medium
C001784,3,Y,medium,1,high
C001785,3,Y,medium,1,high
C001786,2,N,short,0,medium
C001787,2,N,short,0,medium
C001788,2,N,short,0,medium
C001789,3,N,medium,0,medium
C001790,3,N,medium,0,medium
C001791,2,Y,short,1,high
C001792,4,N,medium,0,medium
C001793,3,N,medium,0,medium
C001794,2,N,short,0,medium
C001795,2,N,short,0,medium
C001796,3,Y,medium,1,high
C001797,4,N,medium,0,medium
C001798,3,Y,medium,1,high
C001799,3,Y,medium,1,high
C001800,4,N,medium,0,medium
C001801,2,Y,short,1,high
C001802,4,Y,medium,1,high
C001803,4,N,medium,0,medium
C001804,2,N,short,0,medium
C001805,4,N,medium,0,medium
C001806,4,N,medium,0,medium
C001807,3,N,medium,0,medium
C001808,2,Y,short,1,high
C001809,2,Y,short,1,high
C001810,4,N,medium,0,medium
C001811,4,Y,medium,1,high
C001812,4,N,medium,0,medium
C001813,4,N,medium,0,medium
C001814,4,Y,medium,1,high
C001815,2,N,short,0,medium
C001816,4,N,medium,0,medium
C001817,4,Y,medium,1,high
C001818,4,Y,medium,1,high
C001819,3,N,medium,0,medium
C001820,4,N,medium,0,medium
C001821,3,N,medium,0,medium
C001822,2,N,short,0,medium
C001823,2,N,short,0,medium
C001824,2,N,short,0,medium
C001825,4,N,medium,0,medium
C001826,4,Y,medium,1,high
C001827,3,N,medium,0,medium
C001828,3,Y,medium,1,high
C001829,4,N,medium,0,medium
C001830,2,Y,short,1,high
C001831,2,Y,short,1,high
C001832,2,N,short,0,medium
C001833,4,N,medium,0,medium
C001834,2,Y,short,1,high
C001835,3,N,medium,0,medium
C001836,3,N,medium,0,medium
C001837,2,N,short,0,medium
C001838,2,N,short,0,medium
C001839,2,N,short,0,medium
C001840,3,Y,medium,1,high
C001841,4,N,medium,0,medium
C001842,4,N,medium,0,medium
C001843,4,N,medium,0,medium
C001844,4,Y,medium,1,high
C001845,4,N,medium,0,medium
C001846,2,N,short,0,medium
C001847,2,N,short,0,medium
C001848,4,N,medium,0,medium
C001849,4,N,medium,0,medium
C001850,2,Y,short,1,high
C001851,2,N,short,0,medium
C001852,2,N,short,0,medium
C001853,4,N,medium,0,medium
C001854,2,N,short,0,medium
C001855,3,N,medium,0,medium
C001856,3,Y,medium,1,high
C001857,3,N,medium,0,medium
C001858,3,N,medium,0,medium
C001859,3,N,medium,0,medium
C001860,2,N,short,0,medium
C001861,2,N,short,0,medium
C001862,3,N,medium,0,medium
C001863,4,N,medium,0,medium
C001864,2,N,short,0,medium
C001865,3,N,medium,0,medium
C001866,2,N,short,0,medium
C001867,3,N,medium,0,medium
C001868,3,N,medium,0,medium
C001869,3,N,medium,0,medium
C001870,4,N,medium,0,medium
C001871,4,N,medium,0,medium
C001872,4,N,medium,0,medium
C001873,4,N,medium,0,medium
C001874,3,Y,medium,1,high
C001875,2,N,short,0,medium
C001876,2,N,short,0,medium
C001877,4,N,medium,0,medium
C001878,4,N,medium,0,medium
C001879,3,N,medium,0,medium
C001880,4,N,medium,0,medium
C001881,4,N,medium,0,medium
C001882,3,N,medium,0,medium
C001883,3,N,medium,0,medium
C001884,2,Y,short,1,high
C001885,3,N,medium,0,medium
C001886,3,N,medium,0,medium
C001887,4,N,medium,0,medium
C001888,4,N,medium,0,medium
C001889,3,N,medium,0,medium
C001890,3,N,medium,0,medium
C001891,2,N,short,0,medium
C001892,4,N,medium,0,medium
C001893,2,N,short,0,medium
C001894,3,N,medium,0,medium
C001895,4,Y,medium,1,high
C001896,4,N,medium,0,medium
C001897,2,N,short,0,medium
C001898,2,Y,short,1,high
C001899,3,N,medium,0,medium
C001900,3,N,medium,0,medium
C001901,3,N,medium,0,medium
C001902,3,N,medium,0,medium
C001903,2,N,short,0,medium
C001904,2,N,short,0,medium
C001905,2,N,short,0,medium
C001906,4,N,medium,0,medium
C001907,3,Y,medium,1,high
C001908,3,N,medium,0,medium
C001909,4,N,medium,0,medium
C001910,4,N,medium,0,medium
C001911,3,N,medium,0,medium
C001912,4,N,medium,0,medium
C001913,3,N,medium,0,medium
C001914,2,N,short,0,medium
C001915,2,N,short,0,medium
C001916,3,N,medium,0,medium
C001917,3,N,medium,0,medium
C001918,3,N,medium,0,medium
C001919,2,N,short,0,medium
C001920,2,Y,short,1,high
C001921,4,N,medium,0,medium
C001922,3,Y,medium,1,high
C001923,2,N,short,0,medium
C001924,4,Y,medium,1,high
C001925,4,N,medium,0,medium
C001926,3,N,medium,0,medium
C001927,3,N,medium,0,medium
C001928,2,N,short,0,medium
C001929,2,N,short,0,medium
C001930,4,N,medium,0,medium
C001931,4,N,medium,0,medium
C001932,4,Y,medium,1,high
C001933,2,N,short,0,medium
C001934,4,N,medium,0,medium
C001935,2,N,short,0,medium
C001936,2,N,short,0,medium
C001937,3,N,medium,0,medium
C001938,2,Y,short,1,high
C001939,2,N,short,0,medium
C001940,3,N,medium,0,medium
C001941,3,N,medium,0,medium
C001942,2,N,short,0,medium
C001943,3,N,medium,0,medium
C001944,3,N,medium,0,medium
C001945,3,N,medium,0,medium
C001946,3,N,medium,0,medium
C001947,4,N,medium,0,medium
C001948,2,N,short,0,medium
C001949,3,Y,medium,1,high
C001950,3,N,medium,0,medium
C001951,4,N,medium,0,medium
C001952,3,N,medium,0,medium
C001953,3,N,medium,0,medium
C001954,3,Y,medium,1,high
C001955,3,N,medium,0,medium
C001956,3,Y,medium,1,high
C001957,2,N,short,0,medium
C001958,4,N,medium,0,medium
C001959,4,N,medium,0,medium
C001960,3,N,medium,0,medium
C001961,3,N,medium,0,medium
C001962,4,N,medium,0,medium
C001963,2,N,short,0,medium
C001964,4,N,medium,0,medium
C001965,3,N,medium,0,medium
C001966,2,N,short,0,medium
C001967,3,N,medium,0,medium
C001968,4,Y,medium,1,high
C001969,4,N,medium,0,medium
C001970,2,N,short,0,medium
C001971,4,Y,medium,1,high
C001972,2,N,short,0,medium
C001973,2,N,short,0,medium
C001974,3,N,medium,0,medium
C001975,3,N,medium,0,medium
C001976,3,N,medium,0,medium
C001977,2,N,short,0,medium
C001978,4,N,medium,0,medium
C001979,3,N,medium,0,medium
C001980,4,N,medium,0,medium
C001981,2,N,short,0,medium
C001982,2,N,short,0,medium
C001983,2,N,short,0,medium
C001984,2,N,short,0,medium
C001985,4,N,medium,0,medium
C001986,3,N,medium,0,medium
C001987,4,N,medium,0,medium
C001988,2,N,short,0,medium
C001989,4,N,medium,0,medium
C001990,2,N,short,0,medium
C001991,3,N,medium,0,medium
C001992,3,N,medium,0,medium
C001993,4,N,medium,0,medium
C001994,3,Y,medium,1,high
C001995,2,N,short,0,medium
C001996,3,N,medium,0,medium
C001997,2,N,short,0,medium
C001998,2,N,short,0,medium
C001999,4,N,medium,0,medium
C002000,4,N,medium,0,medium
C002001,3,N,medium,0,medium
C002002,2,N,short,0,medium
C002003,4,N,medium,0,medium
C002004,3,N,medium,0,medium
C002005,4,N,medium,0,medium
C002006,2,N,short,0,medium
C002007,4,N,medium,0,medium
C002008,2,N,short,0,medium
C002009,2,N,short,0,medium
C002010,4,N,medium,0,medium
C002011,3,N,medium,0,medium
C002012,2,N,short,0,medium
C002013,3,N,medium,0,medium
C002014,3,N,medium,0,medium
C002015,4,N,medium,0,medium
C002016,2,N,short,0,medium
C002017,3,Y,medium,1,high
C002018,2,Y,short,1,high
C002019,3,N,medium,0,medium
C002020,4,Y,medium,1,high
C002021,4,N,medium,0,medium
C002022,3,N,medium,0,medium
C002023,3,Y,medium,1,high
C002024,3,N,medium,0,medium
C002025,3,N,medium,0,medium
C002026,3,N,medium,0,medium
C002027,3,N,medium,0,medium
C002028,4,Y,medium,1,high
C002029,2,N,short,0,medium
C002030,2,N,short,0,medium
C002031,3,N,medium,0,medium
C002032,4,Y,medium,1,high
C002033,2,N,short,0,medium
C002034,4,N,medium,0,medium
C002035,2,Y,short,1,high
C002036,2,N,short,0,medium
C002037,3,N,medium,0,medium
C002038,3,Y,medium,1,high
C002039,4,N,medium,0,medium
C002040,2,N,short,0,medium
C002041,4,Y,medium,1,high
C002042,4,N,medium,0,medium
C002043,2,N,short,0,medium
C002044,4,N,medium,0,medium
C002045,2,N,short,0,medium
C002046,4,N,medium,0,medium
C002047,4,N,medium,0,medium
C002048,3,N,medium,0,medium
C002049,2,Y,short,1,high
C002050,4,N,medium,0,medium
C002051,4,N,medium,0,medium
C002052,4,N,medium,0,medium
C002053,2,N,short,0,medium
C002054,4,N,medium,0,medium
C002055,2,Y,short,1,high
C002056,2,N,short,0,medium
C002057,2,N,short,0,medium
C002058,2,N,short,0,medium
C002059,3,N,medium,0,medium
C002060,2,N,short,0,medium
C002061,2,Y,short,1,high
C002062,4,N,medium,0,medium
C002063,4,N,medium,0,medium
C002064,4,N,medium,0,medium
C002065,3,Y,medium,1,high
C002066,2,N,short,0,medium
C002067,3,N,medium,0,medium
C002068,3,N,medium,0,medium
C002069,2,N,short,0,medium
C002070,2,Y,short,1,high
C002071,2,N,short,0,medium
C002072,4,N,medium,0,medium
C002073,4,N,medium,0,medium
C002074,4,Y,medium,1,high
C002075,2,N,short,0,medium
C002076,3,N,medium,0,medium
C002077,2,Y,short,1,high
C002078,2,Y,short,1,high
C002079,4,N,medium,0,medium
C002080,2,N,short,0,medium
C002081,3,Y,medium,1,high
C002082,4,N,medium,0,medium
C002083,2,N,short,0,medium
C002084,3,N,medium,0,medium
C002085,4,N,medium,0,medium
C002086,4,N,medium,0,medium
C002087,4,N,medium,0,medium
C002088,4,N,medium,0,medium
C002089,4,N,medium,0,medium
C002090,4,N,medium,0,medium
C002091,4,N,medium,0,medium
C002092,3,N,medium,0,medium
C002093,3,N,medium,0,medium
C002094,3,Y,medium,1,high
C002095,3,N,medium,0,medium
C002096,4,Y,medium,1,high
C002097,4,N,medium,0,medium
C002098,4,N,medium,0,medium
C002099,2,Y,short,1,high
C002100,3,N,medium,0,medium
C002101,2,N,short,0,medium
C002102,3,N,medium,0,medium
C002103,4,Y,medium,1,high
C002104,2,Y,short,1,high
C002105,2,Y,short,1,high
C002106,4,Y,medium,1,high
C002107,3,N,medium,0,medium
C002108,4,N,medium,0,medium
C002109,4,Y,medium,1,high
C002110,3,N,medium,0,medium
C002111,3,Y,medium,1,high
C002112,4,N,medium,0,medium
C002113,2,N,short,0,medium
C002114,2,Y,short,1,high
C002115,3,N,medium,0,medium
C002116,4,N,medium,0,medium
C002117,3,Y,medium,1,high
C002118,3,N,medium,0,medium
C002119,3,N,medium,0,medium
C002120,3,N,medium,0,medium
C002121,4,N,medium,0,medium
C002122,2,Y,short,1,high
C002123,2,N,short,0,medium
C002124,4,N,medium,0,medium
C002125,2,N,short,0,medium
C002126,2,Y,short,1,high
C002127,2,N,short,0,medium
C002128,4,N,medium,0,medium
C002129,4,N,medium,0,medium
C002130,4,N,medium,0,medium
C002131,4,Y,medium,1,high
C002132,4,N,medium,0,medium
C002133,2,N,short,0,medium
C002134,4,N,medium,0,medium
C002135,3,N,medium,0,medium
C002136,4,N,medium,0,medium
C002137,4,Y,medium,1,high
C002138,2,N,short,0,medium
C002139,4,N,medium,0,medium
C002140,4,N,medium,0,medium
C002141,4,Y,medium,1,high
C002142,4,Y,medium,1,high
C002143,4,N,medium,0,medium
C002144,3,Y,medium,1,high
C002145,3,N,medium,0,medium
C002146,4,Y,medium,1,high
C002147,2,N,short,0,medium
C002148,4,N,medium,0,medium
C002149,4,N,medium,0,medium
C002150,3,N,medium,0,medium
C002151,3,N,medium,0,medium
C002152,3,N,medium,0,medium
C002153,3,N,medium,0,medium
C002154,3,N,medium,0,medium
C002155,4,Y,medium,1,high
C002156,2,N,short,0,medium
C002157,4,N,medium,0,medium
C002158,4,N,medium,0,medium
C002159,4,N,medium,0,medium
C002160,2,N,short,0,medium
C002161,2,Y,short,1,high
C002162,3,Y,medium,1,high
C002163,2,N,short,0,medium
C002164,3,N,medium,0,medium
C002165,2,N,short,0,medium
C002166,3,N,medium,0,medium
C002167,4,Y,medium,1,high
C002168,4,N,medium,0,medium
C002169,2,Y,short,1,high
C002170,2,N,short,0,medium
C002171,2,N,short,0,medium
C002172,4,N,medium,0,medium
C002173,2,N,short,0,medium
C002174,2,Y,short,1,high
C002175,2,N,short,0,medium
C002176,4,N,medium,0,medium
C002177,3,N,medium,0,medium
C002178,3,N,medium,0,medium
C002179,3,N,medium,0,medium
C002180,2,N,short,0,medium
C002181,2,N,short,0,medium
C002182,2,Y,short,1,high
C002183,2,N,short,0,medium
C002184,2,N,short,0,medium
C002185,3,Y,medium,1,high
C002186,2,N,short,0,medium
C002187,3,N,medium,0,medium
C002188,2,N,short,0,medium
C002189,2,N,short,0,medium
C002190,2,N,short,0,medium
C002191,4,N,medium,0,medium
C002192,2,N,short,0,medium
C002193,3,N,medium,0,medium
C002194,2,Y,short,1,high
C002195,4,N,medium,0,medium
C002196,3,N,medium,0,medium
C002197,3,N,medium,0,medium
C002198,3,N,medium,0,medium
C002199,2,Y,short,1,high
C002200,4,Y,medium,1,high
C002201,3,N,medium,0,medium
C002202,3,N,medium,0,medium
C002203,2,N,short,0,medium
C002204,2,N,short,0,medium
C002205,2,N,short,0,medium
C002206,4,N,medium,0,medium
C002207,4,Y,medium,1,high
C002208,2,Y,short,1,high
C002209,2,N,short,0,medium
C002210,4,N,medium,0,medium
C002211,3,Y,medium,1,high
C002212,4,N,medium,0,medium
C002213,3,Y,medium,1,high
C002214,4,N,medium,0,medium
C002215,2,N,short,0,medium
C002216,3,N,medium,0,medium
C002217,3,Y,medium,1,high
C002218,2,Y,short,1,high
C002219,2,N,short,0,medium
C002220,3,N,medium,0,medium
C002221,4,N,medium,0,medium
C002222,2,N,short,0,medium
C002223,4,N,medium,0,medium
C002224,4,N,medium,0,medium
C002225,3,N,medium,0,medium
C002226,4,N,medium,0,medium
C002227,2,Y,short,1,high
C002228,4,N,medium,0,medium
C002229,4,N,medium,0,medium
C002230,3,N,medium,0,medium
C002231,4,N,medium,0,medium
C002232,4,N,medium,0,medium
C002233,3,N,medium,0,medium
C002234,4,N,medium,0,medium
C002235,4,N,medium,0,medium
C002236,2,N,short,0,medium
C002237,2,N,short,0,medium
C002238,4,N,medium,0,medium
C002239,2,N,short,0,medium
C002240,3,N,medium,0,medium
C002241,3,Y,medium,1,high
C002242,4,N,medium,0,medium
C002243,2,N,short,0,medium
C002244,4,Y,medium,1,high
C002245,4,N,medium,0,medium
C002246,3,Y,medium,1,high
C002247,3,N,medium,0,medium
C002248,2,N,short,0,medium
C002249,3,N,medium,0,medium
C002250,3,Y,medium,1,high
C002251,2,Y,short,1,high
C002252,4,N,medium,0,medium
C002253,2,N,short,0,medium
C002254,2,N,short,0,medium
C002255,4,N,medium,0,medium
C002256,4,N,medium,0,medium
C002257,3,N,medium,0,medium
C002258,2,N,short,0,medium
C002259,3,N,medium,0,medium
C002260,2,Y,short,1,high
C002261,4,N,medium,0,medium
C002262,4,N,medium,0,medium
C002263,4,N,medium,0,medium
C002264,2,N,short,0,medium
C002265,4,N,medium,0,medium
C002266,3,N,medium,0,medium
C002267,3,N,medium,0,medium
C002268,2,N,short,0,medium
C002269,4,N,medium,0,medium
C002270,3,N,medium,0,medium
C002271,3,N,medium,0,medium
C002272,4,Y,medium,1,high
C002273,2,Y,short,1,high
C002274,2,N,short,0,medium
C002275,4,N,medium,0,medium
C002276,3,N,medium,0,medium
C002277,4,Y,medium,1,high
C002278,2,N,short,0,medium
C002279,2,N,short,0,medium
C002280,4,N,medium,0,medium
C002281,4,N,medium,0,medium
C002282,4,N,medium,0,medium
C002283,3,N,medium,0,medium
C002284,2,N,short,0,medium
C002285,2,Y,short,1,high
C002286,4,N,medium,0,medium
C002287,2,N,short,0,medium
C002288,3,N,medium,0,medium
C002289,3,N,medium,0,medium
C002290,4,N,medium,0,medium
C002291,3,N,medium,0,medium
C002292,3,N,medium,0,medium
C002293,3,N,medium,0,medium
C002294,3,N,medium,0,medium
C002295,2,N,short,0,medium
C002296,4,N,medium,0,medium
C002297,4,N,medium,0,medium
C002298,2,N,short,0,medium
C002299,2,N,short,0,medium
C002300,4,N,medium,0,medium
C002301,4,N,medium,0,medium
C002302,2,N,short,0,medium
C002303,2,N,short,0,medium
C002304,3,N,medium,0,medium
C002305,2,N,short,0,medium
C002306,2,N,short,0,medium
C002307,2,N,short,0,medium
C002308,2,N,short,0,medium
C002309,2,Y,short,1,high
C002310,4,N,medium,0,medium
C002311,3,N,medium,0,medium
C002312,2,N,short,0,medium
C002313,4,Y,medium,1,high
C002314,3,N,medium,0,medium
C002315,3,N,medium,0,medium
C002316,2,N,short,0,medium
C002317,2,Y,short,1,high
C002318,2,N,short,0,medium
C002319,4,N,medium,0,medium
C002320,4,N,medium,0,medium
C002321,2,N,short,0,medium
C002322,4,N,medium,0,medium
C002323,4,N,medium,0,medium
C002324,3,N,medium,0,medium
C002325,2,N,short,0,medium
C002326,2,Y,short,1,high
C002327,4,N,medium,0,medium
C002328,3,N,medium,0,medium
C002329,3,N,medium,0,medium
C002330,2,N,short,0,medium
C002331,2,N,short,0,medium
C002332,3,Y,medium,1,high
C002333,3,N,medium,0,medium
C002334,2,N,short,0,medium
C002335,4,N,medium,0,medium
C002336,3,N,medium,0,medium
C002337,2,N,short,0,medium
C002338,2,Y,short,1,high
C002339,4,Y,medium,1,high
C002340,2,Y,short,1,high
C002341,3,N,medium,0,medium
C002342,2,N,short,0,medium
C002343,3,N,medium,0,medium
C002344,2,N,short,0,medium
C002345,4,N,medium,0,medium
C002346,2,N,short,0,medium
C002347,4,N,medium,0,medium
C002348,4,Y,medium,1,high
C002349,2,Y,short,1,high
C002350,3,N,medium,0,medium
C002351,3,N,medium,0,medium
C002352,4,N,medium,0,medium
C002353,2,Y,short,1,high
C002354,2,N,short,0,medium
C002355,3,N,medium,0,medium
C002356,2,N,short,0,medium
C002357,3,N,medium,0,medium
C002358,3,N,medium,0,medium
C002359,2,N,short,0,medium
C002360,3,N,medium,0,medium
C002361,3,Y,medium,1,high
C002362,2,N,short,0,medium
C002363,3,N,medium,0,medium
C002364,2,N,short,0,medium
C002365,4,N,medium,0,medium
C002366,2,N,short,0,medium
C002367,4,N,medium,0,medium
C002368,3,Y,medium,1,high
C002369,2,N,short,0,medium
C002370,3,N,medium,0,medium
C002371,2,N,short,0,medium
C002372,2,N,short,0,medium
C002373,3,N,medium,0,medium
C002374,4,N,medium,0,medium
C002375,3,N,medium,0,medium
C002376,4,N,medium,0,medium
C002377,2,N,short,0,medium
C002378,2,Y,short,1,high
C002379,4,N,medium,0,medium
C002380,3,Y,medium,1,high
C002381,3,Y,medium,1,high
C002382,2,N,short,0,medium
C002383,4,N,medium,0,medium
C002384,2,Y,short,1,high
C002385,3,N,medium,0,medium
C002386,2,N,short,0,medium
C002387,3,N,medium,0,medium
C002388,2,N,short,0,medium
C002389,2,Y,short,1,high
C002390,3,Y,medium,1,high
C002391,2,N,short,0,medium
C002392,2,Y,short,1,high
C002393,4,N,medium,0,medium
C002394,4,Y,medium,1,high
C002395,2,N,short,0,medium
C002396,2,N,short,0,medium
C002397,4,N,medium,0,medium
C002398,2,N,short,0,medium
C002399,3,Y,medium,1,high
C002400,2,N,short,0,medium
C002401,2,N,short,0,medium
C002402,4,Y,medium,1,high
C002403,3,N,medium,0,medium
C002404,3,N,medium,0,medium
C002405,3,Y,medium,1,high
C002406,3,N,medium,0,medium
C002407,2,N,short,0,medium
C002408,3,N,medium,0,medium
C002409,2,N,short,0,medium
C002410,3,N,medium,0,medium
C002411,4,N,medium,0,medium
C002412,3,Y,medium,1,high
C002413,2,N,short,0,medium
C002414,3,N,medium,0,medium
C002415,4,N,medium,0,medium
C002416,2,N,short,0,medium
C002417,3,N,medium,0,medium
C002418,2,N,short,0,medium
C002419,3,N,medium,0,medium
C002420,4,N,medium,0,medium
C002421,3,N,medium,0,medium
C002422,4,N,medium,0,medium
C002423,2,Y,short,1,high
C002424,4,N,medium,0,medium
C002425,2,Y,short,1,high
C002426,2,Y,short,1,high
C002427,3,N,medium,0,medium
C002428,3,N,medium,0,medium
C002429,3,N,medium,0,medium
C002430,4,Y,medium,1,high
C002431,4,N,medium,0,medium
C002432,4,N,medium,0,medium
C002433,4,N,medium,0,medium
C002434,4,Y,medium,1,high
C002435,4,N,medium,0,medium
C002436,4,Y,medium,1,high
C002437,4,N,medium,0,medium
C002438,2,N,short,0,medium
C002439,4,N,medium,0,medium
C002440,2,N,short,0,medium
C002441,2,N,short,0,medium
C002442,3,N,medium,0,medium
C002443,3,Y,medium,1,high
C002444,3,N,medium,0,medium
C002445,3,N,medium,0,medium
C002446,2,N,short,0,medium
C002447,3,Y,medium,1,high
C002448,2,N,short,0,medium
C002449,4,N,medium,0,medium
C002450,3,Y,medium,1,high
C002451,4,Y,medium,1,high
C002452,4,N,medium,0,medium
C002453,4,N,medium,0,medium
C002454,2,N,short,0,medium
C002455,4,N,medium,0,medium
C002456,3,N,medium,0,medium
C002457,3,Y,medium,1,high
C002458,4,Y,medium,1,high
C002459,2,N,short,0,medium
C002460,2,N,short,0,medium
C002461,4,N,medium,0,medium
C002462,2,N,short,0,medium
C002463,2,N,short,0,medium
C002464,4,N,medium,0,medium
C002465,4,N,medium,0,medium
C002466,4,N,medium,0,medium
C002467,3,N,medium,0,medium
C002468,3,N,medium,0,medium
C002469,2,N,short,0,medium
C002470,2,N,short,0,medium
C002471,3,N,medium,0,medium
C002472,3,N,medium,0,medium
C002473,2,N,short,0,medium
C002474,4,N,medium,0,medium
C002475,3,N,medium,0,medium
C002476,3,N,medium,0,medium
C002477,3,N,medium,0,medium
C002478,3,N,medium,0,medium
C002479,3,Y,medium,1,high
C002480,2,Y,short,1,high
C002481,2,N,short,0,medium
C002482,4,N,medium,0,medium
C002483,2,N,short,0,medium
C002484,3,N,medium,0,medium
C002485,4,N,medium,0,medium
C002486,4,N,medium,0,medium
C002487,3,Y,medium,1,high
C002488,3,N,medium,0,medium
C002489,4,N,medium,0,medium
C002490,3,N,medium,0,medium
C002491,2,Y,short,1,high
C002492,2,N,short,0,medium
C002493,4,Y,medium,1,high
C002494,4,N,medium,0,medium
C002495,4,N,medium,0,medium
C002496,4,N,medium,0,medium
C002497,3,N,medium,0,medium
C002498,4,N,medium,0,medium
C002499,2,N,short,0,medium
C002500,2,N,short,0,medium
C002501,2,N,short,0,medium
C002502,2,Y,short,1,high
C002503,2,Y,short,1,high
C002504,4,Y,medium,1,high
C002505,4,N,medium,0,medium
C002506,3,N,medium,0,medium
C002507,2,N,short,0,medium
C002508,2,N,short,0,medium
C002509,2,N,short,0,medium
C002510,4,N,medium,0,medium
C002511,2,N,short,0,medium
C002512,3,N,medium,0,medium
C002513,4,N,medium,0,medium
C002514,4,N,medium,0,medium
C002515,2,N,short,0,medium
C002516,2,Y,short,1,high
C002517,3,N,medium,0,medium
C002518,4,N,medium,0,medium
C002519,4,N,medium,0,medium
C002520,2,N,short,0,medium
C002521,2,N,short,0,medium
C002522,3,Y,medium,1,high
C002523,4,N,medium,0,medium
C002524,3,N,medium,0,medium
C002525,4,N,medium,0,medium
C002526,4,N,medium,0,medium
C002527,2,N,short,0,medium
C002528,2,N,short,0,medium
C002529,2,Y,short,1,high
C002530,3,N,medium,0,medium
C002531,2,N,short,0,medium
C002532,4,N,medium,0,medium
C002533,2,N,short,0,medium
C002534,3,N,medium,0,medium
C002535,2,N,short,0,medium
C002536,3,N,medium,0,medium
C002537,2,N,short,0,medium
C002538,3,N,medium,0,medium
C002539,4,N,medium,0,medium
C002540,2,Y,short,1,high
C002541,3,N,medium,0,medium
C002542,4,N,medium,0,medium
C002543,2,N,short,0,medium
C002544,2,N,short,0,medium
C002545,3,N,medium,0,medium
C002546,3,N,medium,0,medium
C002547,2,Y,short,1,high
C002548,4,N,medium,0,medium
C002549,2,N,short,0,medium
C002550,3,N,medium,0,medium
C002551,3,Y,medium,1,high
C002552,4,N,medium,0,medium
C002553,2,Y,short,1,high
C002554,4,N,medium,0,medium
C002555,4,N,medium,0,medium
C002556,4,N,medium,0,medium
C002557,4,N,medium,0,medium
C002558,4,N,medium,0,medium
C002559,4,N,medium,0,medium
C002560,2,N,short,0,medium
C002561,4,N,medium,0,medium
C002562,3,N,medium,0,medium
C002563,4,Y,medium,1,high
C002564,2,N,short,0,medium
C002565,4,N,medium,0,medium
C002566,2,N,short,0,medium
C002567,4,N,medium,0,medium
C002568,3,N,medium,0,medium
C002569,4,N,medium,0,medium
C002570,3,N,medium,0,medium
C002571,3,N,medium,0,medium
C002572,2,Y,short,1,high
C002573,2,N,short,0,medium
C002574,2,N,short,0,medium
C002575,2,N,short,0,medium
C002576,3,N,medium,0,medium
C002577,2,N,short,0,medium
C002578,4,N,medium,0,medium
C002579,2,N,short,0,medium
C002580,2,N,short,0,medium
C002581,4,N,medium,0,medium
C002582,2,N,short,0,medium
C002583,4,N,medium,0,medium
C002584,2,N,short,0,medium
C002585,2,N,short,0,medium
C002586,2,N,short,0,medium
C002587,3,N,medium,0,medium
C002588,2,N,short,0,medium
C002589,2,Y,short,1,high
C002590,2,N,short,0,medium
C002591,3,N,medium,0,medium
C002592,3,N,medium,0,medium
C002593,4,N,medium,0,medium
C002594,3,Y,medium,1,high
C002595,3,Y,medium,1,high
C002596,2,N,short,0,medium
C002597,2,N,short,0,medium
C002598,2,N,short,0,medium
C002599,3,N,medium,0,medium
C002600,4,N,medium,0,medium
C002601,4,N,medium,0,medium
C002602,4,N,medium,0,medium
C002603,3,N,medium,0,medium
C002604,2,N,short,0,medium
C002605,4,N,medium,0,medium
C002606,3,N,medium,0,medium
C002607,2,Y,short,1,high
C002608,3,N,medium,0,medium
C002609,4,N,medium,0,medium
C002610,3,N,medium,0,medium
C002611,3,Y,medium,1,high
C002612,4,N,medium,0,medium
C002613,4,N,medium,0,medium
C002614,3,N,medium,0,medium
C002615,3,N,medium,0,medium
C002616,3,Y,medium,1,high
C002617,3,N,medium,0,medium
C002618,3,N,medium,0,medium
C002619,2,N,short,0,medium
C002620,4,N,medium,0,medium
C002621,2,N,short,0,medium
C002622,4,N,medium,0,medium
C002623,2,N,short,0,medium
C002624,4,N,medium,0,medium
C002625,3,Y,medium,1,high
C002626,3,Y,medium,1,high
C002627,3,N,medium,0,medium
C002628,2,N,short,0,medium
C002629,4,N,medium,0,medium
C002630,3,N,medium,0,medium
C002631,3,N,medium,0,medium
C002632,4,Y,medium,1,high
C002633,2,N,short,0,medium
C002634,4,Y,medium,1,high
C002635,3,N,medium,0,medium
C002636,3,N,medium,0,medium
C002637,4,N,medium,0,medium
C002638,4,N,medium,0,medium
C002639,4,N,medium,0,medium
C002640,4,N,medium,0,medium
C002641,4,N,medium,0,medium
C002642,2,Y,short,1,high
C002643,4,Y,medium,1,high
C002644,3,N,medium,0,medium
C002645,2,N,short,0,medium
C002646,2,N,short,0,medium
C002647,3,N,medium,0,medium
C002648,3,Y,medium,1,high
C002649,3,N,medium,0,medium
C002650,2,N,short,0,medium
C002651,2,N,short,0,medium
C002652,2,N,short,0,medium
C002653,3,N,medium,0,medium
C002654,2,N,short,0,medium
C002655,2,N,short,0,medium
C002656,2,Y,short,1,high
C002657,3,N,medium,0,medium
C002658,2,N,short,0,medium
C002659,2,N,short,0,medium
C002660,3,Y,medium,1,high
C002661,2,N,short,0,medium
C002662,4,N,medium,0,medium
C002663,2,N,short,0,medium
C002664,4,Y,medium,1,high
C002665,4,N,medium,0,medium
C002666,3,N,medium,0,medium
C002667,3,N,medium,0,medium
C002668,3,N,medium,0,medium
C002669,3,N,medium,0,medium
C002670,4,N,medium,0,medium
C002671,2,N,short,0,medium
C002672,4,N,medium,0,medium
C002673,2,N,short,0,medium
C002674,2,N,short,0,medium
C002675,4,N,medium,0,medium
C002676,3,N,medium,0,medium
C002677,2,Y,short,1,high
C002678,4,N,medium,0,medium
C002679,3,N,medium,0,medium
C002680,2,N,short,0,medium
C002681,3,N,medium,0,medium
C002682,4,Y,medium,1,high
C002683,2,N,short,0,medium
C002684,2,Y,short,1,high
C002685,2,N,short,0,medium
C002686,3,N,medium,0,medium
C002687,2,N,short,0,medium
C002688,4,Y,medium,1,high
C002689,3,N,medium,0,medium
C002690,4,N,medium,0,medium
C002691,3,N,medium,0,medium
C002692,3,N,medium,0,medium
C002693,4,N,medium,0,medium
C002694,4,N,medium,0,medium
C002695,4,Y,medium,1,high
C002696,3,N,medium,0,medium
C002697,3,Y,medium,1,high
C002698,2,N,short,0,medium
C002699,4,N,medium,0,medium
C002700,2,Y,short,1,high
C002701,3,N,medium,0,medium
C002702,4,N,medium,0,medium
C002703,4,N,medium,0,medium
C002704,3,N,medium,0,medium
C002705,3,Y,medium,1,high
C002706,3,N,medium,0,medium
C002707,3,N,medium,0,medium
C002708,4,N,medium,0,medium
C002709,3,N,medium,0,medium
C002710,3,N,medium,0,medium
C002711,2,N,short,0,medium
C002712,4,N,medium,0,medium
C002713,4,N,medium,0,medium
C002714,4,N,medium,0,medium
C002715,2,N,short,0,medium
C002716,2,Y,short,1,high
C002717,2,N,short,0,medium
C002718,3,Y,medium,1,high
C002719,2,N,short,0,medium
C002720,4,N,medium,0,medium
C002721,4,N,medium,0,medium
C002722,3,N,medium,0,medium
C002723,4,N,medium,0,medium
C002724,3,N,medium,0,medium
C002725,2,N,short,0,medium
C002726,4,N,medium,0,medium
C002727,3,N,medium,0,medium
C002728,4,N,medium,0,medium
C002729,4,N,medium,0,medium
C002730,3,N,medium,0,medium
C002731,4,N,medium,0,medium
C002732,3,N,medium,0,medium
C002733,2,N,short,0,medium
C002734,4,N,medium,0,medium
C002735,3,Y,medium,1,high
C002736,4,N,medium,0,medium
C002737,2,Y,short,1,high
C002738,2,N,short,0,medium
C002739,4,Y,medium,1,high
C002740,2,N,short,0,medium
C002741,4,N,medium,0,medium
C002742,3,Y,medium,1,high
C002743,3,N,medium,0,medium
C002744,3,Y,medium,1,high
C002745,2,N,short,0,medium
C002746,4,Y,medium,1,high
C002747,3,Y,medium,1,high
C002748,2,N,short,0,medium
C002749,3,Y,medium,1,high
C002750,4,N,medium,0,medium
C002751,4,N,medium,0,medium
C002752,2,N,short,0,medium
C002753,3,Y,medium,1,high
C002754,4,Y,medium,1,high
C002755,2,N,short,0,medium
C002756,4,N,medium,0,medium
C002757,4,N,medium,0,medium
C002758,4,N,medium,0,medium
C002759,4,N,medium,0,medium
C002760,3,N,medium,0,medium
C002761,4,N,medium,0,medium
C002762,3,N,medium,0,medium
C002763,3,N,medium,0,medium
C002764,3,N,medium,0,medium
C002765,2,N,short,0,medium
C002766,2,N,short,0,medium
C002767,2,N,short,0,medium
C002768,3,Y,medium,1,high
C002769,2,N,short,0,medium
C002770,2,N,short,0,medium
C002771,3,N,medium,0,medium
C002772,4,N,medium,0,medium
C002773,2,N,short,0,medium
C002774,4,N,medium,0,medium
C002775,4,N,medium,0,medium
C002776,4,N,medium,0,medium
C002777,2,N,short,0,medium
C002778,3,N,medium,0,medium
C002779,3,N,medium,0,medium
C002780,2,Y,short,1,high
C002781,2,Y,short,1,high
C002782,2,N,short,0,medium
C002783,4,N,medium,0,medium
C002784,4,N,medium,0,medium
C002785,3,N,medium,0,medium
C002786,4,Y,medium,1,high
C002787,4,N,medium,0,medium
C002788,3,N,medium,0,medium
C002789,2,N,short,0,medium
C002790,2,N,short,0,medium
C002791,3,Y,medium,1,high
C002792,3,N,medium,0,medium
C002793,3,Y,medium,1,high
C002794,2,N,short,0,medium
C002795,3,N,medium,0,medium
C002796,4,N,medium,0,medium
C002797,2,N,short,0,medium
C002798,4,N,medium,0,medium
C002799,4,N,medium,0,medium
C002800,3,N,medium,0,medium
C002801,2,N,short,0,medium
C002802,4,N,medium,0,medium
C002803,2,N,short,0,medium
C002804,4,N,medium,0,medium
C002805,4,N,medium,0,medium
C002806,2,N,short,0,medium
C002807,2,Y,short,1,high
C002808,4,N,medium,0,medium
C002809,4,N,medium,0,medium
C002810,4,N,medium,0,medium
C002811,3,Y,medium,1,high
C002812,3,N,medium,0,medium
C002813,4,N,medium,0,medium
C002814,2,N,short,0,medium
C002815,4,N,medium,0,medium
C002816,2,N,short,0,medium
C002817,4,Y,medium,1,high
C002818,3,Y,medium,1,high
C002819,2,Y,short,1,high
C002820,2,N,short,0,medium
C002821,2,N,short,0,medium
C002822,4,N,medium,0,medium
C002823,3,N,medium,0,medium
C002824,2,N,short,0,medium
C002825,3,N,medium,0,medium
C002826,2,N,short,0,medium
C002827,2,N,short,0,medium
C002828,2,N,short,0,medium
C002829,2,N,short,0,medium
C002830,3,Y,medium,1,high
C002831,3,N,medium,0,medium
C002832,2,N,short,0,medium
C002833,3,N,medium,0,medium
C002834,2,N,short,0,medium
C002835,2,N,short,0,medium
C002836,2,N,short,0,medium
C002837,2,N,short,0,medium
C002838,3,N,medium,0,medium
C002839,4,N,medium,0,medium
C002840,4,N,medium,0,medium
C002841,2,Y,short,1,high
C002842,2,N,short,0,medium
C002843,2,N,short,0,medium
C002844,2,N,short,0,medium
C002845,3,N,medium,0,medium
C002846,2,N,short,0,medium
C002847,4,N,medium,0,medium
C002848,3,N,medium,0,medium
C002849,3,N,medium,0,medium
C002850,4,N,medium,0,medium
C002851,4,Y,medium,1,high
C002852,4,N,medium,0,medium
C002853,3,N,medium,0,medium
C002854,3,N,medium,0,medium
C002855,2,N,short,0,medium
C002856,3,Y,medium,1,high
C002857,2,N,short,0,medium
C002858,2,N,short,0,medium
C002859,3,Y,medium,1,high
C002860,2,N,short,0,medium
C002861,4,Y,medium,1,high
C002862,3,N,medium,0,medium
C002863,4,N,medium,0,medium
C002864,2,N,short,0,medium
C002865,4,N,medium,0,medium
C002866,3,Y,medium,1,high
C002867,4,N,medium,0,medium
C002868,4,N,medium,0,medium
C002869,4,N,medium,0,medium
C002870,4,N,medium,0,medium
C002871,2,N,short,0,medium
C002872,3,N,medium,0,medium
C002873,3,N,medium,0,medium
C002874,3,Y,medium,1,high
C002875,2,N,short,0,medium
C002876,3,Y,medium,1,high
C002877,2,N,short,0,medium
C002878,3,N,medium,0,medium
C002879,3,N,medium,0,medium
C002880,3,N,medium,0,medium
C002881,2,N,short,0,medium
C002882,4,N,medium,0,medium
C002883,2,N,short,0,medium
C002884,2,N,short,0,medium
C002885,2,Y,short,1,high
C002886,4,N,medium,0,medium
C002887,4,N,medium,0,medium
C002888,4,N,medium,0,medium
C002889,4,N,medium,0,medium
C002890,4,N,medium,0,medium
C002891,4,N,medium,0,medium
C002892,3,N,medium,0,medium
C002893,2,N,short,0,medium
C002894,4,N,medium,0,medium
C002895,2,N,short,0,medium
C002896,2,N,short,0,medium
C002897,3,N,medium,0,medium
C002898,2,Y,short,1,high
C002899,4,N,medium,0,medium
C002900,3,N,medium,0,medium
C002901,3,N,medium,0,medium
C002902,3,N,medium,0,medium
C002903,2,N,short,0,medium
C002904,3,N,medium,0,medium
C002905,2,N,short,0,medium
C002906,4,N,medium,0,medium
C002907,4,N,medium,0,medium
C002908,2,N,short,0,medium
C002909,4,N,medium,0,medium
C002910,2,N,short,0,medium
C002911,3,N,medium,0,medium
C002912,4,N,medium,0,medium
C002913,2,N,short,0,medium
C002914,3,N,medium,0,medium
C002915,3,N,medium,0,medium
C002916,4,Y,medium,1,high
C002917,3,N,medium,0,medium
C002918,2,N,short,0,medium
C002919,3,N,medium,0,medium
C002920,3,N,medium,0,medium
C002921,2,N,short,0,medium
C002922,4,N,medium,0,medium
C002923,4,N,medium,0,medium
C002924,4,N,medium,0,medium
C002925,3,N,medium,0,medium
C002926,4,N,medium,0,medium
C002927,3,N,medium,0,medium
C002928,4,N,medium,0,medium
C002929,2,N,short,0,medium
C002930,2,N,short,0,medium
C002931,3,N,medium,0,medium
C002932,2,N,short,0,medium
C002933,4,N,medium,0,medium
C002934,2,N,short,0,medium
C002935,4,N,medium,0,medium
C002936,2,N,short,0,medium
C002937,3,Y,medium,1,high
C002938,2,N,short,0,medium
C002939,4,N,medium,0,medium
C002940,2,N,short,0,medium
C002941,2,N,short,0,medium
C002942,2,N,short,0,medium
C002943,2,N,short,0,medium
C002944,2,N,short,0,medium
C002945,3,N,medium,0,medium
C002946,3,N,medium,0,medium
C002947,4,N,medium,0,medium
C002948,4,N,medium,0,medium
C002949,2,N,short,0,medium
C002950,2,N,short,0,medium
C002951,2,N,short,0,medium
C002952,4,N,medium,0,medium
C002953,3,N,medium,0,medium
C002954,3,Y,medium,1,high
C002955,4,N,medium,0,medium
C002956,3,N,medium,0,medium
C002957,3,N,medium,0,medium
C002958,3,N,medium,0,medium
C002959,4,N,medium,0,medium
C002960,4,N,medium,0,medium
C002961,4,N,medium,0,medium
C002962,4,N,medium,0,medium
C002963,4,N,medium,0,medium
C002964,2,N,short,0,medium
C002965,4,N,medium,0,medium
C002966,3,N,medium,0,medium
C002967,2,N,short,0,medium
C002968,2,N,short,0,medium
C002969,2,N,short,0,medium
C002970,4,N,medium,0,medium
C002971,2,N,short,0,medium
C002972,3,N,medium,0,medium
C002973,3,Y,medium,1,high
C002974,4,N,medium,0,medium
C002975,2,N,short,0,medium
C002976,4,N,medium,0,medium
C002977,3,Y,medium,1,high
C002978,4,N,medium,0,medium
C002979,2,N,short,0,medium
C002980,2,N,short,0,medium
C002981,4,N,medium,0,medium
C002982,2,N,short,0,medium
C002983,3,N,medium,0,medium
C002984,4,N,medium,0,medium
C002985,4,N,medium,0,medium
C002986,4,N,medium,0,medium
C002987,2,N,short,0,medium
C002988,2,N,short,0,medium
C002989,2,N,short,0,medium
C002990,2,N,short,0,medium
C002991,3,N,medium,0,medium
C002992,3,N,medium,0,medium
C002993,4,N,medium,0,medium
C002994,4,N,medium,0,medium
C002995,4,N,medium,0,medium
C002996,4,Y,medium,1,high
C002997,2,N,short,0,medium
C002998,3,N,medium,0,medium
C002999,4,N,medium,0,medium
C003000,4,N,medium,0,medium
C003001,2,Y,short,1,high
C003002,3,N,medium,0,medium
C003003,4,Y,medium,1,high
C003004,3,N,medium,0,medium
C003005,2,Y,short,1,high
C003006,2,N,short,0,medium
C003007,2,Y,short,1,high
C003008,3,N,medium,0,medium
C003009,4,N,medium,0,medium
C003010,4,Y,medium,1,high
C003011,2,N,short,0,medium
C003012,4,N,medium,0,medium
C003013,4,N,medium,0,medium
C003014,3,N,medium,0,medium
C003015,3,N,medium,0,medium
C003016,4,N,medium,0,medium
C003017,2,Y,short,1,high
C003018,3,Y,medium,1,high
C003019,4,N,medium,0,medium
C003020,2,N,short,0,medium
C003021,3,N,medium,0,medium
C003022,4,Y,medium,1,high
C003023,2,N,short,0,medium
C003024,2,Y,short,1,high
C003025,2,N,short,0,medium
C003026,3,N,medium,0,medium
C003027,4,N,medium,0,medium
C003028,2,N,short,0,medium
C003029,2,N,short,0,medium
C003030,4,Y,medium,1,high
C003031,3,N,medium,0,medium
C003032,2,N,short,0,medium
C003033,2,Y,short,1,high
C003034,3,N,medium,0,medium
C003035,3,N,medium,0,medium
C003036,3,N,medium,0,medium
C003037,4,N,medium,0,medium
C003038,3,N,medium,0,medium
C003039,4,N,medium,0,medium
C003040,3,N,medium,0,medium
C003041,4,N,medium,0,medium
C003042,4,Y,medium,1,high
C003043,3,N,medium,0,medium
C003044,3,N,medium,0,medium
C003045,4,N,medium,0,medium
C003046,3,Y,medium,1,high
C003047,4,N,medium,0,medium
C003048,4,N,medium,0,medium
C003049,2,Y,short,1,high
C003050,2,Y,short,1,high
C003051,2,N,short,0,medium
C003052,3,N,medium,0,medium
C003053,4,N,medium,0,medium
C003054,4,N,medium,0,medium
C003055,2,N,short,0,medium
C003056,4,Y,medium,1,high
C003057,2,N,short,0,medium
C003058,4,N,medium,0,medium
C003059,4,N,medium,0,medium
C003060,2,Y,short,1,high
C003061,4,N,medium,0,medium
C003062,2,N,short,0,medium
C003063,4,N,medium,0,medium
C003064,3,N,medium,0,medium
C003065,2,N,short,0,medium
C003066,3,N,medium,0,medium
C003067,3,N,medium,0,medium
C003068,2,N,short,0,medium
C003069,3,N,medium,0,medium
C003070,3,N,medium,0,medium
C003071,3,N,medium,0,medium
C003072,4,N,medium,0,medium
C003073,3,N,medium,0,medium
C003074,4,N,medium,0,medium
C003075,4,N,medium,0,medium
C003076,4,N,medium,0,medium
C003077,2,N,short,0,medium
C003078,2,Y,short,1,high
C003079,4,N,medium,0,medium
C003080,4,N,medium,0,medium
C003081,3,N,medium,0,medium
C003082,3,N,medium,0,medium
C003083,2,N,short,0,medium
C003084,2,Y,short,1,high
C003085,4,N,medium,0,medium
C003086,3,N,medium,0,medium
C003087,3,Y,medium,1,high
C003088,2,N,short,0,medium
C003089,4,N,medium,0,medium
C003090,3,N,medium,0,medium
C003091,3,N,medium,0,medium
C003092,4,Y,medium,1,high
C003093,3,N,medium,0,medium
C003094,4,N,medium,0,medium
C003095,3,Y,medium,1,high
C003096,2,N,short,0,medium
C003097,2,N,short,0,medium
C003098,3,N,medium,0,medium
C003099,2,N,short,0,medium
C003100,3,N,medium,0,medium
C003101,4,N,medium,0,medium
C003102,4,N,medium,0,medium
C003103,4,N,medium,0,medium
C003104,2,N,short,0,medium
C003105,3,N,medium,0,medium
C003106,4,N,medium,0,medium
C003107,2,Y,short,1,high
C003108,3,N,medium,0,medium
C003109,4,N,medium,0,medium
C003110,2,N,short,0,medium
C003111,3,N,medium,0,medium
C003112,4,N,medium,0,medium
C003113,4,Y,medium,1,high
C003114,4,N,medium,0,medium
C003115,2,Y,short,1,high
C003116,2,Y,short,1,high
C003117,2,N,short,0,medium
C003118,3,N,medium,0,medium
C003119,2,Y,short,1,high
C003120,3,N,medium,0,medium
C003121,3,N,medium,0,medium
C003122,2,N,short,0,medium
C003123,2,N,short,0,medium
C003124,3,Y,medium,1,high
C003125,2,N,short,0,medium
C003126,2,N,short,0,medium
C003127,3,N,medium,0,medium
C003128,3,N,medium,0,medium
C003129,4,N,medium,0,medium
C003130,3,Y,medium,1,high
C003131,3,Y,medium,1,high
C003132,2,N,short,0,medium
C003133,4,N,medium,0,medium
C003134,3,N,medium,0,medium
C003135,3,N,medium,0,medium
C003136,3,N,medium,0,medium
C003137,3,N,medium,0,medium
C003138,3,N,medium,0,medium
C003139,2,N,short,0,medium
C003140,4,N,medium,0,medium
C003141,2,N,short,0,medium
C003142,2,N,short,0,medium
C003143,2,N,short,0,medium
C003144,2,N,short,0,medium
C003145,4,N,medium,0,medium
C003146,4,N,medium,0,medium
C003147,4,N,medium,0,medium
C003148,2,N,short,0,medium
C003149,4,N,medium,0,medium
C003150,3,N,medium,0,medium
C003151,3,N,medium,0,medium
C003152,4,N,medium,0,medium
C003153,2,N,short,0,medium
C003154,3,Y,medium,1,high
C003155,2,N,short,0,medium
C003156,4,N,medium,0,medium
C003157,4,N,medium,0,medium
C003158,2,N,short,0,medium
C003159,2,N,short,0,medium
C003160,2,N,short,0,medium
C003161,3,N,medium,0,medium
C003162,4,Y,medium,1,high
C003163,2,N,short,0,medium
C003164,3,N,medium,0,medium
C003165,3,N,medium,0,medium
C003166,2,N,short,0,medium
C003167,4,N,medium,0,medium
C003168,2,N,short,0,medium
C003169,3,N,medium,0,medium
C003170,4,N,medium,0,medium
C003171,3,N,medium,0,medium
C003172,4,N,medium,0,medium
C003173,2,N,short,0,medium
C003174,4,N,medium,0,medium
C003175,4,N,medium,0,medium
C003176,2,Y,short,1,high
C003177,2,N,short,0,medium
C003178,2,Y,short,1,high
C003179,4,N,medium,0,medium
C003180,3,N,medium,0,medium
C003181,2,N,short,0,medium
C003182,4,N,medium,0,medium
C003183,3,N,medium,0,medium
C003184,4,N,medium,0,medium
C003185,4,N,medium,0,medium
C003186,3,N,medium,0,medium
C003187,4,N,medium,0,medium
C003188,3,N,medium,0,medium
C003189,3,N,medium,0,medium
C003190,4,Y,medium,1,high
C003191,4,N,medium,0,medium
C003192,3,N,medium,0,medium
C003193,2,N,short,0,medium
C003194,4,N,medium,0,medium
C003195,4,N,medium,0,medium
C003196,3,N,medium,0,medium
C003197,4,N,medium,0,medium
C003198,3,N,medium,0,medium
C003199,3,N,medium,0,medium
C003200,2,Y,short,1,high
C003201,4,N,medium,0,medium
C003202,2,N,short,0,medium
C003203,3,N,medium,0,medium
C003204,4,N,medium,0,medium
C003205,3,N,medium,0,medium
C003206,2,N,short,0,medium
C003207,2,N,short,0,medium
C003208,3,N,medium,0,medium
C003209,3,N,medium,0,medium
C003210,4,N,medium,0,medium
C003211,2,N,short,0,medium
C003212,3,N,medium,0,medium
C003213,2,N,short,0,medium
C003214,2,N,short,0,medium
C003215,4,Y,medium,1,high
C003216,3,Y,medium,1,high
C003217,2,N,short,0,medium
C003218,2,N,short,0,medium
C003219,3,N,medium,0,medium
C003220,4,N,medium,0,medium
C003221,3,N,medium,0,medium
C003222,3,Y,medium,1,high
C003223,2,Y,short,1,high
C003224,4,Y,medium,1,high
C003225,2,N,short,0,medium
C003226,3,N,medium,0,medium
C003227,2,N,short,0,medium
C003228,4,N,medium,0,medium
C003229,4,N,medium,0,medium
C003230,2,N,short,0,medium
C003231,2,N,short,0,medium
C003232,4,N,medium,0,medium
C003233,3,N,medium,0,medium
C003234,4,N,medium,0,medium
C003235,2,N,short,0,medium
C003236,3,N,medium,0,medium
C003237,3,N,medium,0,medium
C003238,2,N,short,0,medium
C003239,3,N,medium,0,medium
C003240,3,N,medium,0,medium
C003241,3,N,medium,0,medium
C003242,2,N,short,0,medium
C003243,3,Y,medium,1,high
C003244,3,N,medium,0,medium
C003245,2,Y,short,1,high
C003246,3,Y,medium,1,high
C003247,3,Y,medium,1,high
C003248,4,N,medium,0,medium
C003249,4,N,medium,0,medium
C003250,2,N,short,0,medium
C003251,4,N,medium,0,medium
C003252,4,N,medium,0,medium
C003253,3,N,medium,0,medium
C003254,2,N,short,0,medium
C003255,3,N,medium,0,medium
C003256,4,N,medium,0,medium
C003257,3,N,medium,0,medium
C003258,3,N,medium,0,medium
C003259,3,N,medium,0,medium
C003260,3,Y,medium,1,high
C003261,4,N,medium,0,medium
C003262,3,N,medium,0,medium
C003263,3,Y,medium,1,high
C003264,2,N,short,0,medium
C003265,3,Y,medium,1,high
C003266,3,N,medium,0,medium
C003267,2,N,short,0,medium
C003268,2,N,short,0,medium
C003269,2,N,short,0,medium
C003270,4,N,medium,0,medium
C003271,3,N,medium,0,medium
C003272,4,N,medium,0,medium
C003273,2,N,short,0,medium
C003274,4,N,medium,0,medium
C003275,3,N,medium,0,medium
C003276,3,N,medium,0,medium
C003277,4,N,medium,0,medium
C003278,4,N,medium,0,medium
C003279,4,N,medium,0,medium
C003280,4,N,medium,0,medium
C003281,2,Y,short,1,high
C003282,3,N,medium,0,medium
C003283,4,N,medium,0,medium
C003284,3,N,medium,0,medium
C003285,3,N,medium,0,medium
C003286,3,Y,medium,1,high
C003287,4,N,medium,0,medium
C003288,2,N,short,0,medium
C003289,4,N,medium,0,medium
C003290,3,N,medium,0,medium
C003291,3,N,medium,0,medium
C003292,4,N,medium,0,medium
C003293,4,Y,medium,1,high
C003294,3,N,medium,0,medium
C003295,2,N,short,0,medium
C003296,4,N,medium,0,medium
C003297,3,N,medium,0,medium
C003298,3,N,medium,0,medium
C003299,3,N,medium,0,medium
C003300,3,N,medium,0,medium
C003301,3,N,medium,0,medium
C003302,4,N,medium,0,medium
C003303,2,N,short,0,medium
C003304,2,Y,short,1,high
C003305,2,N,short,0,medium
C003306,3,N,medium,0,medium
C003307,3,N,medium,0,medium
C003308,3,N,medium,0,medium
C003309,3,N,medium,0,medium
C003310,3,N,medium,0,medium
C003311,4,N,medium,0,medium
C003312,4,N,medium,0,medium
C003313,2,N,short,0,medium
C003314,4,N,medium,0,medium
C003315,2,N,short,0,medium
C003316,2,N,short,0,medium
C003317,2,N,short,0,medium
C003318,4,Y,medium,1,high
C003319,4,N,medium,0,medium
C003320,2,N,short,0,medium
C003321,3,N,medium,0,medium
C003322,3,N,medium,0,medium
C003323,2,N,short,0,medium
C003324,2,N,short,0,medium
C003325,3,Y,medium,1,high
C003326,4,Y,medium,1,high
C003327,3,N,medium,0,medium
C003328,2,Y,short,1,high
C003329,4,Y,medium,1,high
C003330,2,N,short,0,medium
C003331,3,N,medium,0,medium
C003332,3,N,medium,0,medium
C003333,4,N,medium,0,medium
C003334,4,N,medium,0,medium
C003335,4,N,medium,0,medium
C003336,4,N,medium,0,medium
C003337,2,N,short,0,medium
C003338,3,N,medium,0,medium
C003339,2,N,short,0,medium
C003340,3,N,medium,0,medium
C003341,3,N,medium,0,medium
C003342,4,N,medium,0,medium
C003343,4,N,medium,0,medium
C003344,4,Y,medium,1,high
C003345,4,N,medium,0,medium
C003346,3,N,medium,0,medium
C003347,2,N,short,0,medium
C003348,2,N,short,0,medium
C003349,2,N,short,0,medium
C003350,2,N,short,0,medium
C003351,2,Y,short,1,high
C003352,2,N,short,0,medium
C003353,2,N,short,0,medium
C003354,2,N,short,0,medium
C003355,3,N,medium,0,medium
C003356,4,N,medium,0,medium
C003357,3,N,medium,0,medium
C003358,3,N,medium,0,medium
C003359,2,Y,short,1,high
C003360,3,N,medium,0,medium
C003361,3,Y,medium,1,high
C003362,2,N,short,0,medium
C003363,4,N,medium,0,medium
C003364,3,Y,medium,1,high
C003365,2,N,short,0,medium
C003366,3,Y,medium,1,high
C003367,3,N,medium,0,medium
C003368,4,N,medium,0,medium
C003369,2,N,short,0,medium
C003370,2,N,short,0,medium
C003371,3,Y,medium,1,high
C003372,3,N,medium,0,medium
C003373,2,N,short,0,medium
C003374,2,N,short,0,medium
C003375,2,N,short,0,medium
C003376,2,N,short,0,medium
C003377,3,N,medium,0,medium
C003378,3,N,medium,0,medium
C003379,4,N,medium,0,medium
C003380,4,N,medium,0,medium
C003381,4,N,medium,0,medium
C003382,2,N,short,0,medium
C003383,4,N,medium,0,medium
C003384,2,N,short,0,medium
C003385,2,N,short,0,medium
C003386,2,N,short,0,medium
C003387,4,Y,medium,1,high
C003388,4,N,medium,0,medium
C003389,3,N,medium,0,medium
C003390,2,N,short,0,medium
C003391,2,N,short,0,medium
C003392,2,N,short,0,medium
C003393,2,N,short,0,medium
C003394,4,N,medium,0,medium
C003395,3,Y,medium,1,high
C003396,4,N,medium,0,medium
C003397,4,N,medium,0,medium
C003398,2,N,short,0,medium
C003399,2,N,short,0,medium
C003400,4,N,medium,0,medium
C003401,4,N,medium,0,medium
C003402,3,N,medium,0,medium
C003403,2,N,short,0,medium
C003404,2,N,short,0,medium
C003405,4,N,medium,0,medium
C003406,4,N,medium,0,medium
C003407,3,N,medium,0,medium
C003408,4,N,medium,0,medium
C003409,2,N,short,0,medium
C003410,4,Y,medium,1,high
C003411,3,N,medium,0,medium
C003412,3,N,medium,0,medium
C003413,4,N,medium,0,medium
C003414,2,N,short,0,medium
C003415,4,N,medium,0,medium
C003416,3,N,medium,0,medium
C003417,2,N,short,0,medium
C003418,2,N,short,0,medium
C003419,3,N,medium,0,medium
C003420,3,N,medium,0,medium
C003421,4,N,medium,0,medium
C003422,3,N,medium,0,medium
C003423,2,N,short,0,medium
C003424,4,Y,medium,1,high
C003425,2,N,short,0,medium
C003426,2,N,short,0,medium
C003427,4,N,medium,0,medium
C003428,4,Y,medium,1,high
C003429,3,N,medium,0,medium
C003430,2,N,short,0,medium
C003431,4,N,medium,0,medium
C003432,2,N,short,0,medium
C003433,4,N,medium,0,medium
C003434,3,N,medium,0,medium
C003435,3,N,medium,0,medium
C003436,4,Y,medium,1,high
C003437,4,N,medium,0,medium
C003438,3,N,medium,0,medium
C003439,3,N,medium,0,medium
C003440,4,N,medium,0,medium
C003441,2,N,short,0,medium
C003442,3,N,medium,0,medium
C003443,4,N,medium,0,medium
C003444,2,Y,short,1,high
C003445,3,N,medium,0,medium
C003446,4,Y,medium,1,high
C003447,2,N,short,0,medium
C003448,2,Y,short,1,high
C003449,3,N,medium,0,medium
C003450,3,N,medium,0,medium
C003451,3,N,medium,0,medium
C003452,2,N,short,0,medium
C003453,2,N,short,0,medium
C003454,3,N,medium,0,medium
C003455,2,N,short,0,medium
C003456,2,N,short,0,medium
C003457,4,N,medium,0,medium
C003458,4,N,medium,0,medium
C003459,3,N,medium,0,medium
C003460,4,N,medium,0,medium
C003461,2,N,short,0,medium
C003462,4,N,medium,0,medium
C003463,2,N,short,0,medium
C003464,4,N,medium,0,medium
C003465,3,N,medium,0,medium
C003466,4,Y,medium,1,high
C003467,3,N,medium,0,medium
C003468,4,Y,medium,1,high
C003469,4,N,medium,0,medium
C003470,3,N,medium,0,medium
C003471,2,Y,short,1,high
C003472,4,N,medium,0,medium
C003473,3,Y,medium,1,high
C003474,2,Y,short,1,high
C003475,3,N,medium,0,medium
C003476,3,N,medium,0,medium
C003477,3,Y,medium,1,high
C003478,4,Y,medium,1,high
C003479,3,N,medium,0,medium
C003480,4,Y,medium,1,high
C003481,3,N,medium,0,medium
C003482,4,N,medium,0,medium
C003483,2,Y,short,1,high
C003484,3,N,medium,0,medium
C003485,4,N,medium,0,medium
C003486,3,N,medium,0,medium
C003487,2,N,short,0,medium
C003488,3,N,medium,0,medium
C003489,2,Y,short,1,high
C003490,2,N,short,0,medium
C003491,4,N,medium,0,medium
C003492,3,Y,medium,1,high
C003493,3,N,medium,0,medium
C003494,2,N,short,0,medium
C003495,3,N,medium,0,medium
C003496,4,N,medium,0,medium
C003497,2,N,short,0,medium
C003498,3,N,medium,0,medium
C003499,2,N,short,0,medium
C003500,2,N,short,0,medium
C003501,3,Y,medium,1,high
C003502,4,Y,medium,1,high
C003503,4,Y,medium,1,high
C003504,4,N,medium,0,medium
C003505,3,N,medium,0,medium
C003506,4,N,medium,0,medium
C003507,4,N,medium,0,medium
C003508,2,N,short,0,medium
C003509,3,N,medium,0,medium
C003510,3,N,medium,0,medium
C003511,3,N,medium,0,medium
C003512,3,N,medium,0,medium
C003513,4,N,medium,0,medium
C003514,2,N,short,0,medium
C003515,2,N,short,0,medium
C003516,4,Y,medium,1,high
C003517,3,N,medium,0,medium
C003518,2,N,short,0,medium
C003519,2,N,short,0,medium
C003520,2,N,short,0,medium
C003521,4,N,medium,0,medium
C003522,2,N,short,0,medium
C003523,2,N,short,0,medium
C003524,3,N,medium,0,medium
C003525,2,N,short,0,medium
C003526,3,N,medium,0,medium
C003527,3,N,medium,0,medium
C003528,3,N,medium,0,medium
C003529,2,N,short,0,medium
C003530,4,N,medium,0,medium
C003531,2,N,short,0,medium
C003532,4,N,medium,0,medium
C003533,2,N,short,0,medium
C003534,3,N,medium,0,medium
C003535,4,N,medium,0,medium
C003536,2,N,short,0,medium
C003537,4,N,medium,0,medium
C003538,4,N,medium,0,medium
C003539,4,N,medium,0,medium
C003540,2,N,short,0,medium
C003541,4,N,medium,0,medium
C003542,3,Y,medium,1,high
C003543,4,Y,medium,1,high
C003544,4,N,medium,0,medium
C003545,3,N,medium,0,medium
C003546,3,N,medium,0,medium
C003547,4,Y,medium,1,high
C003548,2,Y,short,1,high
C003549,4,N,medium,0,medium
C003550,2,N,short,0,medium
C003551,3,N,medium,0,medium
C003552,2,N,short,0,medium
C003553,4,N,medium,0,medium
C003554,4,N,medium,0,medium
C003555,2,N,short,0,medium
C003556,2,N,short,0,medium
C003557,3,Y,medium,1,high
C003558,4,N,medium,0,medium
C003559,3,N,medium,0,medium
C003560,3,N,medium,0,medium
C003561,3,N,medium,0,medium
C003562,3,N,medium,0,medium
C003563,4,N,medium,0,medium
C003564,3,Y,medium,1,high
C003565,3,Y,medium,1,high
C003566,4,N,medium,0,medium
C003567,2,Y,short,1,high
C003568,2,N,short,0,medium
C003569,3,N,medium,0,medium
C003570,3,N,medium,0,medium
C003571,2,Y,short,1,high
C003572,3,N,medium,0,medium
C003573,3,N,medium,0,medium
C003574,3,N,medium,0,medium
C003575,3,N,medium,0,medium
C003576,4,Y,medium,1,high
C003577,2,N,short,0,medium
C003578,4,N,medium,0,medium
C003579,3,N,medium,0,medium
C003580,3,N,medium,0,medium
C003581,4,N,medium,0,medium
C003582,3,N,medium,0,medium
C003583,2,N,short,0,medium
C003584,2,N,short,0,medium
C003585,2,Y,short,1,high
C003586,2,N,short,0,medium
C003587,4,N,medium,0,medium
C003588,3,N,medium,0,medium
C003589,4,N,medium,0,medium
C003590,4,N,medium,0,medium
C003591,2,N,short,0,medium
C003592,3,N,medium,0,medium
C003593,2,N,short,0,medium
C003594,4,N,medium,0,medium
C003595,2,N,short,0,medium
C003596,3,N,medium,0,medium
C003597,4,N,medium,0,medium
C003598,4,N,medium,0,medium
C003599,4,N,medium,0,medium
C003600,3,N,medium,0,medium
C003601,3,Y,medium,1,high
C003602,2,N,short,0,medium
C003603,2,N,short,0,medium
C003604,2,N,short,0,medium
C003605,3,Y,medium,1,high
C003606,3,N,medium,0,medium
C003607,3,N,medium,0,medium
C003608,2,N,short,0,medium
C003609,4,N,medium,0,medium
C003610,4,N,medium,0,medium
C003611,3,N,medium,0,medium
C003612,2,N,short,0,medium
C003613,2,N,short,0,medium
C003614,4,N,medium,0,medium
C003615,2,N,short,0,medium
C003616,3,N,medium,0,medium
C003617,3,N,medium,0,medium
C003618,2,N,short,0,medium
C003619,4,N,medium,0,medium
C003620,3,N,medium,0,medium
C003621,4,N,medium,0,medium
C003622,2,N,short,0,medium
C003623,3,N,medium,0,medium
C003624,2,N,short,0,medium
C003625,2,N,short,0,medium
C003626,2,N,short,0,medium
C003627,3,Y,medium,1,high
C003628,4,N,medium,0,medium
C003629,4,Y,medium,1,high
C003630,2,N,short,0,medium
C003631,2,N,short,0,medium
C003632,2,N,short,0,medium
C003633,4,N,medium,0,medium
C003634,4,Y,medium,1,high
C003635,2,N,short,0,medium
C003636,3,N,medium,0,medium
C003637,4,N,medium,0,medium
C003638,2,N,short,0,medium
C003639,4,Y,medium,1,high
C003640,4,N,medium,0,medium
C003641,3,N,medium,0,medium
C003642,4,N,medium,0,medium
C003643,2,N,short,0,medium
C003644,3,Y,medium,1,high
C003645,4,Y,medium,1,high
C003646,2,N,short,0,medium
C003647,4,N,medium,0,medium
C003648,2,N,short,0,medium
C003649,2,N,short,0,medium
C003650,3,N,medium,0,medium
C003651,3,N,medium,0,medium
C003652,4,N,medium,0,medium
C003653,4,N,medium,0,medium
C003654,4,N,medium,0,medium
C003655,4,Y,medium,1,high
C003656,2,N,short,0,medium
C003657,4,N,medium,0,medium
C003658,3,N,medium,0,medium
C003659,3,N,medium,0,medium
C003660,2,N,short,0,medium
C003661,3,Y,medium,1,high
C003662,2,N,short,0,medium
C003663,4,N,medium,0,medium
C003664,4,N,medium,0,medium
C003665,3,N,medium,0,medium
C003666,4,N,medium,0,medium
C003667,2,N,short,0,medium
C003668,2,N,short,0,medium
C003669,2,N,short,0,medium
C003670,3,N,medium,0,medium
C003671,3,Y,medium,1,high
C003672,3,Y,medium,1,high
C003673,3,N,medium,0,medium
C003674,3,N,medium,0,medium
C003675,3,N,medium,0,medium
C003676,4,N,medium,0,medium
C003677,2,N,short,0,medium
C003678,3,N,medium,0,medium
C003679,3,N,medium,0,medium
C003680,3,N,medium,0,medium
C003681,2,N,short,0,medium
C003682,2,N,short,0,medium
C003683,2,Y,short,1,high
C003684,3,N,medium,0,medium
C003685,2,N,short,0,medium
C003686,3,N,medium,0,medium
C003687,2,N,short,0,medium
C003688,3,N,medium,0,medium
C003689,2,Y,short,1,high
C003690,4,N,medium,0,medium
C003691,4,N,medium,0,medium
C003692,4,Y,medium,1,high
C003693,3,N,medium,0,medium
C003694,4,N,medium,0,medium
C003695,3,N,medium,0,medium
C003696,2,N,short,0,medium
C003697,4,Y,medium,1,high
C003698,4,Y,medium,1,high
C003699,4,Y,medium,1,high
C003700,4,N,medium,0,medium
C003701,3,Y,medium,1,high
C003702,4,Y,medium,1,high
C003703,2,N,short,0,medium
C003704,4,Y,medium,1,high
C003705,3,N,medium,0,medium
C003706,3,N,medium,0,medium
C003707,2,Y,short,1,high
C003708,3,N,medium,0,medium
C003709,3,N,medium,0,medium
C003710,3,N,medium,0,medium
C003711,3,N,medium,0,medium
C003712,3,N,medium,0,medium
C003713,2,Y,short,1,high
C003714,3,N,medium,0,medium
C003715,4,Y,medium,1,high
C003716,4,N,medium,0,medium
C003717,4,N,medium,0,medium
C003718,4,N,medium,0,medium
C003719,2,N,short,0,medium
C003720,2,N,short,0,medium
C003721,2,N,short,0,medium
C003722,2,N,short,0,medium
C003723,3,N,medium,0,medium
C003724,3,N,medium,0,medium
C003725,3,N,medium,0,medium
C003726,2,N,short,0,medium
C003727,3,N,medium,0,medium
C003728,2,Y,short,1,high
C003729,4,N,medium,0,medium
C003730,3,N,medium,0,medium
C003731,3,N,medium,0,medium
C003732,2,N,short,0,medium
C003733,3,N,medium,0,medium
C003734,4,N,medium,0,medium
C003735,4,N,medium,0,medium
C003736,3,N,medium,0,medium
C003737,4,N,medium,0,medium
C003738,3,N,medium,0,medium
C003739,3,N,medium,0,medium
C003740,4,N,medium,0,medium
C003741,2,N,short,0,medium
C003742,4,N,medium,0,medium
C003743,4,Y,medium,1,high
C003744,2,N,short,0,medium
C003745,2,N,short,0,medium
C003746,3,N,medium,0,medium
C003747,4,N,medium,0,medium
C003748,4,N,medium,0,medium
C003749,4,N,medium,0,medium
C003750,3,N,medium,0,medium
C003751,3,Y,medium,1,high
C003752,3,N,medium,0,medium
C003753,2,N,short,0,medium
C003754,3,N,medium,0,medium
C003755,2,N,short,0,medium
C003756,2,N,short,0,medium
C003757,2,N,short,0,medium
C003758,4,N,medium,0,medium
C003759,4,N,medium,0,medium
C003760,2,N,short,0,medium
C003761,2,Y,short,1,high
C003762,4,Y,medium,1,high
C003763,4,N,medium,0,medium
C003764,2,N,short,0,medium
C003765,2,N,short,0,medium
C003766,4,N,medium,0,medium
C003767,2,N,short,0,medium
C003768,3,N,medium,0,medium
C003769,2,N,short,0,medium
C003770,2,N,short,0,medium
C003771,2,N,short,0,medium
C003772,3,N,medium,0,medium
C003773,2,N,short,0,medium
C003774,2,N,short,0,medium
C003775,2,N,short,0,medium
C003776,2,N,short,0,medium
C003777,3,N,medium,0,medium
C003778,2,N,short,0,medium
C003779,2,N,short,0,medium
C003780,3,N,medium,0,medium
C003781,2,N,short,0,medium
C003782,4,N,medium,0,medium
C003783,3,N,medium,0,medium
C003784,2,N,short,0,medium
C003785,4,N,medium,0,medium
C003786,2,N,short,0,medium
C003787,3,Y,medium,1,high
C003788,2,Y,short,1,high
C003789,4,Y,medium,1,high
C003790,3,N,medium,0,medium
C003791,2,N,short,0,medium
C003792,4,N,medium,0,medium
C003793,3,N,medium,0,medium
C003794,2,N,short,0,medium
C003795,4,N,medium,0,medium
C003796,3,N,medium,0,medium
C003797,4,N,medium,0,medium
C003798,3,N,medium,0,medium
C003799,3,N,medium,0,medium
C003800,2,N,short,0,medium
C003801,2,N,short,0,medium
C003802,2,N,short,0,medium
C003803,4,Y,medium,1,high
C003804,4,N,medium,0,medium
C003805,3,N,medium,0,medium
C003806,4,N,medium,0,medium
C003807,3,N,medium,0,medium
C003808,3,N,medium,0,medium
C003809,3,N,medium,0,medium
C003810,2,N,short,0,medium
C003811,3,N,medium,0,medium
C003812,4,N,medium,0,medium
C003813,3,N,medium,0,medium
C003814,3,N,medium,0,medium
C003815,3,N,medium,0,medium
C003816,3,N,medium,0,medium
C003817,4,Y,medium,1,high
C003818,4,N,medium,0,medium
C003819,4,Y,medium,1,high
C003820,4,N,medium,0,medium
C003821,3,N,medium,0,medium
C003822,4,N,medium,0,medium
C003823,3,N,medium,0,medium
C003824,4,N,medium,0,medium
C003825,2,N,short,0,medium
C003826,2,N,short,0,medium
C003827,3,Y,medium,1,high
C003828,2,N,short,0,medium
C003829,2,Y,short,1,high
C003830,3,Y,medium,1,high
C003831,4,Y,medium,1,high
C003832,2,N,short,0,medium
C003833,4,N,medium,0,medium
C003834,3,N,medium,0,medium
C003835,4,N,medium,0,medium
C003836,4,N,medium,0,medium
C003837,4,N,medium,0,medium
C003838,4,N,medium,0,medium
C003839,3,N,medium,0,medium
C003840,4,N,medium,0,medium
C003841,4,N,medium,0,medium
C003842,3,N,medium,0,medium
C003843,3,N,medium,0,medium
C003844,2,N,short,0,medium
C003845,4,N,medium,0,medium
C003846,2,N,short,0,medium
C003847,2,N,short,0,medium
C003848,4,N,medium,0,medium
C003849,4,N,medium,0,medium
C003850,3,N,medium,0,medium
C003851,4,Y,medium,1,high
C003852,4,N,medium,0,medium
C003853,4,N,medium,0,medium
C003854,2,Y,short,1,high
C003855,3,Y,medium,1,high
C003856,4,N,medium,0,medium
C003857,3,N,medium,0,medium
C003858,4,N,medium,0,medium
C003859,4,Y,medium,1,high
C003860,3,N,medium,0,medium
C003861,2,N,short,0,medium
C003862,3,N,medium,0,medium
C003863,2,N,short,0,medium
C003864,2,Y,short,1,high
C003865,3,N,medium,0,medium
C003866,4,N,medium,0,medium
C003867,2,N,short,0,medium
C003868,3,Y,medium,1,high
C003869,2,Y,short,1,high
C003870,4,N,medium,0,medium
C003871,4,N,medium,0,medium
C003872,2,N,short,0,medium
C003873,2,N,short,0,medium
C003874,2,N,short,0,medium
C003875,3,N,medium,0,medium
C003876,4,Y,medium,1,high
C003877,4,N,medium,0,medium
C003878,2,N,short,0,medium
C003879,3,Y,medium,1,high
C003880,3,N,medium,0,medium
C003881,2,N,short,0,medium
C003882,2,N,short,0,medium
C003883,3,N,medium,0,medium
C003884,3,N,medium,0,medium
C003885,2,Y,short,1,high
C003886,4,N,medium,0,medium
C003887,2,Y,short,1,high
C003888,4,N,medium,0,medium
C003889,4,Y,medium,1,high
C003890,4,N,medium,0,medium
C003891,4,N,medium,0,medium
C003892,3,N,medium,0,medium
C003893,4,N,medium,0,medium
C003894,2,N,short,0,medium
C003895,2,N,short,0,medium
C003896,3,N,medium,0,medium
C003897,3,Y,medium,1,high
C003898,2,N,short,0,medium
C003899,2,N,short,0,medium
C003900,2,N,short,0,medium
C003901,3,N,medium,0,medium
C003902,3,N,medium,0,medium
C003903,2,N,short,0,medium
C003904,2,N,short,0,medium
C003905,4,N,medium,0,medium
C003906,4,N,medium,0,medium
C003907,4,N,medium,0,medium
C003908,4,N,medium,0,medium
C003909,4,Y,medium,1,high
C003910,4,N,medium,0,medium
C003911,4,N,medium,0,medium
C003912,3,Y,medium,1,high
C003913,3,N,medium,0,medium
C003914,2,N,short,0,medium
C003915,3,Y,medium,1,high
C003916,4,N,medium,0,medium
C003917,4,N,medium,0,medium
C003918,3,N,medium,0,medium
C003919,4,N,medium,0,medium
C003920,4,N,medium,0,medium
C003921,4,N,medium,0,medium
C003922,2,N,short,0,medium
C003923,4,N,medium,0,medium
C003924,4,N,medium,0,medium
C003925,3,N,medium,0,medium
C003926,4,N,medium,0,medium
C003927,4,N,medium,0,medium
C003928,3,Y,medium,1,high
C003929,3,N,medium,0,medium
C003930,3,N,medium,0,medium
C003931,4,N,medium,0,medium
C003932,4,N,medium,0,medium
C003933,2,N,short,0,medium
C003934,2,N,short,0,medium
C003935,3,N,medium,0,medium
C003936,4,N,medium,0,medium
C003937,4,N,medium,0,medium
C003938,3,N,medium,0,medium
C003939,2,Y,short,1,high
C003940,3,N,medium,0,medium
C003941,4,N,medium,0,medium
C003942,4,Y,medium,1,high
C003943,3,N,medium,0,medium
C003944,4,Y,medium,1,high
C003945,4,N,medium,0,medium
C003946,3,N,medium,0,medium
C003947,4,N,medium,0,medium
C003948,3,N,medium,0,medium
C003949,2,N,short,0,medium
C003950,4,N,medium,0,medium
C003951,4,N,medium,0,medium
C003952,2,N,short,0,medium
C003953,3,Y,medium,1,high
C003954,3,N,medium,0,medium
C003955,3,N,medium,0,medium
C003956,2,N,short,0,medium
C003957,2,N,short,0,medium
C003958,2,N,short,0,medium
C003959,2,N,short,0,medium
C003960,4,N,medium,0,medium
C003961,2,Y,short,1,high
C003962,4,N,medium,0,medium
C003963,4,N,medium,0,medium
C003964,4,N,medium,0,medium
C003965,2,N,short,0,medium
C003966,2,N,short,0,medium
C003967,3,N,medium,0,medium
C003968,4,N,medium,0,medium
C003969,3,N,medium,0,medium
C003970,4,N,medium,0,medium
C003971,2,Y,short,1,high
C003972,3,N,medium,0,medium
C003973,3,N,medium,0,medium
C003974,3,N,medium,0,medium
C003975,2,N,short,0,medium
C003976,2,N,short,0,medium
C003977,2,N,short,0,medium
C003978,2,N,short,0,medium
C003979,4,N,medium,0,medium
C003980,2,Y,short,1,high
C003981,4,N,medium,0,medium
C003982,4,N,medium,0,medium
C003983,4,N,medium,0,medium
C003984,4,Y,medium,1,high
C003985,4,N,medium,0,medium
C003986,3,N,medium,0,medium
C003987,3,Y,medium,1,high
C003988,3,Y,medium,1,high
C003989,2,Y,short,1,high
C003990,3,N,medium,0,medium
C003991,3,N,medium,0,medium
C003992,2,N,short,0,medium
C003993,3,Y,medium,1,high
C003994,3,N,medium,0,medium
C003995,4,N,medium,0,medium
C003996,2,N,short,0,medium
C003997,3,N,medium,0,medium
C003998,2,N,short,0,medium
C003999,4,N,medium,0,medium
C004000,2,N,short,0,medium
C004001,2,N,short,0,medium
C004002,4,N,medium,0,medium
C004003,2,Y,short,1,high
C004004,4,N,medium,0,medium
C004005,2,N,short,0,medium
C004006,4,N,medium,0,medium
C004007,4,Y,medium,1,high
C004008,3,N,medium,0,medium
C004009,4,N,medium,0,medium
C004010,4,N,medium,0,medium
C004011,2,N,short,0,medium
C004012,2,N,short,0,medium
C004013,4,N,medium,0,medium
C004014,2,N,short,0,medium
C004015,2,N,short,0,medium
C004016,3,Y,medium,1,high
C004017,2,N,short,0,medium
C004018,4,N,medium,0,medium
C004019,2,N,short,0,medium
C004020,3,N,medium,0,medium
C004021,3,N,medium,0,medium
C004022,4,N,medium,0,medium
C004023,3,N,medium,0,medium
C004024,2,Y,short,1,high
C004025,3,N,medium,0,medium
C004026,2,N,short,0,medium
C004027,3,N,medium,0,medium
C004028,4,N,medium,0,medium
C004029,2,Y,short,1,high
C004030,3,N,medium,0,medium
C004031,3,Y,medium,1,high
C004032,2,Y,short,1,high
C004033,3,N,medium,0,medium
C004034,3,N,medium,0,medium
C004035,3,N,medium,0,medium
C004036,4,N,medium,0,medium
C004037,4,N,medium,0,medium
C004038,3,N,medium,0,medium
C004039,4,N,medium,0,medium
C004040,3,N,medium,0,medium
C004041,2,N,short,0,medium
C004042,2,N,short,0,medium
C004043,2,N,short,0,medium
C004044,4,N,medium,0,medium
C004045,4,N,medium,0,medium
C004046,2,N,short,0,medium
C004047,4,Y,medium,1,high
C004048,2,Y,short,1,high
C004049,3,N,medium,0,medium
C004050,2,N,short,0,medium
C004051,2,N,short,0,medium
C004052,2,N,short,0,medium
C004053,3,N,medium,0,medium
C004054,2,Y,short,1,high
C004055,2,N,short,0,medium
C004056,4,N,medium,0,medium
C004057,4,Y,medium,1,high
C004058,4,N,medium,0,medium
C004059,4,Y,medium,1,high
C004060,4,N,medium,0,medium
C004061,4,N,medium,0,medium
C004062,2,N,short,0,medium
C004063,3,N,medium,0,medium
C004064,2,N,short,0,medium
C004065,2,N,short,0,medium
C004066,2,N,short,0,medium
C004067,2,N,short,0,medium
C004068,4,N,medium,0,medium
C004069,4,N,medium,0,medium
C004070,2,N,short,0,medium
C004071,3,N,medium,0,medium
C004072,2,Y,short,1,high
C004073,3,N,medium,0,medium
C004074,3,N,medium,0,medium
C004075,3,N,medium,0,medium
C004076,4,Y,medium,1,high
C004077,4,N,medium,0,medium
C004078,4,N,medium,0,medium
C004079,4,N,medium,0,medium
C004080,2,N,short,0,medium
C004081,3,N,medium,0,medium
C004082,2,N,short,0,medium
C004083,2,N,short,0,medium
C004084,4,N,medium,0,medium
C004085,3,N,medium,0,medium
C004086,4,N,medium,0,medium
C004087,4,N,medium,0,medium
C004088,2,N,short,0,medium
C004089,3,N,medium,0,medium
C004090,4,N,medium,0,medium
C004091,3,N,medium,0,medium
C004092,2,N,short,0,medium
C004093,2,N,short,0,medium
C004094,3,N,medium,0,medium
C004095,3,N,medium,0,medium
C004096,3,N,medium,0,medium
C004097,3,Y,medium,1,high
C004098,2,N,short,0,medium
C004099,3,N,medium,0,medium
C004100,2,Y,short,1,high
C004101,4,N,medium,0,medium
C004102,2,Y,short,1,high
C004103,3,N,medium,0,medium
C004104,3,N,medium,0,medium
C004105,4,N,medium,0,medium
C004106,4,Y,medium,1,high
C004107,2,N,short,0,medium
C004108,3,N,medium,0,medium
C004109,2,Y,short,1,high
C004110,2,N,short,0,medium
C004111,4,N,medium,0,medium
C004112,4,N,medium,0,medium
C004113,3,N,medium,0,medium
C004114,4,N,medium,0,medium
C004115,3,N,medium,0,medium
C004116,3,N,medium,0,medium
C004117,4,Y,medium,1,high
C004118,4,N,medium,0,medium
C004119,3,N,medium,0,medium
C004120,2,N,short,0,medium
C004121,4,N,medium,0,medium
C004122,4,N,medium,0,medium
C004123,4,N,medium,0,medium
C004124,3,N,medium,0,medium
C004125,3,N,medium,0,medium
C004126,2,N,short,0,medium
C004127,4,N,medium,0,medium
C004128,2,N,short,0,medium
C004129,4,N,medium,0,medium
C004130,2,N,short,0,medium
C004131,3,Y,medium,1,high
C004132,4,N,medium,0,medium
C004133,2,N,short,0,medium
C004134,4,N,medium,0,medium
C004135,2,N,short,0,medium
C004136,4,N,medium,0,medium
C004137,3,N,medium,0,medium
C004138,4,Y,medium,1,high
C004139,4,N,medium,0,medium
C004140,3,N,medium,0,medium
C004141,2,N,short,0,medium
C004142,2,N,short,0,medium
C004143,2,Y,short,1,high
C004144,2,N,short,0,medium
C004145,4,N,medium,0,medium
C004146,2,Y,short,1,high
C004147,3,Y,medium,1,high
C004148,3,Y,medium,1,high
C004149,4,N,medium,0,medium
C004150,2,Y,short,1,high
C004151,3,N,medium,0,medium
C004152,4,N,medium,0,medium
C004153,4,N,medium,0,medium
C004154,4,N,medium,0,medium
C004155,2,N,short,0,medium
C004156,3,N,medium,0,medium
C004157,4,N,medium,0,medium
C004158,3,N,medium,0,medium
C004159,3,N,medium,0,medium
C004160,2,N,short,0,medium
C004161,4,N,medium,0,medium
C004162,3,N,medium,0,medium
C004163,3,N,medium,0,medium
C004164,4,N,medium,0,medium
C004165,2,N,short,0,medium
C004166,2,N,short,0,medium
C004167,4,N,medium,0,medium
C004168,2,N,short,0,medium
C004169,4,N,medium,0,medium
C004170,4,N,medium,0,medium
C004171,4,N,medium,0,medium
C004172,2,N,short,0,medium
C004173,2,N,short,0,medium
C004174,3,N,medium,0,medium
C004175,2,N,short,0,medium
C004176,4,N,medium,0,medium
C004177,2,N,short,0,medium
C004178,2,N,short,0,medium
C004179,2,N,short,0,medium
C004180,4,N,medium,0,medium
C004181,2,N,short,0,medium
C004182,2,N,short,0,medium
C004183,4,N,medium,0,medium
C004184,4,Y,medium,1,high
C004185,4,N,medium,0,medium
C004186,2,N,short,0,medium
C004187,3,Y,medium,1,high
C004188,2,N,short,0,medium
C004189,2,N,short,0,medium
C004190,4,N,medium,0,medium
C004191,4,N,medium,0,medium
C004192,2,N,short,0,medium
C004193,3,N,medium,0,medium
C004194,2,N,short,0,medium
C004195,2,N,short,0,medium
C004196,2,N,short,0,medium
C004197,4,N,medium,0,medium
C004198,2,N,short,0,medium
C004199,3,N,medium,0,medium
C004200,4,N,medium,0,medium
C004201,4,N,medium,0,medium
C004202,2,N,short,0,medium
C004203,3,N,medium,0,medium
C004204,4,N,medium,0,medium
C004205,4,N,medium,0,medium
C004206,2,Y,short,1,high
C004207,2,N,short,0,medium
C004208,3,Y,medium,1,high
C004209,3,N,medium,0,medium
C004210,3,N,medium,0,medium
C004211,2,N,short,0,medium
C004212,3,N,medium,0,medium
C004213,4,N,medium,0,medium
C004214,3,N,medium,0,medium
C004215,4,N,medium,0,medium
C004216,3,N,medium,0,medium
C004217,2,Y,short,1,high
C004218,3,N,medium,0,medium
C004219,4,N,medium,0,medium
C004220,3,N,medium,0,medium
C004221,2,N,short,0,medium
C004222,2,N,short,0,medium
C004223,2,N,short,0,medium
C004224,2,N,short,0,medium
C004225,4,N,medium,0,medium
C004226,4,N,medium,0,medium
C004227,3,N,medium,0,medium
C004228,2,N,short,0,medium
C004229,4,N,medium,0,medium
C004230,3,N,medium,0,medium
C004231,4,N,medium,0,medium
C004232,3,N,medium,0,medium
C004233,4,N,medium,0,medium
C004234,4,Y,medium,1,high
C004235,2,N,short,0,medium
C004236,2,N,short,0,medium
C004237,2,N,short,0,medium
C004238,4,N,medium,0,medium
C004239,4,N,medium,0,medium
C004240,3,N,medium,0,medium
C004241,2,N,short,0,medium
C004242,2,N,short,0,medium
C004243,3,N,medium,0,medium
C004244,3,N,medium,0,medium
C004245,4,N,medium,0,medium
C004246,3,N,medium,0,medium
C004247,2,N,short,0,medium
C004248,4,N,medium,0,medium
C004249,4,N,medium,0,medium
C004250,2,Y,short,1,high
C004251,3,N,medium,0,medium
C004252,4,N,medium,0,medium
C004253,3,N,medium,0,medium
C004254,4,N,medium,0,medium
C004255,4,N,medium,0,medium
C004256,4,N,medium,0,medium
C004257,2,N,short,0,medium
C004258,2,N,short,0,medium
C004259,3,N,medium,0,medium
C004260,3,N,medium,0,medium
C004261,2,N,short,0,medium
C004262,2,N,short,0,medium
C004263,3,N,medium,0,medium
C004264,4,N,medium,0,medium
C004265,2,Y,short,1,high
C004266,4,N,medium,0,medium
C004267,2,N,short,0,medium
C004268,3,Y,medium,1,high
C004269,4,N,medium,0,medium
C004270,2,N,short,0,medium
C004271,2,N,short,0,medium
C004272,2,N,short,0,medium
C004273,3,N,medium,0,medium
C004274,2,N,short,0,medium
C004275,3,N,medium,0,medium
C004276,4,N,medium,0,medium
C004277,2,N,short,0,medium
C004278,2,N,short,0,medium
C004279,3,N,medium,0,medium
C004280,2,N,short,0,medium
C004281,4,N,medium,0,medium
C004282,4,N,medium,0,medium
C004283,2,N,short,0,medium
C004284,3,N,medium,0,medium
C004285,3,N,medium,0,medium
C004286,3,Y,medium,1,high
C004287,2,N,short,0,medium
C004288,3,N,medium,0,medium
C004289,4,N,medium,0,medium
C004290,2,Y,short,1,high
C004291,2,Y,short,1,high
C004292,3,N,medium,0,medium
C004293,4,N,medium,0,medium
C004294,2,N,short,0,medium
C004295,2,Y,short,1,high
C004296,2,N,short,0,medium
C004297,3,N,medium,0,medium
C004298,3,N,medium,0,medium
C004299,4,N,medium,0,medium
C004300,4,Y,medium,1,high
C004301,4,N,medium,0,medium
C004302,3,N,medium,0,medium
C004303,4,N,medium,0,medium
C004304,2,N,short,0,medium
C004305,3,N,medium,0,medium
C004306,2,N,short,0,medium
C004307,4,Y,medium,1,high
C004308,4,N,medium,0,medium
C004309,2,N,short,0,medium
C004310,3,Y,medium,1,high
C004311,2,Y,short,1,high
C004312,2,N,short,0,medium
C004313,2,N,short,0,medium
C004314,2,Y,short,1,high
C004315,4,N,medium,0,medium
C004316,2,N,short,0,medium
C004317,3,N,medium,0,medium
C004318,2,N,short,0,medium
C004319,4,N,medium,0,medium
C004320,3,N,medium,0,medium
C004321,3,Y,medium,1,high
C004322,3,N,medium,0,medium
C004323,2,N,short,0,medium
C004324,4,N,medium,0,medium
C004325,2,N,short,0,medium
C004326,3,N,medium,0,medium
C004327,2,N,short,0,medium
C004328,3,N,medium,0,medium
C004329,4,N,medium,0,medium
C004330,3,Y,medium,1,high
C004331,4,N,medium,0,medium
C004332,2,N,short,0,medium
C004333,2,N,short,0,medium
C004334,3,N,medium,0,medium
C004335,3,N,medium,0,medium
C004336,4,N,medium,0,medium
C004337,3,N,medium,0,medium
C004338,3,N,medium,0,medium
C004339,2,N,short,0,medium
C004340,4,Y,medium,1,high
C004341,3,N,medium,0,medium
C004342,2,N,short,0,medium
C004343,4,N,medium,0,medium
C004344,3,N,medium,0,medium
C004345,3,N,medium,0,medium
C004346,2,Y,short,1,high
C004347,4,Y,medium,1,high
C004348,4,N,medium,0,medium
C004349,2,N,short,0,medium
C004350,3,N,medium,0,medium
C004351,4,N,medium,0,medium
C004352,3,N,medium,0,medium
C004353,3,N,medium,0,medium
C004354,3,Y,medium,1,high
C004355,2,N,short,0,medium
C004356,2,N,short,0,medium
C004357,4,N,medium,0,medium
C004358,3,N,medium,0,medium
C004359,3,N,medium,0,medium
C004360,2,N,short,0,medium
C004361,4,Y,medium,1,high
C004362,3,N,medium,0,medium
C004363,3,N,medium,0,medium
C004364,4,N,medium,0,medium
C004365,3,N,medium,0,medium
C004366,2,N,short,0,medium
C004367,4,N,medium,0,medium
C004368,2,Y,short,1,high
C004369,2,N,short,0,medium
C004370,3,N,medium,0,medium
C004371,3,Y,medium,1,high
C004372,2,N,short,0,medium
C004373,3,N,medium,0,medium
C004374,2,N,short,0,medium
C004375,4,N,medium,0,medium
C004376,4,N,medium,0,medium
C004377,3,Y,medium,1,high
C004378,4,N,medium,0,medium
C004379,4,N,medium,0,medium
C004380,2,N,short,0,medium
C004381,3,Y,medium,1,high
C004382,4,N,medium,0,medium
C004383,4,N,medium,0,medium
C004384,4,Y,medium,1,high
C004385,3,N,medium,0,medium
C004386,4,N,medium,0,medium
C004387,2,N,short,0,medium
C004388,4,N,medium,0,medium
C004389,3,N,medium,0,medium
C004390,2,N,short,0,medium
C004391,3,N,medium,0,medium
C004392,4,N,medium,0,medium
C004393,3,N,medium,0,medium
C004394,3,Y,medium,1,high
C004395,2,N,short,0,medium
C004396,4,N,medium,0,medium
C004397,4,N,medium,0,medium
C004398,2,N,short,0,medium
C004399,2,Y,short,1,high
C004400,4,N,medium,0,medium
C004401,3,N,medium,0,medium
C004402,4,N,medium,0,medium
C004403,4,N,medium,0,medium
C004404,2,N,short,0,medium
C004405,4,N,medium,0,medium
C004406,4,N,medium,0,medium
C004407,3,N,medium,0,medium
C004408,4,N,medium,0,medium
C004409,4,Y,medium,1,high
C004410,4,N,medium,0,medium
C004411,3,N,medium,0,medium
C004412,3,Y,medium,1,high
C004413,4,N,medium,0,medium
C004414,2,N,short,0,medium
C004415,2,N,short,0,medium
C004416,2,N,short,0,medium
C004417,3,N,medium,0,medium
C004418,2,N,short,0,medium
C004419,2,N,short,0,medium
C004420,2,Y,short,1,high
C004421,2,N,short,0,medium
C004422,3,N,medium,0,medium
C004423,3,N,medium,0,medium
C004424,2,N,short,0,medium
C004425,2,Y,short,1,high
C004426,2,N,short,0,medium
C004427,3,Y,medium,1,high
C004428,3,N,medium,0,medium
C004429,4,N,medium,0,medium
C004430,4,N,medium,0,medium
C004431,2,Y,short,1,high
C004432,3,Y,medium,1,high
C004433,4,N,medium,0,medium
C004434,4,N,medium,0,medium
C004435,3,Y,medium,1,high
C004436,3,N,medium,0,medium
C004437,4,N,medium,0,medium
C004438,4,N,medium,0,medium
C004439,4,N,medium,0,medium
C004440,4,N,medium,0,medium
C004441,4,N,medium,0,medium
C004442,2,N,short,0,medium
C004443,2,N,short,0,medium
C004444,3,N,medium,0,medium
C004445,2,N,short,0,medium
C004446,4,N,medium,0,medium
C004447,4,N,medium,0,medium
C004448,3,Y,medium,1,high
C004449,4,Y,medium,1,high
C004450,2,Y,short,1,high
C004451,4,N,medium,0,medium
C004452,2,Y,short,1,high
C004453,4,Y,medium,1,high
C004454,4,N,medium,0,medium
C004455,2,N,short,0,medium
C004456,2,N,short,0,medium
C004457,2,N,short,0,medium
C004458,4,N,medium,0,medium
C004459,3,N,medium,0,medium
C004460,4,N,medium,0,medium
C004461,2,N,short,0,medium
C004462,2,N,short,0,medium
C004463,3,N,medium,0,medium
C004464,3,N,medium,0,medium
C004465,2,N,short,0,medium
C004466,3,N,medium,0,medium
C004467,2,Y,short,1,high
C004468,2,Y,short,1,high
C004469,3,N,medium,0,medium
C004470,2,N,short,0,medium
C004471,2,Y,short,1,high
C004472,2,N,short,0,medium
C004473,3,N,medium,0,medium
C004474,2,N,short,0,medium
C004475,3,N,medium,0,medium
C004476,3,N,medium,0,medium
C004477,4,N,medium,0,medium
C004478,2,N,short,0,medium
C004479,4,N,medium,0,medium
C004480,2,N,short,0,medium
C004481,3,N,medium,0,medium
C004482,4,N,medium,0,medium
C004483,4,N,medium,0,medium
C004484,4,N,medium,0,medium
C004485,4,N,medium,0,medium
C004486,4,Y,medium,1,high
C004487,3,N,medium,0,medium
C004488,3,N,medium,0,medium
C004489,3,N,medium,0,medium
C004490,4,N,medium,0,medium
C004491,2,N,short,0,medium
C004492,2,N,short,0,medium
C004493,3,N,medium,0,medium
C004494,4,N,medium,0,medium
C004495,2,Y,short,1,high
C004496,4,N,medium,0,medium
C004497,3,N,medium,0,medium
C004498,2,N,short,0,medium
C004499,3,N,medium,0,medium
C004500,3,N,medium,0,medium
C004501,4,N,medium,0,medium
C004502,3,N,medium,0,medium
C004503,3,Y,medium,1,high
C004504,3,N,medium,0,medium
C004505,4,N,medium,0,medium
C004506,4,N,medium,0,medium
C004507,3,N,medium,0,medium
C004508,4,N,medium,0,medium
C004509,2,N,short,0,medium
C004510,2,N,short,0,medium
C004511,4,N,medium,0,medium
C004512,2,N,short,0,medium
C004513,3,N,medium,0,medium
C004514,4,N,medium,0,medium
C004515,3,N,medium,0,medium
C004516,3,Y,medium,1,high
C004517,2,N,short,0,medium
C004518,2,N,short,0,medium
C004519,2,N,short,0,medium
C004520,3,N,medium,0,medium
C004521,2,N,short,0,medium
C004522,2,Y,short,1,high
C004523,4,N,medium,0,medium
C004524,2,N,short,0,medium
C004525,4,N,medium,0,medium
C004526,2,N,short,0,medium
C004527,2,Y,short,1,high
C004528,3,N,medium,0,medium
C004529,3,N,medium,0,medium
C004530,2,N,short,0,medium
C004531,3,N,medium,0,medium
C004532,3,N,medium,0,medium
C004533,4,Y,medium,1,high
C004534,4,N,medium,0,medium
C004535,4,N,medium,0,medium
C004536,2,N,short,0,medium
C004537,2,Y,short,1,high
C004538,4,N,medium,0,medium
C004539,3,N,medium,0,medium
C004540,2,N,short,0,medium
C004541,3,N,medium,0,medium
C004542,3,N,medium,0,medium
C004543,3,N,medium,0,medium
C004544,4,N,medium,0,medium
C004545,4,Y,medium,1,high
C004546,2,N,short,0,medium
C004547,2,N,short,0,medium
C004548,2,N,short,0,medium
C004549,4,N,medium,0,medium
C004550,2,Y,short,1,high
C004551,2,N,short,0,medium
C004552,3,N,medium,0,medium
C004553,2,N,short,0,medium
C004554,4,N,medium,0,medium
C004555,3,N,medium,0,medium
C004556,4,N,medium,0,medium
C004557,3,N,medium,0,medium
C004558,3,N,medium,0,medium
C004559,3,Y,medium,1,high
C004560,4,N,medium,0,medium
C004561,3,N,medium,0,medium
C004562,2,N,short,0,medium
C004563,3,N,medium,0,medium
C004564,4,N,medium,0,medium
C004565,4,N,medium,0,medium
C004566,2,N,short,0,medium
C004567,2,N,short,0,medium
C004568,3,Y,medium,1,high
C004569,3,N,medium,0,medium
C004570,2,Y,short,1,high
C004571,4,N,medium,0,medium
C004572,3,N,medium,0,medium
C004573,3,N,medium,0,medium
C004574,4,N,medium,0,medium
C004575,4,Y,medium,1,high
C004576,2,Y,short,1,high
C004577,3,Y,medium,1,high
C004578,2,N,short,0,medium
C004579,3,Y,medium,1,high
C004580,2,N,short,0,medium
C004581,2,N,short,0,medium
C004582,3,N,medium,0,medium
C004583,4,N,medium,0,medium
C004584,2,N,short,0,medium
C004585,2,Y,short,1,high
C004586,3,Y,medium,1,high
C004587,2,N,short,0,medium
C004588,2,N,short,0,medium
C004589,2,N,short,0,medium
C004590,2,N,short,0,medium
C004591,3,N,medium,0,medium
C004592,3,N,medium,0,medium
C004593,3,Y,medium,1,high
C004594,2,N,short,0,medium
C004595,3,N,medium,0,medium
C004596,4,N,medium,0,medium
C004597,4,N,medium,0,medium
C004598,2,N,short,0,medium
C004599,4,N,medium,0,medium
C004600,4,N,medium,0,medium
C004601,2,N,short,0,medium
C004602,2,N,short,0,medium
C004603,3,N,medium,0,medium
C004604,4,Y,medium,1,high
C004605,2,N,short,0,medium
C004606,4,N,medium,0,medium
C004607,3,N,medium,0,medium
C004608,3,N,medium,0,medium
C004609,3,N,medium,0,medium
C004610,2,N,short,0,medium
C004611,2,N,short,0,medium
C004612,2,N,short,0,medium
C004613,4,Y,medium,1,high
C004614,4,N,medium,0,medium
C004615,2,N,short,0,medium
C004616,2,N,short,0,medium
C004617,2,N,short,0,medium
C004618,3,N,medium,0,medium
C004619,4,N,medium,0,medium
C004620,3,N,medium,0,medium
C004621,2,N,short,0,medium
C004622,2,N,short,0,medium
C004623,2,N,short,0,medium
C004624,4,N,medium,0,medium
C004625,2,Y,short,1,high
C004626,2,N,short,0,medium
C004627,3,N,medium,0,medium
C004628,4,N,medium,0,medium
C004629,3,Y,medium,1,high
C004630,4,Y,medium,1,high
C004631,2,N,short,0,medium
C004632,2,N,short,0,medium
C004633,4,N,medium,0,medium
C004634,4,N,medium,0,medium
C004635,3,N,medium,0,medium
C004636,3,N,medium,0,medium
C004637,3,N,medium,0,medium
C004638,2,N,short,0,medium
C004639,4,N,medium,0,medium
C004640,2,N,short,0,medium
C004641,2,N,short,0,medium
C004642,3,N,medium,0,medium
C004643,4,Y,medium,1,high
C004644,3,N,medium,0,medium
C004645,3,N,medium,0,medium
C004646,4,Y,medium,1,high
C004647,2,N,short,0,medium
C004648,2,N,short,0,medium
C004649,3,N,medium,0,medium
C004650,4,N,medium,0,medium
C004651,2,N,short,0,medium
C004652,3,Y,medium,1,high
C004653,4,N,medium,0,medium
C004654,2,N,short,0,medium
C004655,2,N,short,0,medium
C004656,2,N,short,0,medium
C004657,3,N,medium,0,medium
C004658,2,N,short,0,medium
C004659,3,N,medium,0,medium
C004660,3,N,medium,0,medium
C004661,4,Y,medium,1,high
C004662,2,N,short,0,medium
C004663,4,N,medium,0,medium
C004664,3,N,medium,0,medium
C004665,4,N,medium,0,medium
C004666,4,N,medium,0,medium
C004667,2,N,short,0,medium
C004668,4,N,medium,0,medium
C004669,4,N,medium,0,medium
C004670,2,N,short,0,medium
C004671,3,N,medium,0,medium
C004672,2,N,short,0,medium
C004673,4,N,medium,0,medium
C004674,4,N,medium,0,medium
C004675,4,N,medium,0,medium
C004676,2,N,short,0,medium
C004677,3,N,medium,0,medium
C004678,3,N,medium,0,medium
C004679,4,N,medium,0,medium
C004680,2,Y,short,1,high
C004681,3,N,medium,0,medium
C004682,4,N,medium,0,medium
C004683,2,Y,short,1,high
C004684,3,N,medium,0,medium
C004685,2,N,short,0,medium
C004686,4,Y,medium,1,high
C004687,2,N,short,0,medium
C004688,2,N,short,0,medium
C004689,4,Y,medium,1,high
C004690,4,N,medium,0,medium
C004691,2,Y,short,1,high
C004692,4,N,medium,0,medium
C004693,2,N,short,0,medium
C004694,3,N,medium,0,medium
C004695,2,N,short,0,medium
C004696,3,N,medium,0,medium
C004697,2,N,short,0,medium
C004698,3,N,medium,0,medium
C004699,2,N,short,0,medium
C004700,3,Y,medium,1,high
C004701,4,N,medium,0,medium
C004702,3,N,medium,0,medium
C004703,2,N,short,0,medium
C004704,3,N,medium,0,medium
C004705,4,N,medium,0,medium
C004706,4,N,medium,0,medium
C004707,4,N,medium,0,medium
C004708,3,Y,medium,1,high
C004709,2,N,short,0,medium
C004710,4,N,medium,0,medium
C004711,3,N,medium,0,medium
C004712,2,N,short,0,medium
C004713,3,N,medium,0,medium
C004714,4,N,medium,0,medium
C004715,3,N,medium,0,medium
C004716,3,Y,medium,1,high
C004717,2,N,short,0,medium
C004718,4,N,medium,0,medium
C004719,4,N,medium,0,medium
C004720,3,N,medium,0,medium
C004721,2,N,short,0,medium
C004722,2,N,short,0,medium
C004723,2,N,short,0,medium
C004724,2,N,short,0,medium
C004725,4,N,medium,0,medium
C004726,3,N,medium,0,medium
C004727,2,N,short,0,medium
C004728,4,N,medium,0,medium
C004729,4,N,medium,0,medium
C004730,3,N,medium,0,medium
C004731,4,N,medium,0,medium
C004732,2,N,short,0,medium
C004733,3,N,medium,0,medium
C004734,3,N,medium,0,medium
C004735,4,N,medium,0,medium
C004736,2,Y,short,1,high
C004737,3,N,medium,0,medium
C004738,2,Y,short,1,high
C004739,2,Y,short,1,high
C004740,2,N,short,0,medium
C004741,2,N,short,0,medium
C004742,3,N,medium,0,medium
C004743,3,N,medium,0,medium
C004744,2,N,short,0,medium
C004745,3,N,medium,0,medium
C004746,2,N,short,0,medium
C004747,2,N,short,0,medium
C004748,2,N,short,0,medium
C004749,2,N,short,0,medium
C004750,3,N,medium,0,medium
C004751,4,N,medium,0,medium
C004752,2,N,short,0,medium
C004753,4,N,medium,0,medium
C004754,4,N,medium,0,medium
C004755,4,Y,medium,1,high
C004756,3,N,medium,0,medium
C004757,2,N,short,0,medium
C004758,2,N,short,0,medium
C004759,4,N,medium,0,medium
C004760,2,N,short,0,medium
C004761,3,N,medium,0,medium
C004762,3,Y,medium,1,high
C004763,4,N,medium,0,medium
C004764,2,N,short,0,medium
C004765,2,N,short,0,medium
C004766,3,N,medium,0,medium
C004767,2,N,short,0,medium
C004768,3,N,medium,0,medium
C004769,3,N,medium,0,medium
C004770,4,N,medium,0,medium
C004771,4,Y,medium,1,high
C004772,4,N,medium,0,medium
C004773,2,N,short,0,medium
C004774,3,N,medium,0,medium
C004775,2,N,short,0,medium
C004776,4,N,medium,0,medium
C004777,2,N,short,0,medium
C004778,3,N,medium,0,medium
C004779,3,Y,medium,1,high
C004780,4,N,medium,0,medium
C004781,2,N,short,0,medium
C004782,3,N,medium,0,medium
C004783,4,N,medium,0,medium
C004784,2,N,short,0,medium
C004785,2,N,short,0,medium
C004786,4,N,medium,0,medium
C004787,3,Y,medium,1,high
C004788,3,N,medium,0,medium
C004789,4,N,medium,0,medium
C004790,2,N,short,0,medium
C004791,2,N,short,0,medium
C004792,2,N,short,0,medium
C004793,4,N,medium,0,medium
C004794,3,N,medium,0,medium
C004795,2,N,short,0,medium
C004796,2,N,short,0,medium
C004797,4,N,medium,0,medium
C004798,4,N,medium,0,medium
C004799,4,Y,medium,1,high
C004800,3,N,medium,0,medium
C004801,4,N,medium,0,medium
C004802,3,N,medium,0,medium
C004803,3,N,medium,0,medium
C004804,4,N,medium,0,medium
C004805,2,N,short,0,medium
C004806,4,N,medium,0,medium
C004807,2,N,short,0,medium
C004808,4,N,medium,0,medium
C004809,4,N,medium,0,medium
C004810,4,N,medium,0,medium
C004811,2,N,short,0,medium
C004812,2,Y,short,1,high
C004813,3,N,medium,0,medium
C004814,3,N,medium,0,medium
C004815,3,N,medium,0,medium
C004816,2,N,short,0,medium
C004817,3,N,medium,0,medium
C004818,2,N,short,0,medium
C004819,2,N,short,0,medium
C004820,2,Y,short,1,high
C004821,2,N,short,0,medium
C004822,4,N,medium,0,medium
C004823,4,N,medium,0,medium
C004824,2,N,short,0,medium
C004825,3,N,medium,0,medium
C004826,3,N,medium,0,medium
C004827,4,N,medium,0,medium
C004828,2,N,short,0,medium
C004829,3,N,medium,0,medium
C004830,4,N,medium,0,medium
C004831,3,N,medium,0,medium
C004832,3,Y,medium,1,high
C004833,2,N,short,0,medium
C004834,3,Y,medium,1,high
C004835,3,N,medium,0,medium
C004836,3,Y,medium,1,high
C004837,2,N,short,0,medium
C004838,2,N,short,0,medium
C004839,2,N,short,0,medium
C004840,3,N,medium,0,medium
C004841,4,N,medium,0,medium
C004842,4,N,medium,0,medium
C004843,2,N,short,0,medium
C004844,4,Y,medium,1,high
C004845,2,N,short,0,medium
C004846,4,N,medium,0,medium
C004847,3,Y,medium,1,high
C004848,4,N,medium,0,medium
C004849,3,N,medium,0,medium
C004850,4,N,medium,0,medium
C004851,3,N,medium,0,medium
C004852,2,N,short,0,medium
C004853,2,N,short,0,medium
C004854,4,N,medium,0,medium
C004855,4,N,medium,0,medium
C004856,3,Y,medium,1,high
C004857,4,Y,medium,1,high
C004858,3,N,medium,0,medium
C004859,4,N,medium,0,medium
C004860,4,N,medium,0,medium
C004861,4,N,medium,0,medium
C004862,2,N,short,0,medium
C004863,4,N,medium,0,medium
C004864,3,N,medium,0,medium
C004865,4,N,medium,0,medium
C004866,2,N,short,0,medium
C004867,3,N,medium,0,medium
C004868,4,N,medium,0,medium
C004869,3,N,medium,0,medium
C004870,2,N,short,0,medium
C004871,2,N,short,0,medium
C004872,4,N,medium,0,medium
C004873,3,Y,medium,1,high
C004874,3,Y,medium,1,high
C004875,2,N,short,0,medium
C004876,4,N,medium,0,medium
C004877,2,N,short,0,medium
C004878,3,N,medium,0,medium
C004879,3,N,medium,0,medium
C004880,4,N,medium,0,medium
C004881,4,N,medium,0,medium
C004882,3,N,medium,0,medium
C004883,4,Y,medium,1,high
C004884,4,N,medium,0,medium
C004885,3,N,medium,0,medium
C004886,3,Y,medium,1,high
C004887,4,N,medium,0,medium
C004888,2,N,short,0,medium
C004889,4,N,medium,0,medium
C004890,3,N,medium,0,medium
C004891,2,N,short,0,medium
C004892,4,N,medium,0,medium
C004893,4,N,medium,0,medium
C004894,2,N,short,0,medium
C004895,2,N,short,0,medium
C004896,3,N,medium,0,medium
C004897,3,N,medium,0,medium
C004898,2,N,short,0,medium
C004899,4,N,medium,0,medium
C004900,2,N,short,0,medium
C004901,2,N,short,0,medium
C004902,3,N,medium,0,medium
C004903,4,N,medium,0,medium
C004904,3,N,medium,0,medium
C004905,2,N,short,0,medium
C004906,3,N,medium,0,medium
C004907,4,N,medium,0,medium
C004908,3,N,medium,0,medium
C004909,2,N,short,0,medium
C004910,3,N,medium,0,medium
C004911,2,Y,short,1,high
C004912,2,N,short,0,medium
C004913,2,Y,short,1,high
C004914,4,N,medium,0,medium
C004915,2,N,short,0,medium
C004916,4,N,medium,0,medium
C004917,2,Y,short,1,high
C004918,4,N,medium,0,medium
C004919,3,N,medium,0,medium
C004920,2,N,short,0,medium
C004921,3,N,medium,0,medium
C004922,2,N,short,0,medium
C004923,2,N,short,0,medium
C004924,2,N,short,0,medium
C004925,4,N,medium,0,medium
C004926,3,N,medium,0,medium
C004927,4,N,medium,0,medium
C004928,2,N,short,0,medium
C004929,3,Y,medium,1,high
C004930,2,N,short,0,medium
C004931,3,N,medium,0,medium
C004932,2,N,short,0,medium
C004933,3,Y,medium,1,high
C004934,4,N,medium,0,medium
C004935,3,Y,medium,1,high
C004936,4,N,medium,0,medium
C004937,2,Y,short,1,high
C004938,4,N,medium,0,medium
C004939,3,N,medium,0,medium
C004940,3,N,medium,0,medium
C004941,4,N,medium,0,medium
C004942,4,N,medium,0,medium
C004943,3,N,medium,0,medium
C004944,4,Y,medium,1,high
C004945,3,Y,medium,1,high
C004946,2,Y,short,1,high
C004947,2,N,short,0,medium
C004948,4,N,medium,0,medium
C004949,2,N,short,0,medium
C004950,4,N,medium,0,medium
C004951,2,N,short,0,medium
C004952,2,N,short,0,medium
C004953,2,N,short,0,medium
C004954,2,N,short,0,medium
C004955,3,N,medium,0,medium
C004956,4,N,medium,0,medium
C004957,2,N,short,0,medium
C004958,4,N,medium,0,medium
C004959,4,N,medium,0,medium
C004960,4,N,medium,0,medium
C004961,4,N,medium,0,medium
C004962,4,N,medium,0,medium
C004963,2,Y,short,1,high
C004964,4,N,medium,0,medium
C004965,4,N,medium,0,medium
C004966,2,N,short,0,medium
C004967,2,N,short,0,medium
C004968,3,N,medium,0,medium
C004969,4,N,medium,0,medium
C004970,3,Y,medium,1,high
C004971,2,N,short,0,medium
C004972,3,N,medium,0,medium
C004973,2,N,short,0,medium
C004974,4,N,medium,0,medium
C004975,4,Y,medium,1,high
C004976,4,N,medium,0,medium
C004977,3,N,medium,0,medium
C004978,4,N,medium,0,medium
C004979,2,N,short,0,medium
C004980,3,N,medium,0,medium
C004981,4,Y,medium,1,high
C004982,3,N,medium,0,medium
C004983,3,N,medium,0,medium
C004984,3,Y,medium,1,high
C004985,2,N,short,0,medium
C004986,4,N,medium,0,medium
C004987,4,Y,medium,1,high
C004988,4,N,medium,0,medium
C004989,2,N,short,0,medium
C004990,3,N,medium,0,medium
C004991,3,N,medium,0,medium
C004992,3,N,medium,0,medium
C004993,2,N,short,0,medium
C004994,2,N,short,0,medium
C004995,3,N,medium,0,medium
C004996,4,Y,medium,1,high
C004997,3,Y,medium,1,high
C004998,4,N,medium,0,medium
C004999,2,N,short,0,medium
C005000,4,N,medium,0,medium
C005001,3,N,medium,0,medium
C005002,3,N,medium,0,medium
C005003,2,N,short,0,medium
C005004,2,N,short,0,medium
C005005,4,N,medium,0,medium
C005006,2,N,short,0,medium
C005007,3,N,medium,0,medium
C005008,3,N,medium,0,medium
C005009,3,N,medium,0,medium
C005010,4,N,medium,0,medium
C005011,4,N,medium,0,medium
C005012,4,N,medium,0,medium
C005013,2,N,short,0,medium
C005014,2,N,short,0,medium
C005015,3,Y,medium,1,high
C005016,4,N,medium,0,medium
C005017,3,N,medium,0,medium
C005018,2,N,short,0,medium
C005019,3,Y,medium,1,high
C005020,3,N,medium,0,medium
C005021,4,N,medium,0,medium
C005022,4,N,medium,0,medium
C005023,4,N,medium,0,medium
C005024,4,Y,medium,1,high
C005025,2,Y,short,1,high
C005026,3,N,medium,0,medium
C005027,3,N,medium,0,medium
C005028,2,N,short,0,medium
C005029,2,Y,short,1,high
C005030,4,N,medium,0,medium
C005031,4,N,medium,0,medium
C005032,3,Y,medium,1,high
C005033,2,Y,short,1,high
C005034,2,N,short,0,medium
C005035,2,N,short,0,medium
C005036,2,Y,short,1,high
C005037,4,Y,medium,1,high
C005038,4,N,medium,0,medium
C005039,3,N,medium,0,medium
C005040,3,N,medium,0,medium
C005041,3,N,medium,0,medium
C005042,4,N,medium,0,medium
C005043,4,N,medium,0,medium
C005044,2,N,short,0,medium
C005045,3,N,medium,0,medium
C005046,4,N,medium,0,medium
C005047,2,Y,short,1,high
C005048,4,N,medium,0,medium
C005049,3,N,medium,0,medium
C005050,2,N,short,0,medium
C005051,3,N,medium,0,medium
C005052,4,N,medium,0,medium
C005053,3,N,medium,0,medium
C005054,2,Y,short,1,high
C005055,3,N,medium,0,medium
C005056,3,N,medium,0,medium
C005057,2,N,short,0,medium
C005058,2,N,short,0,medium
C005059,2,N,short,0,medium
C005060,4,N,medium,0,medium
C005061,2,N,short,0,medium
C005062,2,N,short,0,medium
C005063,4,N,medium,0,medium
C005064,4,N,medium,0,medium
C005065,2,N,short,0,medium
C005066,4,Y,medium,1,high
C005067,2,Y,short,1,high
C005068,2,N,short,0,medium
C005069,2,N,short,0,medium
C005070,2,Y,short,1,high
C005071,2,N,short,0,medium
C005072,2,N,short,0,medium
C005073,4,N,medium,0,medium
C005074,4,N,medium,0,medium
C005075,2,N,short,0,medium
C005076,3,N,medium,0,medium
C005077,2,N,short,0,medium
C005078,4,N,medium,0,medium
C005079,3,N,medium,0,medium
C005080,3,N,medium,0,medium
C005081,4,N,medium,0,medium
C005082,4,N,medium,0,medium
C005083,2,N,short,0,medium
C005084,4,Y,medium,1,high
C005085,2,N,short,0,medium
C005086,3,N,medium,0,medium
C005087,3,N,medium,0,medium
C005088,3,N,medium,0,medium
C005089,4,Y,medium,1,high
C005090,2,N,short,0,medium
C005091,3,N,medium,0,medium
C005092,2,N,short,0,medium
C005093,4,N,medium,0,medium
C005094,4,N,medium,0,medium
C005095,2,N,short,0,medium
C005096,2,N,short,0,medium
C005097,3,N,medium,0,medium
C005098,2,N,short,0,medium
C005099,2,N,short,0,medium
C005100,2,N,short,0,medium
C005101,4,N,medium,0,medium
C005102,4,N,medium,0,medium
C005103,3,N,medium,0,medium
C005104,4,N,medium,0,medium
C005105,3,N,medium,0,medium
C005106,2,N,short,0,medium
C005107,2,Y,short,1,high
C005108,2,N,short,0,medium
C005109,3,N,medium,0,medium
C005110,2,N,short,0,medium
C005111,3,N,medium,0,medium
C005112,2,N,short,0,medium
C005113,3,N,medium,0,medium
C005114,3,N,medium,0,medium
C005115,4,N,medium,0,medium
C005116,2,N,short,0,medium
C005117,4,N,medium,0,medium
C005118,4,N,medium,0,medium
C005119,3,N,medium,0,medium
C005120,4,N,medium,0,medium
C005121,2,N,short,0,medium
C005122,4,N,medium,0,medium
C005123,3,N,medium,0,medium
C005124,2,N,short,0,medium
C005125,3,N,medium,0,medium
C005126,3,N,medium,0,medium
C005127,4,N,medium,0,medium
C005128,4,N,medium,0,medium
C005129,4,N,medium,0,medium
C005130,2,N,short,0,medium
C005131,3,N,medium,0,medium
C005132,4,Y,medium,1,high
C005133,4,N,medium,0,medium
C005134,2,N,short,0,medium
C005135,3,N,medium,0,medium
C005136,2,N,short,0,medium
C005137,4,N,medium,0,medium
C005138,4,N,medium,0,medium
C005139,4,N,medium,0,medium
C005140,4,N,medium,0,medium
C005141,2,N,short,0,medium
C005142,3,N,medium,0,medium
C005143,2,N,short,0,medium
C005144,3,N,medium,0,medium
C005145,2,N,short,0,medium
C005146,3,N,medium,0,medium
C005147,3,N,medium,0,medium
C005148,2,N,short,0,medium
C005149,2,N,short,0,medium
C005150,4,N,medium,0,medium
C005151,4,N,medium,0,medium
C005152,4,N,medium,0,medium
C005153,3,N,medium,0,medium
C005154,3,N,medium,0,medium
C005155,4,N,medium,0,medium
C005156,2,N,short,0,medium
C005157,4,N,medium,0,medium
C005158,4,N,medium,0,medium
C005159,4,N,medium,0,medium
C005160,3,N,medium,0,medium
C005161,4,N,medium,0,medium
C005162,4,N,medium,0,medium
C005163,2,N,short,0,medium
C005164,2,N,short,0,medium
C005165,2,Y,short,1,high
C005166,2,N,short,0,medium
C005167,2,N,short,0,medium
C005168,2,N,short,0,medium
C005169,2,N,short,0,medium
C005170,2,N,short,0,medium
C005171,3,N,medium,0,medium
C005172,2,N,short,0,medium
C005173,3,N,medium,0,medium
C005174,2,Y,short,1,high
C005175,4,N,medium,0,medium
C005176,3,N,medium,0,medium
C005177,4,N,medium,0,medium
C005178,4,N,medium,0,medium
C005179,3,Y,medium,1,high
C005180,2,Y,short,1,high
C005181,4,N,medium,0,medium
C005182,2,N,short,0,medium
C005183,2,N,short,0,medium
C005184,3,N,medium,0,medium
C005185,2,Y,short,1,high
C005186,2,N,short,0,medium
C005187,3,Y,medium,1,high
C005188,2,N,short,0,medium
C005189,4,N,medium,0,medium
C005190,2,N,short,0,medium
C005191,2,N,short,0,medium
C005192,4,N,medium,0,medium
C005193,2,N,short,0,medium
C005194,2,N,short,0,medium
C005195,4,N,medium,0,medium
C005196,4,N,medium,0,medium
C005197,3,Y,medium,1,high
C005198,2,N,short,0,medium
C005199,4,N,medium,0,medium
C005200,2,N,short,0,medium
C005201,3,N,medium,0,medium
C005202,4,N,medium,0,medium
C005203,3,N,medium,0,medium
C005204,3,Y,medium,1,high
C005205,3,N,medium,0,medium
C005206,2,N,short,0,medium
C005207,3,Y,medium,1,high
C005208,3,Y,medium,1,high
C005209,4,N,medium,0,medium
C005210,2,N,short,0,medium
C005211,3,N,medium,0,medium
C005212,4,Y,medium,1,high
C005213,4,N,medium,0,medium
C005214,2,N,short,0,medium
C005215,2,N,short,0,medium
C005216,4,N,medium,0,medium
C005217,3,N,medium,0,medium
C005218,3,N,medium,0,medium
C005219,2,N,short,0,medium
C005220,4,N,medium,0,medium
C005221,4,N,medium,0,medium
C005222,3,N,medium,0,medium
C005223,3,Y,medium,1,high
C005224,4,Y,medium,1,high
C005225,2,N,short,0,medium
C005226,3,Y,medium,1,high
C005227,2,N,short,0,medium
C005228,3,N,medium,0,medium
C005229,2,N,short,0,medium
C005230,4,N,medium,0,medium
C005231,4,N,medium,0,medium
C005232,3,Y,medium,1,high
C005233,3,N,medium,0,medium
C005234,3,N,medium,0,medium
C005235,4,Y,medium,1,high
C005236,4,N,medium,0,medium
C005237,3,Y,medium,1,high
C005238,2,N,short,0,medium
C005239,2,N,short,0,medium
C005240,4,N,medium,0,medium
C005241,2,N,short,0,medium
C005242,4,N,medium,0,medium
C005243,2,N,short,0,medium
C005244,3,Y,medium,1,high
C005245,4,N,medium,0,medium
C005246,2,N,short,0,medium
C005247,4,N,medium,0,medium
C005248,4,Y,medium,1,high
C005249,2,N,short,0,medium
C005250,4,N,medium,0,medium
C005251,3,N,medium,0,medium
C005252,4,N,medium,0,medium
C005253,2,N,short,0,medium
C005254,3,Y,medium,1,high
C005255,4,N,medium,0,medium
C005256,4,N,medium,0,medium
C005257,2,N,short,0,medium
C005258,3,N,medium,0,medium
C005259,3,N,medium,0,medium
C005260,3,N,medium,0,medium
C005261,3,Y,medium,1,high
C005262,3,N,medium,0,medium
C005263,2,N,short,0,medium
C005264,4,N,medium,0,medium
C005265,2,Y,short,1,high
C005266,2,Y,short,1,high
C005267,2,Y,short,1,high
C005268,2,N,short,0,medium
C005269,4,N,medium,0,medium
C005270,3,N,medium,0,medium
C005271,4,N,medium,0,medium
C005272,4,N,medium,0,medium
C005273,3,N,medium,0,medium
C005274,4,N,medium,0,medium
C005275,4,N,medium,0,medium
C005276,2,N,short,0,medium
C005277,2,N,short,0,medium
C005278,2,N,short,0,medium
C005279,3,N,medium,0,medium
C005280,2,N,short,0,medium
C005281,4,Y,medium,1,high
C005282,4,N,medium,0,medium
C005283,2,Y,short,1,high
C005284,4,N,medium,0,medium
C005285,3,N,medium,0,medium
C005286,2,N,short,0,medium
C005287,4,Y,medium,1,high
C005288,2,N,short,0,medium
C005289,2,Y,short,1,high
C005290,4,N,medium,0,medium
C005291,3,N,medium,0,medium
C005292,4,N,medium,0,medium
C005293,2,N,short,0,medium
C005294,3,Y,medium,1,high
C005295,4,Y,medium,1,high
C005296,3,N,medium,0,medium
C005297,4,N,medium,0,medium
C005298,3,N,medium,0,medium
C005299,3,N,medium,0,medium
C005300,4,N,medium,0,medium
C005301,4,Y,medium,1,high
C005302,3,N,medium,0,medium
C005303,2,N,short,0,medium
C005304,4,N,medium,0,medium
C005305,4,N,medium,0,medium
C005306,3,N,medium,0,medium
C005307,3,N,medium,0,medium
C005308,2,N,short,0,medium
C005309,2,Y,short,1,high
C005310,2,N,short,0,medium
C005311,4,N,medium,0,medium
C005312,2,N,short,0,medium
C005313,2,Y,short,1,high
C005314,3,N,medium,0,medium
C005315,3,N,medium,0,medium
C005316,2,N,short,0,medium
C005317,3,N,medium,0,medium
C005318,2,N,short,0,medium
C005319,2,N,short,0,medium
C005320,3,N,medium,0,medium
C005321,2,N,short,0,medium
C005322,3,N,medium,0,medium
C005323,4,N,medium,0,medium
C005324,3,Y,medium,1,high
C005325,2,N,short,0,medium
C005326,2,N,short,0,medium
C005327,2,Y,short,1,high
C005328,2,N,short,0,medium
C005329,2,N,short,0,medium
C005330,2,N,short,0,medium
C005331,2,N,short,0,medium
C005332,4,Y,medium,1,high
C005333,4,N,medium,0,medium
C005334,3,Y,medium,1,high
C005335,3,N,medium,0,medium
C005336,4,Y,medium,1,high
C005337,2,N,short,0,medium
C005338,4,N,medium,0,medium
C005339,2,N,short,0,medium
C005340,2,Y,short,1,high
C005341,3,N,medium,0,medium
C005342,3,N,medium,0,medium
C005343,2,Y,short,1,high
C005344,2,N,short,0,medium
C005345,4,N,medium,0,medium
C005346,3,Y,medium,1,high
C005347,4,N,medium,0,medium
C005348,2,N,short,0,medium
C005349,3,N,medium,0,medium
C005350,3,N,medium,0,medium
C005351,3,N,medium,0,medium
C005352,4,N,medium,0,medium
C005353,4,N,medium,0,medium
C005354,2,N,short,0,medium
C005355,2,N,short,0,medium
C005356,2,N,short,0,medium
C005357,4,N,medium,0,medium
C005358,4,N,medium,0,medium
C005359,4,Y,medium,1,high
C005360,4,N,medium,0,medium
C005361,4,N,medium,0,medium
C005362,4,N,medium,0,medium
C005363,4,N,medium,0,medium
C005364,4,N,medium,0,medium
C005365,4,N,medium,0,medium
C005366,4,N,medium,0,medium
C005367,4,N,medium,0,medium
C005368,2,N,short,0,medium
C005369,2,N,short,0,medium
C005370,2,N,short,0,medium
C005371,4,N,medium,0,medium
C005372,2,N,short,0,medium
C005373,4,N,medium,0,medium
C005374,2,N,short,0,medium
C005375,2,N,short,0,medium
C005376,2,N,short,0,medium
C005377,2,N,short,0,medium
C005378,4,N,medium,0,medium
C005379,4,N,medium,0,medium
C005380,2,N,short,0,medium
C005381,3,N,medium,0,medium
C005382,4,N,medium,0,medium
C005383,3,N,medium,0,medium
C005384,4,N,medium,0,medium
C005385,4,N,medium,0,medium
C005386,2,Y,short,1,high
C005387,2,N,short,0,medium
C005388,2,N,short,0,medium
C005389,3,N,medium,0,medium
C005390,4,N,medium,0,medium
C005391,4,N,medium,0,medium
C005392,4,N,medium,0,medium
C005393,4,N,medium,0,medium
C005394,2,N,short,0,medium
C005395,2,Y,short,1,high
C005396,3,N,medium,0,medium
C005397,3,N,medium,0,medium
C005398,2,N,short,0,medium
C005399,3,N,medium,0,medium
C005400,3,N,medium,0,medium
C005401,3,N,medium,0,medium
C005402,3,N,medium,0,medium
C005403,4,N,medium,0,medium
C005404,3,N,medium,0,medium
C005405,4,N,medium,0,medium
C005406,2,N,short,0,medium
C005407,4,N,medium,0,medium
C005408,3,N,medium,0,medium
C005409,4,N,medium,0,medium
C005410,3,N,medium,0,medium
C005411,2,N,short,0,medium
C005412,3,N,medium,0,medium
C005413,3,Y,medium,1,high
C005414,3,N,medium,0,medium
C005415,4,N,medium,0,medium
C005416,2,N,short,0,medium
C005417,4,N,medium,0,medium
C005418,2,Y,short,1,high
C005419,4,N,medium,0,medium
C005420,4,N,medium,0,medium
C005421,2,N,short,0,medium
C005422,4,N,medium,0,medium
C005423,3,Y,medium,1,high
C005424,2,N,short,0,medium
C005425,4,Y,medium,1,high
C005426,4,N,medium,0,medium
C005427,2,N,short,0,medium
C005428,4,Y,medium,1,high
C005429,4,Y,medium,1,high
C005430,3,Y,medium,1,high
C005431,3,N,medium,0,medium
C005432,3,N,medium,0,medium
C005433,4,N,medium,0,medium
C005434,2,N,short,0,medium
C005435,2,N,short,0,medium
C005436,4,N,medium,0,medium
C005437,2,N,short,0,medium
C005438,4,N,medium,0,medium
C005439,4,N,medium,0,medium
C005440,3,N,medium,0,medium
C005441,3,N,medium,0,medium
C005442,4,N,medium,0,medium
C005443,2,Y,short,1,high
C005444,2,N,short,0,medium
C005445,3,Y,medium,1,high
C005446,3,N,medium,0,medium
C005447,4,N,medium,0,medium
C005448,2,N,short,0,medium
C005449,2,N,short,0,medium
C005450,2,N,short,0,medium
C005451,2,N,short,0,medium
C005452,3,N,medium,0,medium
C005453,3,N,medium,0,medium
C005454,4,N,medium,0,medium
C005455,3,N,medium,0,medium
C005456,4,N,medium,0,medium
C005457,4,N,medium,0,medium
C005458,3,N,medium,0,medium
C005459,2,Y,short,1,high
C005460,3,N,medium,0,medium
C005461,2,N,short,0,medium
C005462,4,N,medium,0,medium
C005463,4,N,medium,0,medium
C005464,3,N,medium,0,medium
C005465,2,Y,short,1,high
C005466,4,N,medium,0,medium
C005467,3,N,medium,0,medium
C005468,2,N,short,0,medium
C005469,2,N,short,0,medium
C005470,3,N,medium,0,medium
C005471,4,N,medium,0,medium
C005472,2,N,short,0,medium
C005473,2,Y,short,1,high
C005474,4,N,medium,0,medium
C005475,2,Y,short,1,high
C005476,2,Y,short,1,high
C005477,2,N,short,0,medium
C005478,3,N,medium,0,medium
C005479,4,N,medium,0,medium
C005480,2,N,short,0,medium
C005481,3,N,medium,0,medium
C005482,2,N,short,0,medium
C005483,4,N,medium,0,medium
C005484,4,N,medium,0,medium
C005485,3,N,medium,0,medium
C005486,3,N,medium,0,medium
C005487,2,N,short,0,medium
C005488,2,Y,short,1,high
C005489,4,N,medium,0,medium
C005490,2,Y,short,1,high
C005491,4,N,medium,0,medium
C005492,3,N,medium,0,medium
C005493,3,Y,medium,1,high
C005494,2,Y,short,1,high
C005495,4,Y,medium,1,high
C005496,2,N,short,0,medium
C005497,2,N,short,0,medium
C005498,2,N,short,0,medium
C005499,4,N,medium,0,medium
C005500,3,N,medium,0,medium
C005501,3,N,medium,0,medium
C005502,2,N,short,0,medium
C005503,3,N,medium,0,medium
C005504,2,N,short,0,medium
C005505,3,N,medium,0,medium
C005506,4,Y,medium,1,high
C005507,3,N,medium,0,medium
C005508,2,N,short,0,medium
C005509,4,N,medium,0,medium
C005510,4,N,medium,0,medium
C005511,4,Y,medium,1,high
C005512,2,N,short,0,medium
C005513,2,N,short,0,medium
C005514,4,N,medium,0,medium
C005515,2,N,short,0,medium
C005516,4,N,medium,0,medium
C005517,2,Y,short,1,high
C005518,3,N,medium,0,medium
C005519,3,N,medium,0,medium
C005520,3,N,medium,0,medium
C005521,3,Y,medium,1,high
C005522,3,N,medium,0,medium
C005523,3,N,medium,0,medium
C005524,3,N,medium,0,medium
C005525,3,N,medium,0,medium
C005526,2,N,short,0,medium
C005527,2,N,short,0,medium
C005528,4,N,medium,0,medium
C005529,2,Y,short,1,high
C005530,3,N,medium,0,medium
C005531,3,N,medium,0,medium
C005532,3,N,medium,0,medium
C005533,2,N,short,0,medium
C005534,2,N,short,0,medium
C005535,2,N,short,0,medium
C005536,2,Y,short,1,high
C005537,3,N,medium,0,medium
C005538,2,Y,short,1,high
C005539,4,Y,medium,1,high
C005540,3,N,medium,0,medium
C005541,2,N,short,0,medium
C005542,3,N,medium,0,medium
C005543,3,N,medium,0,medium
C005544,3,N,medium,0,medium
C005545,3,N,medium,0,medium
C005546,3,N,medium,0,medium
C005547,4,N,medium,0,medium
C005548,2,N,short,0,medium
C005549,4,N,medium,0,medium
C005550,4,N,medium,0,medium
C005551,3,N,medium,0,medium
C005552,2,N,short,0,medium
C005553,4,N,medium,0,medium
C005554,2,N,short,0,medium
C005555,3,Y,medium,1,high
C005556,4,Y,medium,1,high
C005557,3,N,medium,0,medium
C005558,2,N,short,0,medium
C005559,2,N,short,0,medium
C005560,4,N,medium,0,medium
C005561,3,N,medium,0,medium
C005562,3,Y,medium,1,high
C005563,4,N,medium,0,medium
C005564,3,Y,medium,1,high
C005565,2,N,short,0,medium
C005566,4,N,medium,0,medium
C005567,3,N,medium,0,medium
C005568,2,N,short,0,medium
C005569,4,Y,medium,1,high
C005570,4,Y,medium,1,high
C005571,4,N,medium,0,medium
C005572,4,N,medium,0,medium
C005573,3,N,medium,0,medium
C005574,3,N,medium,0,medium
C005575,3,N,medium,0,medium
C005576,3,N,medium,0,medium
C005577,4,N,medium,0,medium
C005578,4,N,medium,0,medium
C005579,2,N,short,0,medium
C005580,4,N,medium,0,medium
C005581,4,N,medium,0,medium
C005582,2,N,short,0,medium
C005583,3,N,medium,0,medium
C005584,3,N,medium,0,medium
C005585,3,N,medium,0,medium
C005586,2,N,short,0,medium
C005587,3,N,medium,0,medium
C005588,3,N,medium,0,medium
C005589,2,N,short,0,medium
C005590,3,N,medium,0,medium
C005591,3,N,medium,0,medium
C005592,3,N,medium,0,medium
C005593,2,N,short,0,medium
C005594,2,N,short,0,medium
C005595,3,N,medium,0,medium
C005596,2,Y,short,1,high
C005597,2,Y,short,1,high
C005598,3,N,medium,0,medium
C005599,2,N,short,0,medium
C005600,2,N,short,0,medium
C005601,4,N,medium,0,medium
C005602,3,N,medium,0,medium
C005603,3,N,medium,0,medium
C005604,2,N,short,0,medium
C005605,3,N,medium,0,medium
C005606,3,N,medium,0,medium
C005607,4,N,medium,0,medium
C005608,4,N,medium,0,medium
C005609,4,N,medium,0,medium
C005610,4,Y,medium,1,high
C005611,2,N,short,0,medium
C005612,4,N,medium,0,medium
C005613,2,N,short,0,medium
C005614,3,Y,medium,1,high
C005615,4,N,medium,0,medium
C005616,4,N,medium,0,medium
C005617,2,N,short,0,medium
C005618,3,N,medium,0,medium
C005619,2,N,short,0,medium
C005620,4,N,medium,0,medium
C005621,3,N,medium,0,medium
C005622,3,Y,medium,1,high
C005623,2,Y,short,1,high
C005624,2,Y,short,1,high
C005625,4,N,medium,0,medium
C005626,4,N,medium,0,medium
C005627,4,N,medium,0,medium
C005628,3,N,medium,0,medium
C005629,4,N,medium,0,medium
C005630,2,Y,short,1,high
C005631,3,Y,medium,1,high
C005632,4,N,medium,0,medium
C005633,4,N,medium,0,medium
C005634,4,Y,medium,1,high
C005635,4,N,medium,0,medium
C005636,3,Y,medium,1,high
C005637,3,Y,medium,1,high
C005638,4,N,medium,0,medium
C005639,3,Y,medium,1,high
C005640,2,N,short,0,medium
C005641,3,N,medium,0,medium
C005642,4,N,medium,0,medium
C005643,2,N,short,0,medium
C005644,2,N,short,0,medium
C005645,4,Y,medium,1,high
C005646,2,N,short,0,medium
C005647,4,N,medium,0,medium
C005648,4,Y,medium,1,high
C005649,3,N,medium,0,medium
C005650,2,N,short,0,medium
C005651,4,N,medium,0,medium
C005652,4,N,medium,0,medium
C005653,4,N,medium,0,medium
C005654,2,N,short,0,medium
C005655,2,N,short,0,medium
C005656,4,N,medium,0,medium
C005657,2,N,short,0,medium
C005658,4,N,medium,0,medium
C005659,2,N,short,0,medium
C005660,4,N,medium,0,medium
C005661,2,N,short,0,medium
C005662,3,N,medium,0,medium
C005663,3,N,medium,0,medium
C005664,3,N,medium,0,medium
C005665,4,Y,medium,1,high
C005666,3,N,medium,0,medium
C005667,3,N,medium,0,medium
C005668,3,N,medium,0,medium
C005669,3,N,medium,0,medium
C005670,4,N,medium,0,medium
C005671,2,N,short,0,medium
C005672,4,N,medium,0,medium
C005673,4,N,medium,0,medium
C005674,3,N,medium,0,medium
C005675,3,Y,medium,1,high
C005676,3,N,medium,0,medium
C005677,4,N,medium,0,medium
C005678,2,N,short,0,medium
C005679,3,N,medium,0,medium
C005680,4,N,medium,0,medium
C005681,2,N,short,0,medium
C005682,3,N,medium,0,medium
C005683,4,N,medium,0,medium
C005684,4,N,medium,0,medium
C005685,3,N,medium,0,medium
C005686,3,N,medium,0,medium
C005687,3,N,medium,0,medium
C005688,4,N,medium,0,medium
C005689,4,Y,medium,1,high
C005690,4,N,medium,0,medium
C005691,3,N,medium,0,medium
C005692,2,N,short,0,medium
C005693,3,N,medium,0,medium
C005694,3,N,medium,0,medium
C005695,4,N,medium,0,medium
C005696,3,N,medium,0,medium
C005697,2,N,short,0,medium
C005698,3,N,medium,0,medium
C005699,2,N,short,0,medium
C005700,4,N,medium,0,medium
C005701,4,N,medium,0,medium
C005702,3,Y,medium,1,high
C005703,4,Y,medium,1,high
C005704,2,N,short,0,medium
C005705,3,N,medium,0,medium
C005706,2,Y,short,1,high
C005707,3,Y,medium,1,high
C005708,2,Y,short,1,high
C005709,3,N,medium,0,medium
C005710,2,N,short,0,medium
C005711,3,Y,medium,1,high
C005712,3,N,medium,0,medium
C005713,4,N,medium,0,medium
C005714,4,N,medium,0,medium
C005715,2,N,short,0,medium
C005716,4,N,medium,0,medium
C005717,3,N,medium,0,medium
C005718,3,N,medium,0,medium
C005719,4,Y,medium,1,high
C005720,3,N,medium,0,medium
C005721,2,N,short,0,medium
C005722,2,N,short,0,medium
C005723,2,N,short,0,medium
C005724,2,Y,short,1,high
C005725,3,N,medium,0,medium
C005726,3,N,medium,0,medium
C005727,4,Y,medium,1,high
C005728,2,N,short,0,medium
C005729,3,N,medium,0,medium
C005730,3,N,medium,0,medium
C005731,3,N,medium,0,medium
C005732,3,N,medium,0,medium
C005733,4,Y,medium,1,high
C005734,3,Y,medium,1,high
C005735,4,N,medium,0,medium
C005736,2,N,short,0,medium
C005737,2,Y,short,1,high
C005738,3,N,medium,0,medium
C005739,2,N,short,0,medium
C005740,3,N,medium,0,medium
C005741,3,Y,medium,1,high
C005742,4,N,medium,0,medium
C005743,3,N,medium,0,medium
C005744,4,Y,medium,1,high
C005745,3,Y,medium,1,high
C005746,4,N,medium,0,medium
C005747,2,N,short,0,medium
C005748,2,N,short,0,medium
C005749,4,Y,medium,1,high
C005750,3,N,medium,0,medium
C005751,2,Y,short,1,high
C005752,3,Y,medium,1,high
C005753,2,N,short,0,medium
C005754,3,Y,medium,1,high
C005755,4,N,medium,0,medium
C005756,2,N,short,0,medium
C005757,4,N,medium,0,medium
C005758,2,N,short,0,medium
C005759,4,Y,medium,1,high
C005760,3,N,medium,0,medium
C005761,2,N,short,0,medium
C005762,4,N,medium,0,medium
C005763,2,N,short,0,medium
C005764,2,N,short,0,medium
C005765,3,N,medium,0,medium
C005766,2,N,short,0,medium
C005767,4,N,medium,0,medium
C005768,4,N,medium,0,medium
C005769,3,N,medium,0,medium
C005770,2,N,short,0,medium
C005771,3,N,medium,0,medium
C005772,2,N,short,0,medium
C005773,2,N,short,0,medium
C005774,3,N,medium,0,medium
C005775,2,N,short,0,medium
C005776,3,N,medium,0,medium
C005777,2,Y,short,1,high
C005778,4,Y,medium,1,high
C005779,2,N,short,0,medium
C005780,2,Y,short,1,high
C005781,3,N,medium,0,medium
C005782,3,N,medium,0,medium
C005783,2,N,short,0,medium
C005784,4,N,medium,0,medium
C005785,3,Y,medium,1,high
C005786,3,N,medium,0,medium
C005787,4,N,medium,0,medium
C005788,4,N,medium,0,medium
C005789,3,N,medium,0,medium
C005790,3,Y,medium,1,high
C005791,3,N,medium,0,medium
C005792,2,N,short,0,medium
C005793,3,Y,medium,1,high
C005794,4,N,medium,0,medium
C005795,4,N,medium,0,medium
C005796,2,N,short,0,medium
C005797,2,N,short,0,medium
C005798,2,Y,short,1,high
C005799,2,N,short,0,medium
C005800,4,N,medium,0,medium
C005801,2,N,short,0,medium
C005802,4,Y,medium,1,high
C005803,3,N,medium,0,medium
C005804,2,N,short,0,medium
C005805,4,N,medium,0,medium
C005806,3,N,medium,0,medium
C005807,3,N,medium,0,medium
C005808,3,N,medium,0,medium
C005809,4,N,medium,0,medium
C005810,3,Y,medium,1,high
C005811,4,Y,medium,1,high
C005812,4,N,medium,0,medium
C005813,4,N,medium,0,medium
C005814,2,N,short,0,medium
C005815,4,N,medium,0,medium
C005816,2,N,short,0,medium
C005817,2,Y,short,1,high
C005818,4,N,medium,0,medium
C005819,2,Y,short,1,high
C005820,4,N,medium,0,medium
C005821,2,N,short,0,medium
C005822,2,N,short,0,medium
C005823,4,N,medium,0,medium
C005824,3,N,medium,0,medium
C005825,4,N,medium,0,medium
C005826,4,N,medium,0,medium
C005827,4,N,medium,0,medium
C005828,3,Y,medium,1,high
C005829,4,N,medium,0,medium
C005830,4,N,medium,0,medium
C005831,3,Y,medium,1,high
C005832,3,N,medium,0,medium
C005833,2,N,short,0,medium
C005834,4,Y,medium,1,high
C005835,3,Y,medium,1,high
C005836,3,N,medium,0,medium
C005837,4,N,medium,0,medium
C005838,3,N,medium,0,medium
C005839,4,N,medium,0,medium
C005840,3,N,medium,0,medium
C005841,2,N,short,0,medium
C005842,2,Y,short,1,high
C005843,2,Y,short,1,high
C005844,3,N,medium,0,medium
C005845,2,N,short,0,medium
C005846,2,N,short,0,medium
C005847,2,N,short,0,medium
C005848,3,Y,medium,1,high
C005849,2,N,short,0,medium
C005850,2,N,short,0,medium
C005851,3,N,medium,0,medium
C005852,2,N,short,0,medium
C005853,2,N,short,0,medium
C005854,3,N,medium,0,medium
C005855,3,N,medium,0,medium
C005856,2,N,short,0,medium
C005857,3,N,medium,0,medium
C005858,4,N,medium,0,medium
C005859,4,Y,medium,1,high
C005860,2,N,short,0,medium
C005861,2,Y,short,1,high
C005862,4,N,medium,0,medium
C005863,4,N,medium,0,medium
C005864,4,N,medium,0,medium
C005865,2,N,short,0,medium
C005866,4,N,medium,0,medium
C005867,3,N,medium,0,medium
C005868,2,N,short,0,medium
C005869,4,N,medium,0,medium
C005870,4,N,medium,0,medium
C005871,3,N,medium,0,medium
C005872,3,N,medium,0,medium
C005873,3,N,medium,0,medium
C005874,3,N,medium,0,medium
C005875,3,N,medium,0,medium
C005876,3,N,medium,0,medium
C005877,4,N,medium,0,medium
C005878,2,Y,short,1,high
C005879,3,N,medium,0,medium
C005880,2,N,short,0,medium
C005881,4,N,medium,0,medium
C005882,3,N,medium,0,medium
C005883,3,N,medium,0,medium
C005884,2,Y,short,1,high
C005885,4,N,medium,0,medium
C005886,3,N,medium,0,medium
C005887,2,N,short,0,medium
C005888,4,N,medium,0,medium
C005889,2,N,short,0,medium
C005890,4,Y,medium,1,high
C005891,4,N,medium,0,medium
C005892,3,Y,medium,1,high
C005893,3,N,medium,0,medium
C005894,4,N,medium,0,medium
C005895,2,N,short,0,medium
C005896,2,N,short,0,medium
C005897,4,N,medium,0,medium
C005898,3,N,medium,0,medium
C005899,3,N,medium,0,medium
C005900,3,N,medium,0,medium
C005901,4,N,medium,0,medium
C005902,3,N,medium,0,medium
C005903,3,N,medium,0,medium
C005904,4,N,medium,0,medium
C005905,3,N,medium,0,medium
C005906,4,N,medium,0,medium
C005907,3,N,medium,0,medium
C005908,4,N,medium,0,medium
C005909,4,N,medium,0,medium
C005910,4,N,medium,0,medium
C005911,3,N,medium,0,medium
C005912,4,N,medium,0,medium
C005913,3,N,medium,0,medium
C005914,2,Y,short,1,high
C005915,4,N,medium,0,medium
C005916,4,N,medium,0,medium
C005917,2,N,short,0,medium
C005918,2,N,short,0,medium
C005919,3,N,medium,0,medium
C005920,4,N,medium,0,medium
C005921,2,N,short,0,medium
C005922,3,N,medium,0,medium
C005923,4,N,medium,0,medium
C005924,4,N,medium,0,medium
C005925,4,N,medium,0,medium
C005926,2,N,short,0,medium
C005927,2,N,short,0,medium
C005928,3,N,medium,0,medium
C005929,3,N,medium,0,medium
C005930,2,Y,short,1,high
C005931,4,N,medium,0,medium
C005932,2,N,short,0,medium
C005933,2,Y,short,1,high
C005934,4,N,medium,0,medium
C005935,4,Y,medium,1,high
C005936,2,N,short,0,medium
C005937,3,N,medium,0,medium
C005938,3,N,medium,0,medium
C005939,3,N,medium,0,medium
C005940,2,N,short,0,medium
C005941,2,N,short,0,medium
C005942,2,N,short,0,medium
C005943,4,N,medium,0,medium
C005944,4,N,medium,0,medium
C005945,3,Y,medium,1,high
C005946,4,N,medium,0,medium
C005947,4,N,medium,0,medium
C005948,4,N,medium,0,medium
C005949,4,N,medium,0,medium
C005950,3,N,medium,0,medium
C005951,2,N,short,0,medium
C005952,3,Y,medium,1,high
C005953,4,N,medium,0,medium
C005954,4,Y,medium,1,high
C005955,3,N,medium,0,medium
C005956,3,N,medium,0,medium
C005957,4,Y,medium,1,high
C005958,3,N,medium,0,medium
C005959,4,N,medium,0,medium
C005960,2,N,short,0,medium
C005961,4,N,medium,0,medium
C005962,4,N,medium,0,medium
C005963,2,N,short,0,medium
C005964,3,N,medium,0,medium
C005965,4,N,medium,0,medium
C005966,2,N,short,0,medium
C005967,4,Y,medium,1,high
C005968,2,N,short,0,medium
C005969,3,N,medium,0,medium
C005970,2,N,short,0,medium
C005971,4,N,medium,0,medium
C005972,4,N,medium,0,medium
C005973,4,Y,medium,1,high
C005974,4,N,medium,0,medium
C005975,2,N,short,0,medium
C005976,2,N,short,0,medium
C005977,3,N,medium,0,medium
C005978,3,N,medium,0,medium
C005979,4,N,medium,0,medium
C005980,4,N,medium,0,medium
C005981,2,N,short,0,medium
C005982,4,N,medium,0,medium
C005983,2,N,short,0,medium
C005984,3,N,medium,0,medium
C005985,4,N,medium,0,medium
C005986,2,N,short,0,medium
C005987,4,Y,medium,1,high
C005988,2,N,short,0,medium
C005989,3,N,medium,0,medium
C005990,4,N,medium,0,medium
C005991,2,N,short,0,medium
C005992,3,N,medium,0,medium
C005993,4,N,medium,0,medium
C005994,3,N,medium,0,medium
C005995,3,N,medium,0,medium
C005996,4,N,medium,0,medium
C005997,4,N,medium,0,medium
C005998,3,N,medium,0,medium
C005999,3,N,medium,0,medium
C006000,3,N,medium,0,medium
C006001,4,N,medium,0,medium
C006002,4,N,medium,0,medium
C006003,3,N,medium,0,medium
C006004,4,N,medium,0,medium
C006005,3,N,medium,0,medium
C006006,2,Y,short,1,high
C006007,4,N,medium,0,medium
C006008,4,N,medium,0,medium
C006009,2,Y,short,1,high
C006010,3,N,medium,0,medium
C006011,2,N,short,0,medium
C006012,2,N,short,0,medium
C006013,3,N,medium,0,medium
C006014,2,N,short,0,medium
C006015,4,N,medium,0,medium
C006016,4,N,medium,0,medium
C006017,4,N,medium,0,medium
C006018,3,N,medium,0,medium
C006019,4,N,medium,0,medium
C006020,2,N,short,0,medium
C006021,3,N,medium,0,medium
C006022,3,N,medium,0,medium
C006023,4,N,medium,0,medium
C006024,4,N,medium,0,medium
C006025,3,Y,medium,1,high
C006026,4,N,medium,0,medium
C006027,2,N,short,0,medium
C006028,4,Y,medium,1,high
C006029,3,N,medium,0,medium
C006030,2,N,short,0,medium
C006031,2,N,short,0,medium
C006032,3,N,medium,0,medium
C006033,4,N,medium,0,medium
C006034,3,N,medium,0,medium
C006035,4,N,medium,0,medium
C006036,3,N,medium,0,medium
C006037,3,N,medium,0,medium
C006038,4,N,medium,0,medium
C006039,2,N,short,0,medium
C006040,2,N,short,0,medium
C006041,3,N,medium,0,medium
C006042,3,N,medium,0,medium
C006043,2,N,short,0,medium
C006044,3,N,medium,0,medium
C006045,4,N,medium,0,medium
C006046,4,Y,medium,1,high
C006047,4,N,medium,0,medium
C006048,3,N,medium,0,medium
C006049,4,N,medium,0,medium
C006050,4,N,medium,0,medium
C006051,4,N,medium,0,medium
C006052,4,N,medium,0,medium
C006053,2,N,short,0,medium
C006054,4,Y,medium,1,high
C006055,2,N,short,0,medium
C006056,4,N,medium,0,medium
C006057,4,N,medium,0,medium
C006058,4,N,medium,0,medium
C006059,2,Y,short,1,high
C006060,3,N,medium,0,medium
C006061,4,N,medium,0,medium
C006062,2,N,short,0,medium
C006063,3,N,medium,0,medium
C006064,4,N,medium,0,medium
C006065,3,N,medium,0,medium
C006066,2,N,short,0,medium
C006067,4,N,medium,0,medium
C006068,3,Y,medium,1,high
C006069,3,N,medium,0,medium
C006070,4,N,medium,0,medium
C006071,3,Y,medium,1,high
C006072,3,N,medium,0,medium
C006073,4,N,medium,0,medium
C006074,4,N,medium,0,medium
C006075,2,N,short,0,medium
C006076,4,Y,medium,1,high
C006077,2,N,short,0,medium
C006078,2,N,short,0,medium
C006079,2,N,short,0,medium
C006080,4,N,medium,0,medium
C006081,4,N,medium,0,medium
C006082,3,N,medium,0,medium
C006083,4,N,medium,0,medium
C006084,3,N,medium,0,medium
C006085,2,N,short,0,medium
C006086,3,Y,medium,1,high
C006087,2,N,short,0,medium
C006088,3,N,medium,0,medium
C006089,4,N,medium,0,medium
C006090,2,N,short,0,medium
C006091,3,N,medium,0,medium
C006092,4,N,medium,0,medium
C006093,3,Y,medium,1,high
C006094,4,N,medium,0,medium
C006095,2,N,short,0,medium
C006096,2,N,short,0,medium
C006097,3,N,medium,0,medium
C006098,2,N,short,0,medium
C006099,3,N,medium,0,medium
C006100,2,Y,short,1,high
C006101,4,N,medium,0,medium
C006102,3,N,medium,0,medium
C006103,3,N,medium,0,medium
C006104,3,N,medium,0,medium
C006105,4,N,medium,0,medium
C006106,3,N,medium,0,medium
C006107,2,N,short,0,medium
C006108,4,Y,medium,1,high
C006109,3,N,medium,0,medium
C006110,3,N,medium,0,medium
C006111,2,N,short,0,medium
C006112,3,N,medium,0,medium
C006113,2,N,short,0,medium
C006114,3,N,medium,0,medium
C006115,3,N,medium,0,medium
C006116,3,Y,medium,1,high
C006117,2,Y,short,1,high
C006118,3,N,medium,0,medium
C006119,4,N,medium,0,medium
C006120,2,N,short,0,medium
C006121,2,N,short,0,medium
C006122,3,N,medium,0,medium
C006123,3,N,medium,0,medium
C006124,2,N,short,0,medium
C006125,2,Y,short,1,high
C006126,2,N,short,0,medium
C006127,2,N,short,0,medium
C006128,4,N,medium,0,medium
C006129,4,N,medium,0,medium
C006130,2,N,short,0,medium
C006131,3,Y,medium,1,high
C006132,3,N,medium,0,medium
C006133,4,N,medium,0,medium
C006134,4,N,medium,0,medium
C006135,4,N,medium,0,medium
C006136,2,Y,short,1,high
C006137,3,Y,medium,1,high
C006138,2,N,short,0,medium
C006139,4,N,medium,0,medium
C006140,3,N,medium,0,medium
C006141,4,N,medium,0,medium
C006142,4,N,medium,0,medium
C006143,4,Y,medium,1,high
C006144,4,N,medium,0,medium
C006145,3,N,medium,0,medium
C006146,2,N,short,0,medium
C006147,2,N,short,0,medium
C006148,2,N,short,0,medium
C006149,4,N,medium,0,medium
C006150,3,N,medium,0,medium
C006151,4,N,medium,0,medium
C006152,3,N,medium,0,medium
C006153,3,N,medium,0,medium
C006154,2,N,short,0,medium
C006155,4,N,medium,0,medium
C006156,3,N,medium,0,medium
C006157,4,N,medium,0,medium
C006158,4,N,medium,0,medium
C006159,2,N,short,0,medium
C006160,4,Y,medium,1,high
C006161,4,N,medium,0,medium
C006162,4,Y,medium,1,high
C006163,3,N,medium,0,medium
C006164,2,N,short,0,medium
C006165,3,N,medium,0,medium
C006166,3,N,medium,0,medium
C006167,2,N,short,0,medium
C006168,3,N,medium,0,medium
C006169,3,N,medium,0,medium
C006170,2,N,short,0,medium
C006171,3,N,medium,0,medium
C006172,2,N,short,0,medium
C006173,2,N,short,0,medium
C006174,3,N,medium,0,medium
C006175,2,N,short,0,medium
C006176,4,N,medium,0,medium
C006177,2,N,short,0,medium
C006178,4,N,medium,0,medium
C006179,2,N,short,0,medium
C006180,2,N,short,0,medium
C006181,2,N,short,0,medium
C006182,3,N,medium,0,medium
C006183,4,Y,medium,1,high
C006184,2,N,short,0,medium
C006185,3,N,medium,0,medium
C006186,4,Y,medium,1,high
C006187,3,N,medium,0,medium
C006188,3,N,medium,0,medium
C006189,3,N,medium,0,medium
C006190,4,N,medium,0,medium
C006191,3,Y,medium,1,high
C006192,2,N,short,0,medium
C006193,2,N,short,0,medium
C006194,2,N,short,0,medium
C006195,4,N,medium,0,medium
C006196,3,N,medium,0,medium
C006197,3,N,medium,0,medium
C006198,3,N,medium,0,medium
C006199,3,Y,medium,1,high
C006200,4,N,medium,0,medium
C006201,3,N,medium,0,medium
C006202,3,N,medium,0,medium
C006203,3,N,medium,0,medium
C006204,2,N,short,0,medium
C006205,4,N,medium,0,medium
C006206,3,N,medium,0,medium
C006207,2,N,short,0,medium
C006208,3,N,medium,0,medium
C006209,4,N,medium,0,medium
C006210,2,N,short,0,medium
C006211,3,Y,medium,1,high
C006212,2,Y,short,1,high
C006213,4,N,medium,0,medium
C006214,4,N,medium,0,medium
C006215,4,N,medium,0,medium
C006216,2,Y,short,1,high
C006217,2,N,short,0,medium
C006218,4,N,medium,0,medium
C006219,4,N,medium,0,medium
C006220,2,N,short,0,medium
C006221,3,N,medium,0,medium
C006222,3,N,medium,0,medium
C006223,4,Y,medium,1,high
C006224,3,N,medium,0,medium
C006225,3,N,medium,0,medium
C006226,4,Y,medium,1,high
C006227,2,N,short,0,medium
C006228,3,N,medium,0,medium
C006229,4,N,medium,0,medium
C006230,2,N,short,0,medium
C006231,3,N,medium,0,medium
C006232,4,Y,medium,1,high
C006233,3,N,medium,0,medium
C006234,4,N,medium,0,medium
C006235,3,N,medium,0,medium
C006236,2,N,short,0,medium
C006237,3,N,medium,0,medium
C006238,2,N,short,0,medium
C006239,2,N,short,0,medium
C006240,4,N,medium,0,medium
C006241,3,N,medium,0,medium
C006242,4,N,medium,0,medium
C006243,3,N,medium,0,medium
C006244,4,N,medium,0,medium
C006245,2,N,short,0,medium
C006246,4,N,medium,0,medium
C006247,4,N,medium,0,medium
C006248,3,N,medium,0,medium
C006249,3,N,medium,0,medium
C006250,2,Y,short,1,high
C006251,4,N,medium,0,medium
C006252,4,N,medium,0,medium
C006253,4,N,medium,0,medium
C006254,4,N,medium,0,medium
C006255,3,Y,medium,1,high
C006256,2,N,short,0,medium
C006257,3,N,medium,0,medium
C006258,3,Y,medium,1,high
C006259,2,N,short,0,medium
C006260,2,N,short,0,medium
C006261,4,Y,medium,1,high
C006262,3,N,medium,0,medium
C006263,4,N,medium,0,medium
C006264,2,Y,short,1,high
C006265,2,N,short,0,medium
C006266,3,N,medium,0,medium
C006267,2,N,short,0,medium
C006268,2,N,short,0,medium
C006269,3,N,medium,0,medium
C006270,2,N,short,0,medium
C006271,3,N,medium,0,medium
C006272,3,N,medium,0,medium
C006273,3,N,medium,0,medium
C006274,4,N,medium,0,medium
C006275,2,N,short,0,medium
C006276,4,N,medium,0,medium
C006277,4,N,medium,0,medium
C006278,3,N,medium,0,medium
C006279,3,N,medium,0,medium
C006280,2,N,short,0,medium
C006281,4,N,medium,0,medium
C006282,2,N,short,0,medium
C006283,4,N,medium,0,medium
C006284,4,Y,medium,1,high
C006285,3,Y,medium,1,high
C006286,3,Y,medium,1,high
C006287,3,N,medium,0,medium
C006288,4,N,medium,0,medium
C006289,2,N,short,0,medium
C006290,3,Y,medium,1,high
C006291,4,N,medium,0,medium
C006292,4,N,medium,0,medium
C006293,4,N,medium,0,medium
C006294,2,N,short,0,medium
C006295,4,N,medium,0,medium
C006296,2,N,short,0,medium
C006297,4,Y,medium,1,high
C006298,2,Y,short,1,high
C006299,3,N,medium,0,medium
C006300,4,N,medium,0,medium
C006301,4,N,medium,0,medium
C006302,2,N,short,0,medium
C006303,3,Y,medium,1,high
C006304,2,N,short,0,medium
C006305,4,N,medium,0,medium
C006306,4,N,medium,0,medium
C006307,3,N,medium,0,medium
C006308,4,Y,medium,1,high
C006309,4,N,medium,0,medium
C006310,2,N,short,0,medium
C006311,2,N,short,0,medium
C006312,3,N,medium,0,medium
C006313,2,N,short,0,medium
C006314,4,N,medium,0,medium
C006315,3,N,medium,0,medium
C006316,4,Y,medium,1,high
C006317,2,N,short,0,medium
C006318,3,N,medium,0,medium
C006319,3,N,medium,0,medium
C006320,2,N,short,0,medium
C006321,4,N,medium,0,medium
C006322,3,N,medium,0,medium
C006323,3,N,medium,0,medium
C006324,2,N,short,0,medium
C006325,4,N,medium,0,medium
C006326,2,Y,short,1,high
C006327,4,Y,medium,1,high
C006328,3,N,medium,0,medium
C006329,3,N,medium,0,medium
C006330,4,N,medium,0,medium
C006331,3,N,medium,0,medium
C006332,3,N,medium,0,medium
C006333,2,N,short,0,medium
C006334,4,N,medium,0,medium
C006335,4,N,medium,0,medium
C006336,4,N,medium,0,medium
C006337,3,N,medium,0,medium
C006338,4,N,medium,0,medium
C006339,2,N,short,0,medium
C006340,4,N,medium,0,medium
C006341,4,Y,medium,1,high
C006342,4,N,medium,0,medium
C006343,4,N,medium,0,medium
C006344,2,N,short,0,medium
C006345,4,N,medium,0,medium
C006346,2,N,short,0,medium
C006347,3,N,medium,0,medium
C006348,3,N,medium,0,medium
C006349,4,N,medium,0,medium
C006350,3,N,medium,0,medium
C006351,4,N,medium,0,medium
C006352,2,N,short,0,medium
C006353,2,N,short,0,medium
C006354,2,N,short,0,medium
C006355,3,N,medium,0,medium
C006356,3,N,medium,0,medium
C006357,3,N,medium,0,medium
C006358,2,N,short,0,medium
C006359,3,Y,medium,1,high
C006360,3,N,medium,0,medium
C006361,4,Y,medium,1,high
C006362,4,Y,medium,1,high
C006363,2,N,short,0,medium
C006364,2,N,short,0,medium
C006365,2,N,short,0,medium
C006366,2,N,short,0,medium
C006367,2,N,short,0,medium
C006368,4,Y,medium,1,high
C006369,4,Y,medium,1,high
C006370,4,Y,medium,1,high
C006371,4,N,medium,0,medium
C006372,3,N,medium,0,medium
C006373,2,N,short,0,medium
C006374,4,N,medium,0,medium
C006375,2,N,short,0,medium
C006376,4,N,medium,0,medium
C006377,3,N,medium,0,medium
C006378,3,N,medium,0,medium
C006379,2,N,short,0,medium
C006380,3,Y,medium,1,high
C006381,3,N,medium,0,medium
C006382,4,N,medium,0,medium
C006383,2,N,short,0,medium
C006384,2,N,short,0,medium
C006385,2,N,short,0,medium
C006386,4,N,medium,0,medium
C006387,4,N,medium,0,medium
C006388,4,N,medium,0,medium
C006389,4,N,medium,0,medium
C006390,4,N,medium,0,medium
C006391,3,N,medium,0,medium
C006392,2,N,short,0,medium
C006393,3,N,medium,0,medium
C006394,3,N,medium,0,medium
C006395,2,Y,short,1,high
C006396,2,N,short,0,medium
C006397,4,N,medium,0,medium
C006398,4,Y,medium,1,high
C006399,2,Y,short,1,high
C006400,2,N,short,0,medium
C006401,2,N,short,0,medium
C006402,2,N,short,0,medium
C006403,2,N,short,0,medium
C006404,3,N,medium,0,medium
C006405,3,N,medium,0,medium
C006406,3,Y,medium,1,high
C006407,2,N,short,0,medium
C006408,4,Y,medium,1,high
C006409,3,N,medium,0,medium
C006410,2,N,short,0,medium
C006411,4,N,medium,0,medium
C006412,2,N,short,0,medium
C006413,2,N,short,0,medium
C006414,3,N,medium,0,medium
C006415,4,N,medium,0,medium
C006416,3,N,medium,0,medium
C006417,2,Y,short,1,high
C006418,3,N,medium,0,medium
C006419,3,N,medium,0,medium
C006420,4,N,medium,0,medium
C006421,3,N,medium,0,medium
C006422,3,N,medium,0,medium
C006423,3,N,medium,0,medium
C006424,4,N,medium,0,medium
C006425,3,N,medium,0,medium
C006426,3,N,medium,0,medium
C006427,2,N,short,0,medium
C006428,3,N,medium,0,medium
C006429,3,N,medium,0,medium
C006430,3,N,medium,0,medium
C006431,3,Y,medium,1,high
C006432,3,N,medium,0,medium
C006433,2,N,short,0,medium
C006434,2,N,short,0,medium
C006435,2,N,short,0,medium
C006436,4,Y,medium,1,high
C006437,4,N,medium,0,medium
C006438,4,N,medium,0,medium
C006439,4,N,medium,0,medium
C006440,4,N,medium,0,medium
C006441,3,N,medium,0,medium
C006442,3,N,medium,0,medium
C006443,3,N,medium,0,medium
C006444,3,Y,medium,1,high
C006445,2,N,short,0,medium
C006446,2,N,short,0,medium
C006447,4,N,medium,0,medium
C006448,3,N,medium,0,medium
C006449,3,N,medium,0,medium
C006450,3,Y,medium,1,high
C006451,4,N,medium,0,medium
C006452,3,N,medium,0,medium
C006453,3,N,medium,0,medium
C006454,3,N,medium,0,medium
C006455,2,N,short,0,medium
C006456,2,Y,short,1,high
C006457,4,N,medium,0,medium
C006458,4,N,medium,0,medium
C006459,4,N,medium,0,medium
C006460,4,N,medium,0,medium
C006461,3,N,medium,0,medium
C006462,4,N,medium,0,medium
C006463,2,N,short,0,medium
C006464,2,N,short,0,medium
C006465,4,N,medium,0,medium
C006466,2,N,short,0,medium
C006467,3,N,medium,0,medium
C006468,4,N,medium,0,medium
C006469,4,Y,medium,1,high
C006470,4,N,medium,0,medium
C006471,4,N,medium,0,medium
C006472,4,N,medium,0,medium
C006473,4,N,medium,0,medium
C006474,4,N,medium,0,medium
C006475,4,N,medium,0,medium
C006476,4,N,medium,0,medium
C006477,3,N,medium,0,medium
C006478,2,Y,short,1,high
C006479,2,N,short,0,medium
C006480,2,Y,short,1,high
C006481,4,N,medium,0,medium
C006482,4,N,medium,0,medium
C006483,2,N,short,0,medium
C006484,4,N,medium,0,medium
C006485,4,N,medium,0,medium
C006486,3,N,medium,0,medium
C006487,3,N,medium,0,medium
C006488,4,N,medium,0,medium
C006489,4,Y,medium,1,high
C006490,3,N,medium,0,medium
C006491,2,N,short,0,medium
C006492,4,N,medium,0,medium
C006493,3,N,medium,0,medium
C006494,2,N,short,0,medium
C006495,2,N,short,0,medium
C006496,4,N,medium,0,medium
C006497,2,N,short,0,medium
C006498,2,N,short,0,medium
C006499,3,N,medium,0,medium
C006500,2,Y,short,1,high
C006501,3,N,medium,0,medium
C006502,3,N,medium,0,medium
C006503,4,N,medium,0,medium
C006504,4,N,medium,0,medium
C006505,4,N,medium,0,medium
C006506,4,N,medium,0,medium
C006507,2,N,short,0,medium
C006508,3,N,medium,0,medium
C006509,4,N,medium,0,medium
C006510,4,N,medium,0,medium
C006511,3,Y,medium,1,high
C006512,2,N,short,0,medium
C006513,4,N,medium,0,medium
C006514,3,N,medium,0,medium
C006515,2,N,short,0,medium
C006516,4,N,medium,0,medium
C006517,3,N,medium,0,medium
C006518,2,N,short,0,medium
C006519,2,Y,short,1,high
C006520,3,N,medium,0,medium
C006521,2,N,short,0,medium
C006522,4,N,medium,0,medium
C006523,3,Y,medium,1,high
C006524,2,N,short,0,medium
C006525,2,N,short,0,medium
C006526,3,N,medium,0,medium
C006527,2,N,short,0,medium
C006528,2,N,short,0,medium
C006529,4,N,medium,0,medium
C006530,4,Y,medium,1,high
C006531,2,N,short,0,medium
C006532,2,N,short,0,medium
C006533,4,N,medium,0,medium
C006534,4,N,medium,0,medium
C006535,4,N,medium,0,medium
C006536,4,N,medium,0,medium
C006537,4,Y,medium,1,high
C006538,3,N,medium,0,medium
C006539,2,N,short,0,medium
C006540,4,N,medium,0,medium
C006541,3,N,medium,0,medium
C006542,4,N,medium,0,medium
C006543,2,N,short,0,medium
C006544,4,N,medium,0,medium
C006545,2,N,short,0,medium
C006546,3,N,medium,0,medium
C006547,3,Y,medium,1,high
C006548,4,N,medium,0,medium
C006549,2,N,short,0,medium
C006550,4,N,medium,0,medium
C006551,2,Y,short,1,high
C006552,2,N,short,0,medium
C006553,2,N,short,0,medium
C006554,3,N,medium,0,medium
C006555,4,N,medium,0,medium
C006556,2,N,short,0,medium
C006557,4,N,medium,0,medium
C006558,2,N,short,0,medium
C006559,3,Y,medium,1,high
C006560,4,N,medium,0,medium
C006561,4,N,medium,0,medium
C006562,3,N,medium,0,medium
C006563,3,N,medium,0,medium
C006564,2,N,short,0,medium
C006565,4,N,medium,0,medium
C006566,3,N,medium,0,medium
C006567,2,Y,short,1,high
C006568,4,N,medium,0,medium
C006569,3,Y,medium,1,high
C006570,4,N,medium,0,medium
C006571,2,N,short,0,medium
C006572,3,N,medium,0,medium
C006573,2,N,short,0,medium
C006574,3,N,medium,0,medium
C006575,4,N,medium,0,medium
C006576,2,N,short,0,medium
C006577,4,N,medium,0,medium
C006578,4,Y,medium,1,high
C006579,3,N,medium,0,medium
C006580,4,N,medium,0,medium
C006581,2,N,short,0,medium
C006582,3,N,medium,0,medium
C006583,2,N,short,0,medium
C006584,4,Y,medium,1,high
C006585,2,Y,short,1,high
C006586,3,N,medium,0,medium
C006587,3,N,medium,0,medium
C006588,4,N,medium,0,medium
C006589,4,Y,medium,1,high
C006590,3,N,medium,0,medium
C006591,2,N,short,0,medium
C006592,3,N,medium,0,medium
C006593,4,N,medium,0,medium
C006594,4,N,medium,0,medium
C006595,3,N,medium,0,medium
C006596,4,N,medium,0,medium
C006597,2,Y,short,1,high
C006598,3,Y,medium,1,high
C006599,3,N,medium,0,medium
C006600,3,N,medium,0,medium
C006601,3,Y,medium,1,high
C006602,3,N,medium,0,medium
C006603,3,N,medium,0,medium
C006604,2,N,short,0,medium
C006605,4,N,medium,0,medium
C006606,4,N,medium,0,medium
C006607,2,N,short,0,medium
C006608,3,N,medium,0,medium
C006609,3,N,medium,0,medium
C006610,2,N,short,0,medium
C006611,3,N,medium,0,medium
C006612,3,N,medium,0,medium
C006613,3,N,medium,0,medium
C006614,4,N,medium,0,medium
C006615,4,N,medium,0,medium
C006616,3,N,medium,0,medium
C006617,2,N,short,0,medium
C006618,3,N,medium,0,medium
C006619,4,N,medium,0,medium
C006620,4,N,medium,0,medium
C006621,3,N,medium,0,medium
C006622,3,N,medium,0,medium
C006623,4,N,medium,0,medium
C006624,2,N,short,0,medium
C006625,2,N,short,0,medium
C006626,2,N,short,0,medium
C006627,3,N,medium,0,medium
C006628,3,N,medium,0,medium
C006629,2,N,short,0,medium
C006630,4,N,medium,0,medium
C006631,3,N,medium,0,medium
C006632,4,N,medium,0,medium
C006633,4,N,medium,0,medium
C006634,4,N,medium,0,medium
C006635,2,N,short,0,medium
C006636,4,Y,medium,1,high
C006637,2,Y,short,1,high
C006638,3,N,medium,0,medium
C006639,4,N,medium,0,medium
C006640,4,N,medium,0,medium
C006641,4,N,medium,0,medium
C006642,4,N,medium,0,medium
C006643,2,N,short,0,medium
C006644,4,N,medium,0,medium
C006645,3,N,medium,0,medium
C006646,3,N,medium,0,medium
C006647,4,N,medium,0,medium
C006648,3,N,medium,0,medium
C006649,3,N,medium,0,medium
C006650,3,N,medium,0,medium
C006651,4,N,medium,0,medium
C006652,3,N,medium,0,medium
C006653,4,N,medium,0,medium
C006654,4,Y,medium,1,high
C006655,3,N,medium,0,medium
C006656,4,N,medium,0,medium
C006657,3,N,medium,0,medium
C006658,3,Y,medium,1,high
C006659,3,N,medium,0,medium
C006660,3,N,medium,0,medium
C006661,2,N,short,0,medium
C006662,2,N,short,0,medium
C006663,2,N,short,0,medium
C006664,2,Y,short,1,high
C006665,2,N,short,0,medium
C006666,3,N,medium,0,medium
C006667,3,N,medium,0,medium
C006668,4,N,medium,0,medium
C006669,2,N,short,0,medium
C006670,4,N,medium,0,medium
C006671,2,N,short,0,medium
C006672,3,N,medium,0,medium
C006673,4,N,medium,0,medium
C006674,4,N,medium,0,medium
C006675,3,N,medium,0,medium
C006676,2,N,short,0,medium
C006677,2,N,short,0,medium
C006678,4,Y,medium,1,high
C006679,4,N,medium,0,medium
C006680,3,N,medium,0,medium
C006681,3,N,medium,0,medium
C006682,3,N,medium,0,medium
C006683,2,Y,short,1,high
C006684,2,N,short,0,medium
C006685,4,N,medium,0,medium
C006686,4,N,medium,0,medium
C006687,3,Y,medium,1,high
C006688,2,N,short,0,medium
C006689,2,N,short,0,medium
C006690,2,N,short,0,medium
C006691,3,N,medium,0,medium
C006692,2,N,short,0,medium
C006693,4,N,medium,0,medium
C006694,3,N,medium,0,medium
C006695,3,N,medium,0,medium
C006696,4,N,medium,0,medium
C006697,4,N,medium,0,medium
C006698,4,N,medium,0,medium
C006699,3,N,medium,0,medium
C006700,4,Y,medium,1,high
C006701,2,Y,short,1,high
C006702,3,N,medium,0,medium
C006703,2,N,short,0,medium
C006704,3,N,medium,0,medium
C006705,3,N,medium,0,medium
C006706,2,N,short,0,medium
C006707,3,N,medium,0,medium
C006708,3,Y,medium,1,high
C006709,3,N,medium,0,medium
C006710,2,N,short,0,medium
C006711,3,N,medium,0,medium
C006712,3,N,medium,0,medium
C006713,4,N,medium,0,medium
C006714,2,N,short,0,medium
C006715,3,N,medium,0,medium
C006716,4,Y,medium,1,high
C006717,2,N,short,0,medium
C006718,2,N,short,0,medium
C006719,4,N,medium,0,medium
C006720,3,Y,medium,1,high
C006721,3,Y,medium,1,high
C006722,4,N,medium,0,medium
C006723,3,N,medium,0,medium
C006724,2,N,short,0,medium
C006725,2,Y,short,1,high
C006726,3,N,medium,0,medium
C006727,4,N,medium,0,medium
C006728,2,N,short,0,medium
C006729,2,N,short,0,medium
C006730,2,N,short,0,medium
C006731,2,N,short,0,medium
C006732,2,N,short,0,medium
C006733,3,N,medium,0,medium
C006734,2,N,short,0,medium
C006735,4,N,medium,0,medium
C006736,3,N,medium,0,medium
C006737,4,N,medium,0,medium
C006738,3,N,medium,0,medium
C006739,2,N,short,0,medium
C006740,4,N,medium,0,medium
C006741,3,N,medium,0,medium
C006742,3,N,medium,0,medium
C006743,3,N,medium,0,medium
C006744,4,Y,medium,1,high
C006745,2,N,short,0,medium
C006746,4,N,medium,0,medium
C006747,2,N,short,0,medium
C006748,4,N,medium,0,medium
C006749,4,N,medium,0,medium
C006750,2,N,short,0,medium
C006751,2,N,short,0,medium
C006752,4,Y,medium,1,high
C006753,4,N,medium,0,medium
C006754,3,N,medium,0,medium
C006755,2,N,short,0,medium
C006756,4,N,medium,0,medium
C006757,4,N,medium,0,medium
C006758,4,N,medium,0,medium
C006759,2,N,short,0,medium
C006760,2,N,short,0,medium
C006761,2,N,short,0,medium
C006762,4,N,medium,0,medium
C006763,2,N,short,0,medium
C006764,2,N,short,0,medium
C006765,2,N,short,0,medium
C006766,3,N,medium,0,medium
C006767,4,N,medium,0,medium
C006768,4,N,medium,0,medium
C006769,2,N,short,0,medium
C006770,4,N,medium,0,medium
C006771,2,N,short,0,medium
C006772,3,Y,medium,1,high
C006773,4,N,medium,0,medium
C006774,2,N,short,0,medium
C006775,3,Y,medium,1,high
C006776,4,N,medium,0,medium
C006777,3,N,medium,0,medium
C006778,3,N,medium,0,medium
C006779,4,N,medium,0,medium
C006780,3,N,medium,0,medium
C006781,2,Y,short,1,high
C006782,4,N,medium,0,medium
C006783,3,Y,medium,1,high
C006784,2,N,short,0,medium
C006785,2,N,short,0,medium
C006786,4,Y,medium,1,high
C006787,4,N,medium,0,medium
C006788,2,N,short,0,medium
C006789,2,N,short,0,medium
C006790,2,N,short,0,medium
C006791,3,N,medium,0,medium
C006792,2,N,short,0,medium
C006793,3,N,medium,0,medium
C006794,3,N,medium,0,medium
C006795,2,N,short,0,medium
C006796,2,N,short,0,medium
C006797,2,N,short,0,medium
C006798,2,Y,short,1,high
C006799,2,N,short,0,medium
C006800,2,N,short,0,medium
C006801,2,Y,short,1,high
C006802,2,N,short,0,medium
C006803,2,N,short,0,medium
C006804,4,N,medium,0,medium
C006805,2,N,short,0,medium
C006806,4,Y,medium,1,high
C006807,3,N,medium,0,medium
C006808,2,N,short,0,medium
C006809,2,Y,short,1,high
C006810,3,N,medium,0,medium
C006811,3,N,medium,0,medium
C006812,3,N,medium,0,medium
C006813,4,N,medium,0,medium
C006814,3,Y,medium,1,high
C006815,2,N,short,0,medium
C006816,4,N,medium,0,medium
C006817,3,N,medium,0,medium
C006818,4,N,medium,0,medium
C006819,3,N,medium,0,medium
C006820,2,N,short,0,medium
C006821,4,N,medium,0,medium
C006822,4,N,medium,0,medium
C006823,4,Y,medium,1,high
C006824,4,N,medium,0,medium
C006825,3,N,medium,0,medium
C006826,2,N,short,0,medium
C006827,3,N,medium,0,medium
C006828,3,Y,medium,1,high
C006829,3,Y,medium,1,high
C006830,2,N,short,0,medium
C006831,3,N,medium,0,medium
C006832,4,N,medium,0,medium
C006833,3,Y,medium,1,high
C006834,2,N,short,0,medium
C006835,2,Y,short,1,high
C006836,4,N,medium,0,medium
C006837,3,Y,medium,1,high
C006838,3,Y,medium,1,high
C006839,3,N,medium,0,medium
C006840,2,N,short,0,medium
C006841,4,N,medium,0,medium
C006842,2,N,short,0,medium
C006843,2,N,short,0,medium
C006844,4,N,medium,0,medium
C006845,2,N,short,0,medium
C006846,3,N,medium,0,medium
C006847,4,N,medium,0,medium
C006848,4,N,medium,0,medium
C006849,3,N,medium,0,medium
C006850,2,N,short,0,medium
C006851,4,N,medium,0,medium
C006852,2,N,short,0,medium
C006853,4,N,medium,0,medium
C006854,3,N,medium,0,medium
C006855,2,Y,short,1,high
C006856,4,N,medium,0,medium
C006857,3,N,medium,0,medium
C006858,4,N,medium,0,medium
C006859,3,Y,medium,1,high
C006860,3,N,medium,0,medium
C006861,4,Y,medium,1,high
C006862,2,N,short,0,medium
C006863,2,Y,short,1,high
C006864,2,N,short,0,medium
C006865,4,N,medium,0,medium
C006866,3,N,medium,0,medium
C006867,2,N,short,0,medium
C006868,4,N,medium,0,medium
C006869,3,N,medium,0,medium
C006870,4,N,medium,0,medium
C006871,4,N,medium,0,medium
C006872,3,Y,medium,1,high
C006873,4,Y,medium,1,high
C006874,2,N,short,0,medium
C006875,4,N,medium,0,medium
C006876,3,Y,medium,1,high
C006877,3,N,medium,0,medium
C006878,3,N,medium,0,medium
C006879,3,N,medium,0,medium
C006880,3,N,medium,0,medium
C006881,4,N,medium,0,medium
C006882,2,N,short,0,medium
C006883,3,N,medium,0,medium
C006884,3,N,medium,0,medium
C006885,2,N,short,0,medium
C006886,4,N,medium,0,medium
C006887,4,N,medium,0,medium
C006888,2,N,short,0,medium
C006889,2,Y,short,1,high
C006890,4,N,medium,0,medium
C006891,3,N,medium,0,medium
C006892,2,Y,short,1,high
C006893,2,N,short,0,medium
C006894,2,N,short,0,medium
C006895,4,N,medium,0,medium
C006896,2,N,short,0,medium
C006897,2,Y,short,1,high
C006898,4,N,medium,0,medium
C006899,2,N,short,0,medium
C006900,4,Y,medium,1,high
C006901,2,N,short,0,medium
C006902,2,N,short,0,medium
C006903,3,Y,medium,1,high
C006904,4,N,medium,0,medium
C006905,3,N,medium,0,medium
C006906,2,N,short,0,medium
C006907,4,N,medium,0,medium
C006908,2,N,short,0,medium
C006909,3,N,medium,0,medium
C006910,3,N,medium,0,medium
C006911,2,N,short,0,medium
C006912,2,N,short,0,medium
C006913,2,N,short,0,medium
C006914,3,N,medium,0,medium
C006915,2,Y,short,1,high
C006916,4,Y,medium,1,high
C006917,2,N,short,0,medium
C006918,3,N,medium,0,medium
C006919,2,N,short,0,medium
C006920,2,N,short,0,medium
C006921,4,N,medium,0,medium
C006922,3,N,medium,0,medium
C006923,2,N,short,0,medium
C006924,2,N,short,0,medium
C006925,3,N,medium,0,medium
C006926,4,N,medium,0,medium
C006927,4,N,medium,0,medium
C006928,4,N,medium,0,medium
C006929,2,N,short,0,medium
C006930,4,Y,medium,1,high
C006931,3,Y,medium,1,high
C006932,3,N,medium,0,medium
C006933,3,N,medium,0,medium
C006934,2,N,short,0,medium
C006935,3,N,medium,0,medium
C006936,3,N,medium,0,medium
C006937,3,N,medium,0,medium
C006938,2,N,short,0,medium
C006939,3,Y,medium,1,high
C006940,4,N,medium,0,medium
C006941,2,N,short,0,medium
C006942,4,N,medium,0,medium
C006943,2,N,short,0,medium
C006944,4,N,medium,0,medium
C006945,3,N,medium,0,medium
C006946,3,N,medium,0,medium
C006947,3,N,medium,0,medium
C006948,3,Y,medium,1,high
C006949,3,N,medium,0,medium
C006950,2,N,short,0,medium
C006951,4,N,medium,0,medium
C006952,2,N,short,0,medium
C006953,4,N,medium,0,medium
C006954,2,N,short,0,medium
C006955,4,N,medium,0,medium
C006956,2,N,short,0,medium
C006957,4,N,medium,0,medium
C006958,4,N,medium,0,medium
C006959,2,N,short,0,medium
C006960,3,N,medium,0,medium
C006961,4,N,medium,0,medium
C006962,3,N,medium,0,medium
C006963,3,N,medium,0,medium
C006964,4,N,medium,0,medium
C006965,2,Y,short,1,high
C006966,3,Y,medium,1,high
C006967,3,N,medium,0,medium
C006968,2,N,short,0,medium
C006969,2,N,short,0,medium
C006970,4,N,medium,0,medium
C006971,4,N,medium,0,medium
C006972,4,N,medium,0,medium
C006973,4,N,medium,0,medium
C006974,4,N,medium,0,medium
C006975,2,N,short,0,medium
C006976,4,N,medium,0,medium
C006977,4,N,medium,0,medium
C006978,3,N,medium,0,medium
C006979,2,N,short,0,medium
C006980,2,N,short,0,medium
C006981,4,N,medium,0,medium
C006982,2,N,short,0,medium
C006983,4,N,medium,0,medium
C006984,3,N,medium,0,medium
C006985,4,N,medium,0,medium
C006986,3,Y,medium,1,high
C006987,3,N,medium,0,medium
C006988,2,N,short,0,medium
C006989,3,N,medium,0,medium
C006990,3,N,medium,0,medium
C006991,3,N,medium,0,medium
C006992,3,Y,medium,1,high
C006993,2,Y,short,1,high
C006994,4,N,medium,0,medium
C006995,2,N,short,0,medium
C006996,3,N,medium,0,medium
C006997,3,N,medium,0,medium
C006998,3,N,medium,0,medium
C006999,4,N,medium,0,medium
C007000,4,N,medium,0,medium
C007001,4,N,medium,0,medium
C007002,3,N,medium,0,medium
C007003,4,Y,medium,1,high
C007004,3,Y,medium,1,high
C007005,3,N,medium,0,medium
C007006,2,N,short,0,medium
C007007,3,N,medium,0,medium
C007008,2,N,short,0,medium
C007009,3,N,medium,0,medium
C007010,3,N,medium,0,medium
C007011,4,N,medium,0,medium
C007012,3,N,medium,0,medium
C007013,4,N,medium,0,medium
C007014,3,N,medium,0,medium
C007015,2,N,short,0,medium
C007016,3,N,medium,0,medium
C007017,4,N,medium,0,medium
C007018,2,N,short,0,medium
C007019,3,N,medium,0,medium
C007020,2,N,short,0,medium
C007021,4,N,medium,0,medium
C007022,2,N,short,0,medium
C007023,2,N,short,0,medium
C007024,4,N,medium,0,medium
C007025,2,N,short,0,medium
C007026,3,N,medium,0,medium
C007027,2,N,short,0,medium
C007028,4,N,medium,0,medium
C007029,2,N,short,0,medium
C007030,3,N,medium,0,medium
C007031,4,Y,medium,1,high
C007032,4,N,medium,0,medium
C007033,3,N,medium,0,medium
C007034,2,N,short,0,medium
C007035,2,N,short,0,medium
C007036,2,N,short,0,medium
C007037,3,N,medium,0,medium
C007038,3,N,medium,0,medium
C007039,2,Y,short,1,high
C007040,2,N,short,0,medium
C007041,4,Y,medium,1,high
C007042,3,Y,medium,1,high
C007043,3,Y,medium,1,high
C007044,3,N,medium,0,medium
C007045,3,Y,medium,1,high
C007046,2,N,short,0,medium
C007047,4,N,medium,0,medium
C007048,3,Y,medium,1,high
C007049,3,Y,medium,1,high
C007050,3,N,medium,0,medium
C007051,4,N,medium,0,medium
C007052,2,N,short,0,medium
C007053,4,Y,medium,1,high
C007054,4,N,medium,0,medium
C007055,2,N,short,0,medium
C007056,4,N,medium,0,medium
C007057,4,N,medium,0,medium
C007058,2,Y,short,1,high
C007059,3,N,medium,0,medium
C007060,2,N,short,0,medium
C007061,3,Y,medium,1,high
C007062,3,N,medium,0,medium
C007063,3,N,medium,0,medium
C007064,3,N,medium,0,medium
C007065,3,N,medium,0,medium
C007066,4,N,medium,0,medium
C007067,4,Y,medium,1,high
C007068,4,N,medium,0,medium
C007069,3,N,medium,0,medium
C007070,2,N,short,0,medium
C007071,4,Y,medium,1,high
C007072,4,N,medium,0,medium
C007073,2,N,short,0,medium
C007074,3,N,medium,0,medium
C007075,2,N,short,0,medium
C007076,3,N,medium,0,medium
C007077,3,N,medium,0,medium
C007078,3,Y,medium,1,high
C007079,4,N,medium,0,medium
C007080,2,N,short,0,medium
C007081,3,N,medium,0,medium
C007082,2,N,short,0,medium
C007083,3,N,medium,0,medium
C007084,2,N,short,0,medium
C007085,4,N,medium,0,medium
C007086,3,Y,medium,1,high
C007087,4,N,medium,0,medium
C007088,3,N,medium,0,medium
C007089,2,N,short,0,medium
C007090,4,N,medium,0,medium
C007091,4,Y,medium,1,high
C007092,3,N,medium,0,medium
C007093,3,N,medium,0,medium
C007094,3,N,medium,0,medium
C007095,3,N,medium,0,medium
C007096,2,N,short,0,medium
C007097,2,N,short,0,medium
C007098,3,N,medium,0,medium
C007099,4,N,medium,0,medium
C007100,2,N,short,0,medium
C007101,2,N,short,0,medium
C007102,3,N,medium,0,medium
C007103,4,N,medium,0,medium
C007104,3,N,medium,0,medium
C007105,4,Y,medium,1,high
C007106,2,N,short,0,medium
C007107,3,N,medium,0,medium
C007108,4,N,medium,0,medium
C007109,2,N,short,0,medium
C007110,3,N,medium,0,medium
C007111,2,N,short,0,medium
C007112,3,N,medium,0,medium
C007113,3,N,medium,0,medium
C007114,3,N,medium,0,medium
C007115,3,N,medium,0,medium
C007116,2,N,short,0,medium
C007117,4,Y,medium,1,high
C007118,2,Y,short,1,high
C007119,3,N,medium,0,medium
C007120,4,N,medium,0,medium
C007121,2,N,short,0,medium
C007122,3,N,medium,0,medium
C007123,4,N,medium,0,medium
C007124,2,N,short,0,medium
C007125,4,N,medium,0,medium
C007126,4,N,medium,0,medium
C007127,4,N,medium,0,medium
C007128,4,N,medium,0,medium
C007129,3,N,medium,0,medium
C007130,3,N,medium,0,medium
C007131,2,N,short,0,medium
C007132,2,N,short,0,medium
C007133,2,N,short,0,medium
C007134,4,N,medium,0,medium
C007135,2,N,short,0,medium
C007136,3,N,medium,0,medium
C007137,3,N,medium,0,medium
C007138,4,N,medium,0,medium
C007139,3,N,medium,0,medium
C007140,3,N,medium,0,medium
C007141,4,N,medium,0,medium
C007142,2,N,short,0,medium
C007143,3,N,medium,0,medium
C007144,3,N,medium,0,medium
C007145,3,N,medium,0,medium
C007146,4,N,medium,0,medium
C007147,2,N,short,0,medium
C007148,2,N,short,0,medium
C007149,4,N,medium,0,medium
C007150,4,Y,medium,1,high
C007151,4,N,medium,0,medium
C007152,3,Y,medium,1,high
C007153,2,Y,short,1,high
C007154,3,N,medium,0,medium
C007155,3,Y,medium,1,high
C007156,4,N,medium,0,medium
C007157,4,N,medium,0,medium
C007158,2,N,short,0,medium
C007159,4,N,medium,0,medium
C007160,2,N,short,0,medium
C007161,4,Y,medium,1,high
C007162,2,N,short,0,medium
C007163,4,N,medium,0,medium
C007164,4,Y,medium,1,high
C007165,2,Y,short,1,high
C007166,3,N,medium,0,medium
C007167,3,N,medium,0,medium
C007168,4,N,medium,0,medium
C007169,2,N,short,0,medium
C007170,3,N,medium,0,medium
C007171,4,N,medium,0,medium
C007172,2,N,short,0,medium
C007173,3,N,medium,0,medium
C007174,2,N,short,0,medium
C007175,2,N,short,0,medium
C007176,4,N,medium,0,medium
C007177,3,N,medium,0,medium
C007178,3,N,medium,0,medium
C007179,3,N,medium,0,medium
C007180,3,N,medium,0,medium
C007181,3,N,medium,0,medium
C007182,2,N,short,0,medium
C007183,2,N,short,0,medium
C007184,2,N,short,0,medium
C007185,2,N,short,0,medium
C007186,3,N,medium,0,medium
C007187,4,N,medium,0,medium
C007188,4,N,medium,0,medium
C007189,4,N,medium,0,medium
C007190,2,N,short,0,medium
C007191,3,Y,medium,1,high
C007192,2,N,short,0,medium
C007193,2,N,short,0,medium
C007194,4,N,medium,0,medium
C007195,3,N,medium,0,medium
C007196,3,N,medium,0,medium
C007197,2,N,short,0,medium
C007198,3,N,medium,0,medium
C007199,3,N,medium,0,medium
C007200,4,N,medium,0,medium
C007201,4,N,medium,0,medium
C007202,2,N,short,0,medium
C007203,2,N,short,0,medium
C007204,4,N,medium,0,medium
C007205,4,Y,medium,1,high
C007206,3,N,medium,0,medium
C007207,4,N,medium,0,medium
C007208,2,N,short,0,medium
C007209,3,Y,medium,1,high
C007210,3,Y,medium,1,high
C007211,3,N,medium,0,medium
C007212,3,N,medium,0,medium
C007213,3,N,medium,0,medium
C007214,4,N,medium,0,medium
C007215,3,N,medium,0,medium
C007216,3,N,medium,0,medium
C007217,3,N,medium,0,medium
C007218,3,N,medium,0,medium
C007219,4,N,medium,0,medium
C007220,3,N,medium,0,medium
C007221,2,Y,short,1,high
C007222,3,Y,medium,1,high
C007223,3,Y,medium,1,high
C007224,2,N,short,0,medium
C007225,2,N,short,0,medium
C007226,3,N,medium,0,medium
C007227,2,N,short,0,medium
C007228,4,N,medium,0,medium
C007229,3,N,medium,0,medium
C007230,3,N,medium,0,medium
C007231,2,N,short,0,medium
C007232,3,N,medium,0,medium
C007233,2,N,short,0,medium
C007234,4,N,medium,0,medium
C007235,2,N,short,0,medium
C007236,3,N,medium,0,medium
C007237,4,N,medium,0,medium
C007238,2,N,short,0,medium
C007239,3,N,medium,0,medium
C007240,3,N,medium,0,medium
C007241,4,Y,medium,1,high
C007242,2,N,short,0,medium
C007243,2,N,short,0,medium
C007244,2,N,short,0,medium
C007245,2,N,short,0,medium
C007246,3,N,medium,0,medium
C007247,4,N,medium,0,medium
C007248,4,N,medium,0,medium
C007249,2,N,short,0,medium
C007250,3,Y,medium,1,high
C007251,4,N,medium,0,medium
C007252,4,Y,medium,1,high
C007253,3,Y,medium,1,high
C007254,3,N,medium,0,medium
C007255,3,N,medium,0,medium
C007256,3,Y,medium,1,high
C007257,4,Y,medium,1,high
C007258,2,Y,short,1,high
C007259,4,N,medium,0,medium
C007260,3,N,medium,0,medium
C007261,2,N,short,0,medium
C007262,2,N,short,0,medium
C007263,2,Y,short,1,high
C007264,3,N,medium,0,medium
C007265,4,N,medium,0,medium
C007266,4,N,medium,0,medium
C007267,3,N,medium,0,medium
C007268,3,Y,medium,1,high
C007269,2,N,short,0,medium
C007270,2,N,short,0,medium
C007271,4,N,medium,0,medium
C007272,2,N,short,0,medium
C007273,3,N,medium,0,medium
C007274,2,N,short,0,medium
C007275,4,Y,medium,1,high
C007276,4,N,medium,0,medium
C007277,4,N,medium,0,medium
C007278,4,Y,medium,1,high
C007279,2,N,short,0,medium
C007280,4,N,medium,0,medium
C007281,4,N,medium,0,medium
C007282,4,N,medium,0,medium
C007283,4,N,medium,0,medium
C007284,2,N,short,0,medium
C007285,3,N,medium,0,medium
C007286,3,N,medium,0,medium
C007287,3,N,medium,0,medium
C007288,2,N,short,0,medium
C007289,2,Y,short,1,high
C007290,3,N,medium,0,medium
C007291,3,N,medium,0,medium
C007292,4,N,medium,0,medium
C007293,4,N,medium,0,medium
C007294,4,Y,medium,1,high
C007295,3,N,medium,0,medium
C007296,2,N,short,0,medium
C007297,2,N,short,0,medium
C007298,3,N,medium,0,medium
C007299,3,N,medium,0,medium
C007300,3,Y,medium,1,high
C007301,2,N,short,0,medium
C007302,3,N,medium,0,medium
C007303,2,Y,short,1,high
C007304,4,N,medium,0,medium
C007305,2,N,short,0,medium
C007306,4,N,medium,0,medium
C007307,2,N,short,0,medium
C007308,2,N,short,0,medium
C007309,2,Y,short,1,high
C007310,2,N,short,0,medium
C007311,4,N,medium,0,medium
C007312,3,N,medium,0,medium
C007313,3,N,medium,0,medium
C007314,3,Y,medium,1,high
C007315,2,N,short,0,medium
C007316,2,N,short,0,medium
C007317,3,N,medium,0,medium
C007318,3,N,medium,0,medium
C007319,3,N,medium,0,medium
C007320,3,Y,medium,1,high
C007321,3,N,medium,0,medium
C007322,4,N,medium,0,medium
C007323,4,N,medium,0,medium
C007324,3,N,medium,0,medium
C007325,2,N,short,0,medium
C007326,4,Y,medium,1,high
C007327,2,N,short,0,medium
C007328,2,N,short,0,medium
C007329,3,Y,medium,1,high
C007330,2,Y,short,1,high
C007331,2,N,short,0,medium
C007332,3,N,medium,0,medium
C007333,2,N,short,0,medium
C007334,3,N,medium,0,medium
C007335,3,N,medium,0,medium
C007336,4,Y,medium,1,high
C007337,3,N,medium,0,medium
C007338,2,N,short,0,medium
C007339,4,N,medium,0,medium
C007340,4,Y,medium,1,high
C007341,2,Y,short,1,high
C007342,4,N,medium,0,medium
C007343,4,N,medium,0,medium
C007344,2,N,short,0,medium
C007345,3,N,medium,0,medium
C007346,3,N,medium,0,medium
C007347,4,N,medium,0,medium
C007348,4,N,medium,0,medium
C007349,3,N,medium,0,medium
C007350,2,N,short,0,medium
C007351,4,N,medium,0,medium
C007352,2,N,short,0,medium
C007353,4,N,medium,0,medium
C007354,4,N,medium,0,medium
C007355,2,N,short,0,medium
C007356,3,N,medium,0,medium
C007357,4,N,medium,0,medium
C007358,3,N,medium,0,medium
C007359,3,N,medium,0,medium
C007360,2,N,short,0,medium
C007361,4,N,medium,0,medium
C007362,3,N,medium,0,medium
C007363,4,N,medium,0,medium
C007364,3,N,medium,0,medium
C007365,2,N,short,0,medium
C007366,2,N,short,0,medium
C007367,2,Y,short,1,high
C007368,3,N,medium,0,medium
C007369,3,N,medium,0,medium
C007370,3,N,medium,0,medium
C007371,4,N,medium,0,medium
C007372,3,N,medium,0,medium
C007373,4,Y,medium,1,high
C007374,4,N,medium,0,medium
C007375,2,N,short,0,medium
C007376,3,Y,medium,1,high
C007377,3,N,medium,0,medium
C007378,2,N,short,0,medium
C007379,4,N,medium,0,medium
C007380,2,N,short,0,medium
C007381,4,N,medium,0,medium
C007382,2,N,short,0,medium
C007383,4,N,medium,0,medium
C007384,3,Y,medium,1,high
C007385,2,N,short,0,medium
C007386,4,N,medium,0,medium
C007387,3,N,medium,0,medium
C007388,4,Y,medium,1,high
C007389,4,N,medium,0,medium
C007390,2,N,short,0,medium
C007391,3,N,medium,0,medium
C007392,2,N,short,0,medium
C007393,2,N,short,0,medium
C007394,3,N,medium,0,medium
C007395,4,N,medium,0,medium
C007396,4,N,medium,0,medium
C007397,3,N,medium,0,medium
C007398,2,N,short,0,medium
C007399,3,N,medium,0,medium
C007400,4,Y,medium,1,high
C007401,2,N,short,0,medium
C007402,4,N,medium,0,medium
C007403,3,N,medium,0,medium
C007404,2,N,short,0,medium
C007405,2,N,short,0,medium
C007406,3,N,medium,0,medium
C007407,2,N,short,0,medium
C007408,2,N,short,0,medium
C007409,4,Y,medium,1,high
C007410,3,N,medium,0,medium
C007411,4,N,medium,0,medium
C007412,4,N,medium,0,medium
C007413,4,Y,medium,1,high
C007414,2,N,short,0,medium
C007415,2,N,short,0,medium
C007416,2,N,short,0,medium
C007417,4,N,medium,0,medium
C007418,3,N,medium,0,medium
C007419,4,N,medium,0,medium
C007420,3,N,medium,0,medium
C007421,3,Y,medium,1,high
C007422,2,N,short,0,medium
C007423,2,N,short,0,medium
C007424,2,N,short,0,medium
C007425,3,Y,medium,1,high
C007426,2,N,short,0,medium
C007427,4,Y,medium,1,high
C007428,3,N,medium,0,medium
C007429,3,N,medium,0,medium
C007430,2,N,short,0,medium
C007431,4,N,medium,0,medium
C007432,2,N,short,0,medium
C007433,2,N,short,0,medium
C007434,3,N,medium,0,medium
C007435,2,N,short,0,medium
C007436,4,N,medium,0,medium
C007437,4,Y,medium,1,high
C007438,3,N,medium,0,medium
C007439,2,N,short,0,medium
C007440,3,Y,medium,1,high
C007441,4,N,medium,0,medium
C007442,4,N,medium,0,medium
C007443,4,N,medium,0,medium
C007444,3,Y,medium,1,high
C007445,4,Y,medium,1,high
C007446,2,N,short,0,medium
C007447,3,N,medium,0,medium
C007448,4,Y,medium,1,high
C007449,4,N,medium,0,medium
C007450,3,N,medium,0,medium
C007451,3,N,medium,0,medium
C007452,2,N,short,0,medium
C007453,2,Y,short,1,high
C007454,3,Y,medium,1,high
C007455,4,N,medium,0,medium
C007456,3,N,medium,0,medium
C007457,4,Y,medium,1,high
C007458,2,N,short,0,medium
C007459,3,N,medium,0,medium
C007460,2,N,short,0,medium
C007461,4,N,medium,0,medium
C007462,2,N,short,0,medium
C007463,4,N,medium,0,medium
C007464,3,N,medium,0,medium
C007465,3,N,medium,0,medium
C007466,3,N,medium,0,medium
C007467,2,N,short,0,medium
C007468,3,N,medium,0,medium
C007469,2,N,short,0,medium
C007470,3,N,medium,0,medium
C007471,3,Y,medium,1,high
C007472,2,N,short,0,medium
C007473,3,N,medium,0,medium
C007474,2,N,short,0,medium
C007475,2,N,short,0,medium
C007476,2,N,short,0,medium
C007477,3,N,medium,0,medium
C007478,3,N,medium,0,medium
C007479,2,Y,short,1,high
C007480,3,N,medium,0,medium
C007481,2,N,short,0,medium
C007482,4,Y,medium,1,high
C007483,2,N,short,0,medium
C007484,2,N,short,0,medium
C007485,4,N,medium,0,medium
C007486,2,N,short,0,medium
C007487,4,N,medium,0,medium
C007488,2,N,short,0,medium
C007489,4,N,medium,0,medium
C007490,3,N,medium,0,medium
C007491,3,N,medium,0,medium
C007492,2,N,short,0,medium
C007493,4,N,medium,0,medium
C007494,4,N,medium,0,medium
C007495,2,N,short,0,medium
C007496,2,N,short,0,medium
C007497,2,N,short,0,medium
C007498,2,N,short,0,medium
C007499,3,N,medium,0,medium
C007500,3,N,medium,0,medium
C007501,4,N,medium,0,medium
C007502,3,N,medium,0,medium
C007503,3,N,medium,0,medium
C007504,3,N,medium,0,medium
C007505,3,N,medium,0,medium
C007506,4,N,medium,0,medium
C007507,2,N,short,0,medium
C007508,3,N,medium,0,medium
C007509,2,N,short,0,medium
C007510,3,N,medium,0,medium
C007511,4,N,medium,0,medium
C007512,3,N,medium,0,medium
C007513,3,Y,medium,1,high
C007514,3,N,medium,0,medium
C007515,4,N,medium,0,medium
C007516,3,Y,medium,1,high
C007517,3,N,medium,0,medium
C007518,2,N,short,0,medium
C007519,4,N,medium,0,medium
C007520,3,N,medium,0,medium
C007521,3,Y,medium,1,high
C007522,3,N,medium,0,medium
C007523,3,N,medium,0,medium
C007524,3,N,medium,0,medium
C007525,2,N,short,0,medium
C007526,4,Y,medium,1,high
C007527,2,N,short,0,medium
C007528,4,N,medium,0,medium
C007529,2,N,short,0,medium
C007530,2,N,short,0,medium
C007531,3,Y,medium,1,high
C007532,3,N,medium,0,medium
C007533,4,N,medium,0,medium
C007534,4,Y,medium,1,high
C007535,3,N,medium,0,medium
C007536,3,N,medium,0,medium
C007537,2,N,short,0,medium
C007538,4,N,medium,0,medium
C007539,3,N,medium,0,medium
C007540,2,N,short,0,medium
C007541,3,N,medium,0,medium
C007542,2,N,short,0,medium
C007543,4,N,medium,0,medium
C007544,2,N,short,0,medium
C007545,2,N,short,0,medium
C007546,4,N,medium,0,medium
C007547,4,N,medium,0,medium
C007548,4,N,medium,0,medium
C007549,3,N,medium,0,medium
C007550,4,N,medium,0,medium
C007551,2,N,short,0,medium
C007552,4,N,medium,0,medium
C007553,2,N,short,0,medium
C007554,3,Y,medium,1,high
C007555,2,N,short,0,medium
C007556,4,N,medium,0,medium
C007557,4,Y,medium,1,high
C007558,4,N,medium,0,medium
C007559,4,N,medium,0,medium
C007560,3,N,medium,0,medium
C007561,2,N,short,0,medium
C007562,3,N,medium,0,medium
C007563,4,N,medium,0,medium
C007564,4,N,medium,0,medium
C007565,2,N,short,0,medium
C007566,3,N,medium,0,medium
C007567,4,Y,medium,1,high
C007568,4,N,medium,0,medium
C007569,2,N,short,0,medium
C007570,3,N,medium,0,medium
C007571,2,N,short,0,medium
C007572,3,N,medium,0,medium
C007573,3,N,medium,0,medium
C007574,3,N,medium,0,medium
C007575,3,N,medium,0,medium
C007576,4,N,medium,0,medium
C007577,4,N,medium,0,medium
C007578,2,N,short,0,medium
C007579,3,N,medium,0,medium
C007580,2,N,short,0,medium
C007581,4,N,medium,0,medium
C007582,2,Y,short,1,high
C007583,4,N,medium,0,medium
C007584,3,Y,medium,1,high
C007585,4,N,medium,0,medium
C007586,4,N,medium,0,medium
C007587,3,N,medium,0,medium
C007588,2,N,short,0,medium
C007589,2,N,short,0,medium
C007590,3,Y,medium,1,high
C007591,2,N,short,0,medium
C007592,3,N,medium,0,medium
C007593,3,N,medium,0,medium
C007594,2,N,short,0,medium
C007595,3,N,medium,0,medium
C007596,3,N,medium,0,medium
C007597,3,Y,medium,1,high
C007598,4,N,medium,0,medium
C007599,3,N,medium,0,medium
C007600,4,N,medium,0,medium
C007601,4,N,medium,0,medium
C007602,3,N,medium,0,medium
C007603,3,N,medium,0,medium
C007604,2,N,short,0,medium
C007605,2,N,short,0,medium
C007606,2,N,short,0,medium
C007607,2,N,short,0,medium
C007608,4,N,medium,0,medium
C007609,2,N,short,0,medium
C007610,4,N,medium,0,medium
C007611,3,N,medium,0,medium
C007612,4,N,medium,0,medium
C007613,2,Y,short,1,high
C007614,2,N,short,0,medium
C007615,3,N,medium,0,medium
C007616,2,Y,short,1,high
C007617,4,Y,medium,1,high
C007618,2,N,short,0,medium
C007619,3,N,medium,0,medium
C007620,4,N,medium,0,medium
C007621,3,N,medium,0,medium
C007622,4,N,medium,0,medium
C007623,4,N,medium,0,medium
C007624,4,N,medium,0,medium
C007625,2,N,short,0,medium
C007626,4,N,medium,0,medium
C007627,3,Y,medium,1,high
C007628,4,N,medium,0,medium
C007629,4,N,medium,0,medium
C007630,3,N,medium,0,medium
C007631,2,N,short,0,medium
C007632,4,N,medium,0,medium
C007633,3,Y,medium,1,high
C007634,2,Y,short,1,high
C007635,3,N,medium,0,medium
C007636,4,N,medium,0,medium
C007637,4,N,medium,0,medium
C007638,2,Y,short,1,high
C007639,2,N,short,0,medium
C007640,3,N,medium,0,medium
C007641,3,N,medium,0,medium
C007642,4,N,medium,0,medium
C007643,2,N,short,0,medium
C007644,4,N,medium,0,medium
C007645,2,N,short,0,medium
C007646,3,N,medium,0,medium
C007647,4,N,medium,0,medium
C007648,4,N,medium,0,medium
C007649,4,N,medium,0,medium
C007650,4,N,medium,0,medium
C007651,2,N,short,0,medium
C007652,2,N,short,0,medium
C007653,4,Y,medium,1,high
C007654,3,N,medium,0,medium
C007655,3,Y,medium,1,high
C007656,2,N,short,0,medium
C007657,4,N,medium,0,medium
C007658,3,N,medium,0,medium
C007659,2,N,short,0,medium
C007660,3,N,medium,0,medium
C007661,4,N,medium,0,medium
C007662,2,N,short,0,medium
C007663,3,N,medium,0,medium
C007664,3,N,medium,0,medium
C007665,3,N,medium,0,medium
C007666,4,N,medium,0,medium
C007667,3,N,medium,0,medium
C007668,4,N,medium,0,medium
C007669,3,N,medium,0,medium
C007670,3,Y,medium,1,high
C007671,3,Y,medium,1,high
C007672,4,N,medium,0,medium
C007673,2,Y,short,1,high
C007674,3,N,medium,0,medium
C007675,3,N,medium,0,medium
C007676,3,N,medium,0,medium
C007677,3,N,medium,0,medium
C007678,4,N,medium,0,medium
C007679,3,Y,medium,1,high
C007680,4,N,medium,0,medium
C007681,2,N,short,0,medium
C007682,2,N,short,0,medium
C007683,4,N,medium,0,medium
C007684,2,N,short,0,medium
C007685,2,N,short,0,medium
C007686,2,N,short,0,medium
C007687,4,Y,medium,1,high
C007688,4,N,medium,0,medium
C007689,3,N,medium,0,medium
C007690,4,N,medium,0,medium
C007691,4,N,medium,0,medium
C007692,2,N,short,0,medium
C007693,2,Y,short,1,high
C007694,4,N,medium,0,medium
C007695,3,N,medium,0,medium
C007696,3,N,medium,0,medium
C007697,3,N,medium,0,medium
C007698,2,N,short,0,medium
C007699,2,N,short,0,medium
C007700,4,N,medium,0,medium
C007701,4,N,medium,0,medium
C007702,2,N,short,0,medium
C007703,4,N,medium,0,medium
C007704,2,N,short,0,medium
C007705,2,N,short,0,medium
C007706,3,Y,medium,1,high
C007707,3,N,medium,0,medium
C007708,4,N,medium,0,medium
C007709,4,N,medium,0,medium
C007710,3,N,medium,0,medium
C007711,3,N,medium,0,medium
C007712,2,N,short,0,medium
C007713,2,N,short,0,medium
C007714,2,N,short,0,medium
C007715,4,N,medium,0,medium
C007716,4,N,medium,0,medium
C007717,2,N,short,0,medium
C007718,4,Y,medium,1,high
C007719,4,N,medium,0,medium
C007720,2,N,short,0,medium
C007721,2,N,short,0,medium
C007722,4,N,medium,0,medium
C007723,2,N,short,0,medium
C007724,4,Y,medium,1,high
C007725,2,N,short,0,medium
C007726,2,N,short,0,medium
C007727,4,N,medium,0,medium
C007728,3,N,medium,0,medium
C007729,4,N,medium,0,medium
C007730,2,N,short,0,medium
C007731,2,Y,short,1,high
C007732,3,N,medium,0,medium
C007733,3,N,medium,0,medium
C007734,2,N,short,0,medium
C007735,4,N,medium,0,medium
C007736,2,N,short,0,medium
C007737,2,N,short,0,medium
C007738,4,N,medium,0,medium
C007739,4,N,medium,0,medium
C007740,2,N,short,0,medium
C007741,4,N,medium,0,medium
C007742,2,N,short,0,medium
C007743,3,N,medium,0,medium
C007744,4,Y,medium,1,high
C007745,2,N,short,0,medium
C007746,3,N,medium,0,medium
C007747,4,N,medium,0,medium
C007748,2,N,short,0,medium
C007749,2,Y,short,1,high
C007750,2,N,short,0,medium
C007751,2,N,short,0,medium
C007752,4,N,medium,0,medium
C007753,2,N,short,0,medium
C007754,2,N,short,0,medium
C007755,2,N,short,0,medium
C007756,3,Y,medium,1,high
C007757,2,N,short,0,medium
C007758,4,N,medium,0,medium
C007759,3,N,medium,0,medium
C007760,3,N,medium,0,medium
C007761,2,N,short,0,medium
C007762,3,N,medium,0,medium
C007763,3,N,medium,0,medium
C007764,3,Y,medium,1,high
C007765,2,Y,short,1,high
C007766,4,N,medium,0,medium
C007767,3,N,medium,0,medium
C007768,4,N,medium,0,medium
C007769,3,N,medium,0,medium
C007770,3,N,medium,0,medium
C007771,4,N,medium,0,medium
C007772,2,N,short,0,medium
C007773,3,N,medium,0,medium
C007774,2,N,short,0,medium
C007775,2,N,short,0,medium
C007776,4,N,medium,0,medium
C007777,2,Y,short,1,high
C007778,3,N,medium,0,medium
C007779,4,N,medium,0,medium
C007780,3,N,medium,0,medium
C007781,2,N,short,0,medium
C007782,4,N,medium,0,medium
C007783,3,N,medium,0,medium
C007784,4,N,medium,0,medium
C007785,3,N,medium,0,medium
C007786,4,N,medium,0,medium
C007787,3,Y,medium,1,high
C007788,3,N,medium,0,medium
C007789,4,N,medium,0,medium
C007790,2,N,short,0,medium
C007791,4,N,medium,0,medium
C007792,3,N,medium,0,medium
C007793,2,N,short,0,medium
C007794,4,Y,medium,1,high
C007795,3,N,medium,0,medium
C007796,2,N,short,0,medium
C007797,2,N,short,0,medium
C007798,2,Y,short,1,high
C007799,4,N,medium,0,medium
C007800,4,N,medium,0,medium
C007801,3,N,medium,0,medium
C007802,3,N,medium,0,medium
C007803,3,N,medium,0,medium
C007804,2,N,short,0,medium
C007805,2,N,short,0,medium
C007806,4,N,medium,0,medium
C007807,3,N,medium,0,medium
C007808,3,N,medium,0,medium
C007809,4,N,medium,0,medium
C007810,4,N,medium,0,medium
C007811,2,N,short,0,medium
C007812,3,N,medium,0,medium
C007813,2,N,short,0,medium
C007814,3,N,medium,0,medium
C007815,2,N,short,0,medium
C007816,3,N,medium,0,medium
C007817,2,Y,short,1,high
C007818,3,Y,medium,1,high
C007819,3,Y,medium,1,high
C007820,3,N,medium,0,medium
C007821,3,N,medium,0,medium
C007822,2,N,short,0,medium
C007823,3,N,medium,0,medium
C007824,2,N,short,0,medium
C007825,2,N,short,0,medium
C007826,2,N,short,0,medium
C007827,3,N,medium,0,medium
C007828,2,Y,short,1,high
C007829,4,N,medium,0,medium
C007830,4,N,medium,0,medium
C007831,2,N,short,0,medium
C007832,4,N,medium,0,medium
C007833,4,Y,medium,1,high
C007834,4,N,medium,0,medium
C007835,2,N,short,0,medium
C007836,3,N,medium,0,medium
C007837,2,N,short,0,medium
C007838,3,N,medium,0,medium
C007839,2,N,short,0,medium
C007840,4,N,medium,0,medium
C007841,2,N,short,0,medium
C007842,3,N,medium,0,medium
C007843,3,Y,medium,1,high
C007844,2,Y,short,1,high
C007845,2,N,short,0,medium
C007846,2,N,short,0,medium
C007847,4,Y,medium,1,high
C007848,3,N,medium,0,medium
C007849,4,N,medium,0,medium
C007850,4,N,medium,0,medium
C007851,3,N,medium,0,medium
C007852,4,N,medium,0,medium
C007853,3,N,medium,0,medium
C007854,3,N,medium,0,medium
C007855,3,N,medium,0,medium
C007856,4,N,medium,0,medium
C007857,4,N,medium,0,medium
C007858,2,N,short,0,medium
C007859,3,N,medium,0,medium
C007860,3,N,medium,0,medium
C007861,4,N,medium,0,medium
C007862,2,N,short,0,medium
C007863,4,N,medium,0,medium
C007864,2,N,short,0,medium
C007865,2,N,short,0,medium
C007866,4,Y,medium,1,high
C007867,4,N,medium,0,medium
C007868,3,N,medium,0,medium
C007869,3,N,medium,0,medium
C007870,3,N,medium,0,medium
C007871,2,N,short,0,medium
C007872,4,N,medium,0,medium
C007873,3,N,medium,0,medium
C007874,4,N,medium,0,medium
C007875,3,N,medium,0,medium
C007876,4,N,medium,0,medium
C007877,3,N,medium,0,medium
C007878,3,N,medium,0,medium
C007879,4,N,medium,0,medium
C007880,2,N,short,0,medium
C007881,2,N,short,0,medium
C007882,2,N,short,0,medium
C007883,3,Y,medium,1,high
C007884,4,N,medium,0,medium
C007885,3,N,medium,0,medium
C007886,2,N,short,0,medium
C007887,3,N,medium,0,medium
C007888,4,N,medium,0,medium
C007889,2,Y,short,1,high
C007890,4,N,medium,0,medium
C007891,3,N,medium,0,medium
C007892,3,N,medium,0,medium
C007893,3,N,medium,0,medium
C007894,4,N,medium,0,medium
C007895,2,N,short,0,medium
C007896,4,N,medium,0,medium
C007897,3,N,medium,0,medium
C007898,3,N,medium,0,medium
C007899,2,N,short,0,medium
C007900,3,N,medium,0,medium
C007901,3,N,medium,0,medium
C007902,3,N,medium,0,medium
C007903,4,N,medium,0,medium
C007904,3,Y,medium,1,high
C007905,4,N,medium,0,medium
C007906,3,Y,medium,1,high
C007907,4,N,medium,0,medium
C007908,3,Y,medium,1,high
C007909,3,Y,medium,1,high
C007910,2,N,short,0,medium
C007911,3,N,medium,0,medium
C007912,3,N,medium,0,medium
C007913,2,N,short,0,medium
C007914,2,N,short,0,medium
C007915,3,N,medium,0,medium
C007916,4,N,medium,0,medium
C007917,4,Y,medium,1,high
C007918,3,N,medium,0,medium
C007919,3,N,medium,0,medium
C007920,4,N,medium,0,medium
C007921,2,N,short,0,medium
C007922,2,N,short,0,medium
C007923,3,N,medium,0,medium
C007924,4,N,medium,0,medium
C007925,3,N,medium,0,medium
C007926,2,N,short,0,medium
C007927,4,N,medium,0,medium
C007928,3,N,medium,0,medium
C007929,2,N,short,0,medium
C007930,4,N,medium,0,medium
C007931,2,N,short,0,medium
C007932,4,N,medium,0,medium
C007933,2,N,short,0,medium
C007934,3,N,medium,0,medium
C007935,2,N,short,0,medium
C007936,4,N,medium,0,medium
C007937,2,N,short,0,medium
C007938,4,N,medium,0,medium
C007939,4,N,medium,0,medium
C007940,3,N,medium,0,medium
C007941,4,Y,medium,1,high
C007942,2,N,short,0,medium
C007943,2,N,short,0,medium
C007944,3,N,medium,0,medium
C007945,2,N,short,0,medium
C007946,4,N,medium,0,medium
C007947,4,N,medium,0,medium
C007948,4,N,medium,0,medium
C007949,3,N,medium,0,medium
C007950,2,N,short,0,medium
C007951,4,N,medium,0,medium
C007952,3,N,medium,0,medium
C007953,3,N,medium,0,medium
C007954,3,N,medium,0,medium
C007955,3,N,medium,0,medium
C007956,4,N,medium,0,medium
C007957,3,N,medium,0,medium
C007958,4,N,medium,0,medium
C007959,4,N,medium,0,medium
C007960,2,N,short,0,medium
C007961,2,Y,short,1,high
C007962,2,N,short,0,medium
C007963,3,N,medium,0,medium
C007964,3,N,medium,0,medium
C007965,4,N,medium,0,medium
C007966,3,N,medium,0,medium
C007967,3,N,medium,0,medium
C007968,2,N,short,0,medium
C007969,3,N,medium,0,medium
C007970,2,N,short,0,medium
C007971,3,N,medium,0,medium
C007972,3,N,medium,0,medium
C007973,3,N,medium,0,medium
C007974,2,Y,short,1,high
C007975,2,N,short,0,medium
C007976,3,Y,medium,1,high
C007977,2,N,short,0,medium
C007978,3,Y,medium,1,high
C007979,2,N,short,0,medium
C007980,2,Y,short,1,high
C007981,2,N,short,0,medium
C007982,4,N,medium,0,medium
C007983,4,N,medium,0,medium
C007984,4,N,medium,0,medium
C007985,4,N,medium,0,medium
C007986,3,N,medium,0,medium
C007987,3,N,medium,0,medium
C007988,2,N,short,0,medium
C007989,2,N,short,0,medium
C007990,4,N,medium,0,medium
C007991,4,N,medium,0,medium
C007992,2,N,short,0,medium
C007993,2,N,short,0,medium
C007994,4,N,medium,0,medium
C007995,2,N,short,0,medium
C007996,2,N,short,0,medium
C007997,3,N,medium,0,medium
C007998,4,N,medium,0,medium
C007999,4,N,medium,0,medium
C008000,3,N,medium,0,medium
C008001,3,N,medium,0,medium
C008002,2,N,short,0,medium
C008003,3,N,medium,0,medium
C008004,4,N,medium,0,medium
C008005,2,N,short,0,medium
C008006,4,N,medium,0,medium
C008007,4,N,medium,0,medium
C008008,3,Y,medium,1,high
C008009,4,N,medium,0,medium
C008010,2,Y,short,1,high
C008011,3,N,medium,0,medium
C008012,4,N,medium,0,medium
C008013,2,N,short,0,medium
C008014,3,N,medium,0,medium
C008015,3,N,medium,0,medium
C008016,2,N,short,0,medium
C008017,3,N,medium,0,medium
C008018,3,N,medium,0,medium
C008019,2,Y,short,1,high
C008020,3,N,medium,0,medium
C008021,3,N,medium,0,medium
C008022,4,N,medium,0,medium
C008023,2,N,short,0,medium
C008024,3,N,medium,0,medium
C008025,3,N,medium,0,medium
C008026,2,Y,short,1,high
C008027,2,N,short,0,medium
C008028,4,N,medium,0,medium
C008029,4,N,medium,0,medium
C008030,3,N,medium,0,medium
C008031,2,N,short,0,medium
C008032,3,Y,medium,1,high
C008033,2,Y,short,1,high
C008034,3,N,medium,0,medium
C008035,4,N,medium,0,medium
C008036,2,N,short,0,medium
C008037,4,N,medium,0,medium
C008038,2,N,short,0,medium
C008039,2,N,short,0,medium
C008040,4,N,medium,0,medium
C008041,4,N,medium,0,medium
C008042,4,N,medium,0,medium
C008043,2,N,short,0,medium
C008044,2,N,short,0,medium
C008045,4,Y,medium,1,high
C008046,2,N,short,0,medium
C008047,2,N,short,0,medium
C008048,4,N,medium,0,medium
C008049,4,N,medium,0,medium
C008050,3,N,medium,0,medium
C008051,3,Y,medium,1,high
C008052,4,N,medium,0,medium
C008053,3,Y,medium,1,high
C008054,2,N,short,0,medium
C008055,4,Y,medium,1,high
C008056,2,N,short,0,medium
C008057,4,N,medium,0,medium
C008058,2,N,short,0,medium
C008059,3,N,medium,0,medium
C008060,3,Y,medium,1,high
C008061,2,N,short,0,medium
C008062,3,Y,medium,1,high
C008063,2,N,short,0,medium
C008064,2,N,short,0,medium
C008065,4,N,medium,0,medium
C008066,4,Y,medium,1,high
C008067,2,N,short,0,medium
C008068,4,N,medium,0,medium
C008069,3,Y,medium,1,high
C008070,4,Y,medium,1,high
C008071,4,Y,medium,1,high
C008072,4,N,medium,0,medium
C008073,3,N,medium,0,medium
C008074,4,N,medium,0,medium
C008075,2,N,short,0,medium
C008076,2,Y,short,1,high
C008077,3,Y,medium,1,high
C008078,4,Y,medium,1,high
C008079,3,N,medium,0,medium
C008080,2,N,short,0,medium
C008081,2,N,short,0,medium
C008082,2,N,short,0,medium
C008083,2,Y,short,1,high
C008084,3,N,medium,0,medium
C008085,3,N,medium,0,medium
C008086,2,N,short,0,medium
C008087,2,N,short,0,medium
C008088,2,N,short,0,medium
C008089,2,N,short,0,medium
C008090,4,Y,medium,1,high
C008091,3,Y,medium,1,high
C008092,2,Y,short,1,high
C008093,4,N,medium,0,medium
C008094,2,N,short,0,medium
C008095,4,N,medium,0,medium
C008096,2,N,short,0,medium
C008097,2,Y,short,1,high
C008098,3,N,medium,0,medium
C008099,3,N,medium,0,medium
C008100,4,N,medium,0,medium
C008101,3,N,medium,0,medium
C008102,3,N,medium,0,medium
C008103,3,N,medium,0,medium
C008104,4,N,medium,0,medium
C008105,3,N,medium,0,medium
C008106,3,N,medium,0,medium
C008107,2,N,short,0,medium
C008108,3,Y,medium,1,high
C008109,4,N,medium,0,medium
C008110,4,N,medium,0,medium
C008111,2,N,short,0,medium
C008112,4,N,medium,0,medium
C008113,4,N,medium,0,medium
C008114,2,Y,short,1,high
C008115,3,N,medium,0,medium
C008116,2,N,short,0,medium
C008117,4,N,medium,0,medium
C008118,2,N,short,0,medium
C008119,2,Y,short,1,high
C008120,2,N,short,0,medium
C008121,3,N,medium,0,medium
C008122,3,N,medium,0,medium
C008123,3,N,medium,0,medium
C008124,3,N,medium,0,medium
C008125,3,Y,medium,1,high
C008126,2,N,short,0,medium
C008127,3,N,medium,0,medium
C008128,2,N,short,0,medium
C008129,2,N,short,0,medium
C008130,4,N,medium,0,medium
C008131,3,N,medium,0,medium
C008132,2,N,short,0,medium
C008133,3,N,medium,0,medium
C008134,2,N,short,0,medium
C008135,4,N,medium,0,medium
C008136,4,Y,medium,1,high
C008137,4,Y,medium,1,high
C008138,3,N,medium,0,medium
C008139,2,N,short,0,medium
C008140,2,N,short,0,medium
C008141,4,N,medium,0,medium
C008142,3,N,medium,0,medium
C008143,2,N,short,0,medium
C008144,4,N,medium,0,medium
C008145,4,N,medium,0,medium
C008146,2,N,short,0,medium
C008147,3,N,medium,0,medium
C008148,3,N,medium,0,medium
C008149,4,Y,medium,1,high
C008150,4,N,medium,0,medium
C008151,3,Y,medium,1,high
C008152,4,N,medium,0,medium
C008153,2,N,short,0,medium
C008154,4,N,medium,0,medium
C008155,2,N,short,0,medium
C008156,2,N,short,0,medium
C008157,4,N,medium,0,medium
C008158,3,N,medium,0,medium
C008159,2,N,short,0,medium
C008160,3,N,medium,0,medium
C008161,3,N,medium,0,medium
C008162,4,N,medium,0,medium
C008163,3,N,medium,0,medium
C008164,2,N,short,0,medium
C008165,2,N,short,0,medium
C008166,4,N,medium,0,medium
C008167,4,N,medium,0,medium
C008168,2,N,short,0,medium
C008169,4,N,medium,0,medium
C008170,3,N,medium,0,medium
C008171,2,N,short,0,medium
C008172,3,Y,medium,1,high
C008173,3,N,medium,0,medium
C008174,3,N,medium,0,medium
C008175,3,N,medium,0,medium
C008176,4,N,medium,0,medium
C008177,4,Y,medium,1,high
C008178,4,N,medium,0,medium
C008179,2,N,short,0,medium
C008180,2,N,short,0,medium
C008181,4,N,medium,0,medium
C008182,3,Y,medium,1,high
C008183,2,N,short,0,medium
C008184,2,N,short,0,medium
C008185,4,N,medium,0,medium
C008186,3,N,medium,0,medium
C008187,2,N,short,0,medium
C008188,2,N,short,0,medium
C008189,3,N,medium,0,medium
C008190,4,N,medium,0,medium
C008191,2,N,short,0,medium
C008192,4,N,medium,0,medium
C008193,3,N,medium,0,medium
C008194,3,N,medium,0,medium
C008195,2,N,short,0,medium
C008196,4,N,medium,0,medium
C008197,2,N,short,0,medium
C008198,3,Y,medium,1,high
C008199,4,N,medium,0,medium
C008200,4,N,medium,0,medium
C008201,3,N,medium,0,medium
C008202,3,N,medium,0,medium
C008203,2,N,short,0,medium
C008204,3,N,medium,0,medium
C008205,2,N,short,0,medium
C008206,4,N,medium,0,medium
C008207,4,N,medium,0,medium
C008208,3,Y,medium,1,high
C008209,4,N,medium,0,medium
C008210,4,N,medium,0,medium
C008211,2,N,short,0,medium
C008212,4,N,medium,0,medium
C008213,3,N,medium,0,medium
C008214,4,N,medium,0,medium
C008215,3,N,medium,0,medium
C008216,3,Y,medium,1,high
C008217,3,Y,medium,1,high
C008218,4,N,medium,0,medium
C008219,4,N,medium,0,medium
C008220,2,N,short,0,medium
C008221,3,Y,medium,1,high
C008222,4,N,medium,0,medium
C008223,3,N,medium,0,medium
C008224,4,N,medium,0,medium
C008225,3,N,medium,0,medium
C008226,4,N,medium,0,medium
C008227,3,N,medium,0,medium
C008228,4,N,medium,0,medium
C008229,2,N,short,0,medium
C008230,4,Y,medium,1,high
C008231,3,N,medium,0,medium
C008232,3,N,medium,0,medium
C008233,4,N,medium,0,medium
C008234,2,N,short,0,medium
C008235,2,Y,short,1,high
C008236,2,N,short,0,medium
C008237,2,N,short,0,medium
C008238,4,N,medium,0,medium
C008239,3,N,medium,0,medium
C008240,3,N,medium,0,medium
C008241,2,N,short,0,medium
C008242,3,N,medium,0,medium
C008243,4,N,medium,0,medium
C008244,4,N,medium,0,medium
C008245,2,N,short,0,medium
C008246,4,N,medium,0,medium
C008247,4,N,medium,0,medium
C008248,4,N,medium,0,medium
C008249,4,N,medium,0,medium
C008250,2,N,short,0,medium
C008251,2,N,short,0,medium
C008252,2,N,short,0,medium
C008253,2,Y,short,1,high
C008254,3,N,medium,0,medium
C008255,2,N,short,0,medium
C008256,3,N,medium,0,medium
C008257,2,N,short,0,medium
C008258,2,N,short,0,medium
C008259,4,N,medium,0,medium
C008260,2,N,short,0,medium
C008261,2,N,short,0,medium
C008262,2,N,short,0,medium
C008263,4,N,medium,0,medium
C008264,4,N,medium,0,medium
C008265,3,Y,medium,1,high
C008266,4,Y,medium,1,high
C008267,3,N,medium,0,medium
C008268,3,N,medium,0,medium
C008269,4,N,medium,0,medium
C008270,4,N,medium,0,medium
C008271,2,N,short,0,medium
C008272,4,N,medium,0,medium
C008273,3,N,medium,0,medium
C008274,2,N,short,0,medium
C008275,4,N,medium,0,medium
C008276,4,N,medium,0,medium
C008277,2,Y,short,1,high
C008278,4,N,medium,0,medium
C008279,2,N,short,0,medium
C008280,2,Y,short,1,high
C008281,2,N,short,0,medium
C008282,3,N,medium,0,medium
C008283,2,N,short,0,medium
C008284,2,Y,short,1,high
C008285,3,Y,medium,1,high
C008286,2,Y,short,1,high
C008287,4,Y,medium,1,high
C008288,4,N,medium,0,medium
C008289,2,Y,short,1,high
C008290,2,N,short,0,medium
C008291,4,Y,medium,1,high
C008292,4,Y,medium,1,high
C008293,3,N,medium,0,medium
C008294,2,Y,short,1,high
C008295,4,N,medium,0,medium
C008296,3,N,medium,0,medium
C008297,4,N,medium,0,medium
C008298,2,N,short,0,medium
C008299,3,N,medium,0,medium
C008300,2,N,short,0,medium
C008301,4,N,medium,0,medium
C008302,3,N,medium,0,medium
C008303,4,N,medium,0,medium
C008304,2,N,short,0,medium
C008305,3,N,medium,0,medium
C008306,4,Y,medium,1,high
C008307,3,N,medium,0,medium
C008308,4,N,medium,0,medium
C008309,2,N,short,0,medium
C008310,4,N,medium,0,medium
C008311,2,N,short,0,medium
C008312,3,N,medium,0,medium
C008313,4,Y,medium,1,high
C008314,3,N,medium,0,medium
C008315,3,N,medium,0,medium
C008316,2,N,short,0,medium
C008317,3,Y,medium,1,high
C008318,3,N,medium,0,medium
C008319,3,N,medium,0,medium
C008320,3,N,medium,0,medium
C008321,4,N,medium,0,medium
C008322,3,N,medium,0,medium
C008323,3,N,medium,0,medium
C008324,3,N,medium,0,medium
C008325,3,N,medium,0,medium
C008326,4,N,medium,0,medium
C008327,4,N,medium,0,medium
C008328,3,N,medium,0,medium
C008329,4,N,medium,0,medium
C008330,2,N,short,0,medium
C008331,3,N,medium,0,medium
C008332,3,Y,medium,1,high
C008333,2,N,short,0,medium
C008334,3,N,medium,0,medium
C008335,4,N,medium,0,medium
C008336,2,N,short,0,medium
C008337,4,N,medium,0,medium
C008338,3,N,medium,0,medium
C008339,3,N,medium,0,medium
C008340,2,N,short,0,medium
C008341,3,N,medium,0,medium
C008342,4,N,medium,0,medium
C008343,2,N,short,0,medium
C008344,3,N,medium,0,medium
C008345,3,N,medium,0,medium
C008346,2,N,short,0,medium
C008347,4,N,medium,0,medium
C008348,2,N,short,0,medium
C008349,4,N,medium,0,medium
C008350,2,N,short,0,medium
C008351,4,N,medium,0,medium
C008352,3,N,medium,0,medium
C008353,4,Y,medium,1,high
C008354,4,Y,medium,1,high
C008355,4,N,medium,0,medium
C008356,3,N,medium,0,medium
C008357,3,N,medium,0,medium
C008358,2,N,short,0,medium
C008359,4,N,medium,0,medium
C008360,2,N,short,0,medium
C008361,3,N,medium,0,medium
C008362,2,N,short,0,medium
C008363,2,N,short,0,medium
C008364,2,Y,short,1,high
C008365,3,Y,medium,1,high
C008366,3,N,medium,0,medium
C008367,2,N,short,0,medium
C008368,2,N,short,0,medium
C008369,3,N,medium,0,medium
C008370,3,N,medium,0,medium
C008371,3,N,medium,0,medium
C008372,4,N,medium,0,medium
C008373,2,N,short,0,medium
C008374,2,N,short,0,medium
C008375,3,N,medium,0,medium
C008376,4,Y,medium,1,high
C008377,2,N,short,0,medium
C008378,3,N,medium,0,medium
C008379,3,Y,medium,1,high
C008380,3,N,medium,0,medium
C008381,2,N,short,0,medium
C008382,2,N,short,0,medium
C008383,4,N,medium,0,medium
C008384,3,N,medium,0,medium
C008385,2,N,short,0,medium
C008386,4,N,medium,0,medium
C008387,3,N,medium,0,medium
C008388,2,N,short,0,medium
C008389,2,N,short,0,medium
C008390,3,N,medium,0,medium
C008391,3,N,medium,0,medium
C008392,3,N,medium,0,medium
C008393,4,N,medium,0,medium
C008394,3,N,medium,0,medium
C008395,3,N,medium,0,medium
C008396,3,N,medium,0,medium
C008397,4,N,medium,0,medium
C008398,4,N,medium,0,medium
C008399,3,N,medium,0,medium
C008400,2,N,short,0,medium
C008401,2,N,short,0,medium
C008402,3,N,medium,0,medium
C008403,2,N,short,0,medium
C008404,2,Y,short,1,high
C008405,2,N,short,0,medium
C008406,3,N,medium,0,medium
C008407,3,N,medium,0,medium
C008408,3,N,medium,0,medium
C008409,3,N,medium,0,medium
C008410,3,Y,medium,1,high
C008411,2,N,short,0,medium
C008412,3,N,medium,0,medium
C008413,3,N,medium,0,medium
C008414,4,N,medium,0,medium
C008415,4,N,medium,0,medium
C008416,2,N,short,0,medium
C008417,4,N,medium,0,medium
C008418,4,Y,medium,1,high
C008419,4,N,medium,0,medium
C008420,2,N,short,0,medium
C008421,3,N,medium,0,medium
C008422,4,Y,medium,1,high
C008423,4,N,medium,0,medium
C008424,2,N,short,0,medium
C008425,2,N,short,0,medium
C008426,3,Y,medium,1,high
C008427,2,N,short,0,medium
C008428,4,N,medium,0,medium
C008429,2,N,short,0,medium
C008430,3,N,medium,0,medium
C008431,2,N,short,0,medium
C008432,4,N,medium,0,medium
C008433,4,N,medium,0,medium
C008434,4,N,medium,0,medium
C008435,2,N,short,0,medium
C008436,4,Y,medium,1,high
C008437,3,Y,medium,1,high
C008438,4,N,medium,0,medium
C008439,3,N,medium,0,medium
C008440,3,Y,medium,1,high
C008441,4,N,medium,0,medium
C008442,4,N,medium,0,medium
C008443,4,N,medium,0,medium
C008444,2,N,short,0,medium
C008445,2,N,short,0,medium
C008446,3,N,medium,0,medium
C008447,2,N,short,0,medium
C008448,4,N,medium,0,medium
C008449,3,N,medium,0,medium
C008450,3,N,medium,0,medium
C008451,4,N,medium,0,medium
C008452,2,N,short,0,medium
C008453,3,N,medium,0,medium
C008454,4,N,medium,0,medium
C008455,4,N,medium,0,medium
C008456,4,N,medium,0,medium
C008457,3,N,medium,0,medium
C008458,3,N,medium,0,medium
C008459,3,N,medium,0,medium
C008460,3,N,medium,0,medium
C008461,4,N,medium,0,medium
C008462,4,N,medium,0,medium
C008463,4,N,medium,0,medium
C008464,4,N,medium,0,medium
C008465,4,N,medium,0,medium
C008466,4,N,medium,0,medium
C008467,4,N,medium,0,medium
C008468,4,N,medium,0,medium
C008469,4,N,medium,0,medium
C008470,2,N,short,0,medium
C008471,4,N,medium,0,medium
C008472,4,N,medium,0,medium
C008473,3,Y,medium,1,high
C008474,2,N,short,0,medium
C008475,4,N,medium,0,medium
C008476,3,N,medium,0,medium
C008477,4,N,medium,0,medium
C008478,3,N,medium,0,medium
C008479,4,Y,medium,1,high
C008480,2,N,short,0,medium
C008481,4,N,medium,0,medium
C008482,3,N,medium,0,medium
C008483,4,Y,medium,1,high
C008484,3,Y,medium,1,high
C008485,4,Y,medium,1,high
C008486,3,N,medium,0,medium
C008487,3,Y,medium,1,high
C008488,3,N,medium,0,medium
C008489,3,Y,medium,1,high
C008490,2,Y,short,1,high
C008491,4,Y,medium,1,high
C008492,3,Y,medium,1,high
C008493,3,N,medium,0,medium
C008494,2,N,short,0,medium
C008495,2,N,short,0,medium
C008496,4,N,medium,0,medium
C008497,2,Y,short,1,high
C008498,2,N,short,0,medium
C008499,3,Y,medium,1,high
C008500,3,N,medium,0,medium
C008501,2,N,short,0,medium
C008502,3,Y,medium,1,high
C008503,2,N,short,0,medium
C008504,2,N,short,0,medium
C008505,4,N,medium,0,medium
C008506,4,N,medium,0,medium
C008507,3,N,medium,0,medium
C008508,3,N,medium,0,medium
C008509,2,N,short,0,medium
C008510,2,N,short,0,medium
C008511,4,N,medium,0,medium
C008512,4,N,medium,0,medium
C008513,2,N,short,0,medium
C008514,2,N,short,0,medium
C008515,2,N,short,0,medium
C008516,4,N,medium,0,medium
C008517,4,Y,medium,1,high
C008518,4,N,medium,0,medium
C008519,4,Y,medium,1,high
C008520,2,N,short,0,medium
C008521,4,Y,medium,1,high
C008522,4,N,medium,0,medium
C008523,2,Y,short,1,high
C008524,3,N,medium,0,medium
C008525,4,N,medium,0,medium
C008526,2,N,short,0,medium
C008527,3,N,medium,0,medium
C008528,4,N,medium,0,medium
C008529,3,N,medium,0,medium
C008530,4,N,medium,0,medium
C008531,2,N,short,0,medium
C008532,2,N,short,0,medium
C008533,2,N,short,0,medium
C008534,4,N,medium,0,medium
C008535,2,N,short,0,medium
C008536,2,N,short,0,medium
C008537,3,Y,medium,1,high
C008538,3,N,medium,0,medium
C008539,2,N,short,0,medium
C008540,3,N,medium,0,medium
C008541,2,N,short,0,medium
C008542,2,N,short,0,medium
C008543,2,N,short,0,medium
C008544,2,N,short,0,medium
C008545,4,N,medium,0,medium
C008546,3,N,medium,0,medium
C008547,4,N,medium,0,medium
C008548,2,N,short,0,medium
C008549,4,N,medium,0,medium
C008550,4,N,medium,0,medium
C008551,4,Y,medium,1,high
C008552,4,N,medium,0,medium
C008553,3,Y,medium,1,high
C008554,3,N,medium,0,medium
C008555,4,N,medium,0,medium
C008556,4,N,medium,0,medium
C008557,4,N,medium,0,medium
C008558,2,N,short,0,medium
C008559,2,N,short,0,medium
C008560,3,Y,medium,1,high
C008561,3,N,medium,0,medium
C008562,3,Y,medium,1,high
C008563,3,N,medium,0,medium
C008564,4,N,medium,0,medium
C008565,4,N,medium,0,medium
C008566,4,N,medium,0,medium
C008567,4,N,medium,0,medium
C008568,2,N,short,0,medium
C008569,4,N,medium,0,medium
C008570,4,Y,medium,1,high
C008571,2,N,short,0,medium
C008572,3,N,medium,0,medium
C008573,3,N,medium,0,medium
C008574,4,N,medium,0,medium
C008575,2,Y,short,1,high
C008576,4,N,medium,0,medium
C008577,2,N,short,0,medium
C008578,2,N,short,0,medium
C008579,3,N,medium,0,medium
C008580,4,N,medium,0,medium
C008581,4,N,medium,0,medium
C008582,3,N,medium,0,medium
C008583,4,N,medium,0,medium
C008584,3,N,medium,0,medium
C008585,2,N,short,0,medium
C008586,2,Y,short,1,high
C008587,2,N,short,0,medium
C008588,4,N,medium,0,medium
C008589,3,N,medium,0,medium
C008590,4,N,medium,0,medium
C008591,2,Y,short,1,high
C008592,4,N,medium,0,medium
C008593,2,N,short,0,medium
C008594,4,N,medium,0,medium
C008595,2,N,short,0,medium
C008596,4,N,medium,0,medium
C008597,2,N,short,0,medium
C008598,2,N,short,0,medium
C008599,4,N,medium,0,medium
C008600,3,N,medium,0,medium
C008601,2,N,short,0,medium
C008602,4,N,medium,0,medium
C008603,3,N,medium,0,medium
C008604,4,N,medium,0,medium
C008605,2,N,short,0,medium
C008606,4,Y,medium,1,high
C008607,2,N,short,0,medium
C008608,2,N,short,0,medium
C008609,3,N,medium,0,medium
C008610,3,N,medium,0,medium
C008611,4,N,medium,0,medium
C008612,2,N,short,0,medium
C008613,4,N,medium,0,medium
C008614,4,N,medium,0,medium
C008615,4,N,medium,0,medium
C008616,4,N,medium,0,medium
C008617,3,N,medium,0,medium
C008618,4,Y,medium,1,high
C008619,4,N,medium,0,medium
C008620,2,N,short,0,medium
C008621,3,N,medium,0,medium
C008622,4,Y,medium,1,high
C008623,3,N,medium,0,medium
C008624,2,N,short,0,medium
C008625,4,N,medium,0,medium
C008626,4,N,medium,0,medium
C008627,2,N,short,0,medium
C008628,4,N,medium,0,medium
C008629,4,N,medium,0,medium
C008630,3,N,medium,0,medium
C008631,2,Y,short,1,high
C008632,2,Y,short,1,high
C008633,4,N,medium,0,medium
C008634,2,N,short,0,medium
C008635,2,N,short,0,medium
C008636,2,N,short,0,medium
C008637,2,N,short,0,medium
C008638,3,Y,medium,1,high
C008639,2,Y,short,1,high
C008640,3,N,medium,0,medium
C008641,2,N,short,0,medium
C008642,3,N,medium,0,medium
C008643,2,Y,short,1,high
C008644,3,N,medium,0,medium
C008645,3,Y,medium,1,high
C008646,2,N,short,0,medium
C008647,2,N,short,0,medium
C008648,2,N,short,0,medium
C008649,2,Y,short,1,high
C008650,2,Y,short,1,high
C008651,4,N,medium,0,medium
C008652,4,N,medium,0,medium
C008653,2,N,short,0,medium
C008654,4,N,medium,0,medium
C008655,3,N,medium,0,medium
C008656,2,N,short,0,medium
C008657,3,N,medium,0,medium
C008658,3,N,medium,0,medium
C008659,2,N,short,0,medium
C008660,4,Y,medium,1,high
C008661,3,N,medium,0,medium
C008662,4,N,medium,0,medium
C008663,3,Y,medium,1,high
C008664,2,N,short,0,medium
C008665,3,N,medium,0,medium
C008666,2,Y,short,1,high
C008667,2,N,short,0,medium
C008668,4,N,medium,0,medium
C008669,2,N,short,0,medium
C008670,4,N,medium,0,medium
C008671,3,N,medium,0,medium
C008672,3,N,medium,0,medium
C008673,4,N,medium,0,medium
C008674,4,N,medium,0,medium
C008675,2,N,short,0,medium
C008676,2,N,short,0,medium
C008677,2,N,short,0,medium
C008678,4,Y,medium,1,high
C008679,4,N,medium,0,medium
C008680,3,Y,medium,1,high
C008681,2,N,short,0,medium
C008682,2,N,short,0,medium
C008683,4,N,medium,0,medium
C008684,4,Y,medium,1,high
C008685,2,N,short,0,medium
C008686,2,N,short,0,medium
C008687,4,Y,medium,1,high
C008688,3,N,medium,0,medium
C008689,4,N,medium,0,medium
C008690,2,N,short,0,medium
C008691,4,Y,medium,1,high
C008692,4,N,medium,0,medium
C008693,2,Y,short,1,high
C008694,3,N,medium,0,medium
C008695,4,N,medium,0,medium
C008696,4,N,medium,0,medium
C008697,3,N,medium,0,medium
C008698,2,N,short,0,medium
C008699,2,N,short,0,medium
C008700,4,N,medium,0,medium
C008701,2,N,short,0,medium
C008702,4,N,medium,0,medium
C008703,4,N,medium,0,medium
C008704,2,N,short,0,medium
C008705,3,N,medium,0,medium
C008706,2,N,short,0,medium
C008707,4,N,medium,0,medium
C008708,3,N,medium,0,medium
C008709,4,N,medium,0,medium
C008710,3,N,medium,0,medium
C008711,2,N,short,0,medium
C008712,3,N,medium,0,medium
C008713,3,N,medium,0,medium
C008714,3,N,medium,0,medium
C008715,2,N,short,0,medium
C008716,3,N,medium,0,medium
C008717,4,N,medium,0,medium
C008718,3,N,medium,0,medium
C008719,2,N,short,0,medium
C008720,2,N,short,0,medium
C008721,2,N,short,0,medium
C008722,3,N,medium,0,medium
C008723,2,N,short,0,medium
C008724,3,N,medium,0,medium
C008725,4,Y,medium,1,high
C008726,2,N,short,0,medium
C008727,2,N,short,0,medium
C008728,2,N,short,0,medium
C008729,3,N,medium,0,medium
C008730,2,N,short,0,medium
C008731,3,N,medium,0,medium
C008732,3,N,medium,0,medium
C008733,2,N,short,0,medium
C008734,2,N,short,0,medium
C008735,2,Y,short,1,high
C008736,4,N,medium,0,medium
C008737,2,N,short,0,medium
C008738,2,N,short,0,medium
C008739,3,N,medium,0,medium
C008740,4,N,medium,0,medium
C008741,2,N,short,0,medium
C008742,4,N,medium,0,medium
C008743,2,Y,short,1,high
C008744,4,N,medium,0,medium
C008745,3,N,medium,0,medium
C008746,3,N,medium,0,medium
C008747,2,N,short,0,medium
C008748,4,N,medium,0,medium
C008749,2,N,short,0,medium
C008750,2,N,short,0,medium
C008751,4,N,medium,0,medium
C008752,3,N,medium,0,medium
C008753,3,N,medium,0,medium
C008754,3,N,medium,0,medium
C008755,3,Y,medium,1,high
C008756,2,N,short,0,medium
C008757,4,N,medium,0,medium
C008758,2,N,short,0,medium
C008759,2,N,short,0,medium
C008760,2,Y,short,1,high
C008761,3,N,medium,0,medium
C008762,3,N,medium,0,medium
C008763,2,N,short,0,medium
C008764,3,N,medium,0,medium
C008765,2,N,short,0,medium
C008766,3,N,medium,0,medium
C008767,4,N,medium,0,medium
C008768,3,N,medium,0,medium
C008769,3,N,medium,0,medium
C008770,3,N,medium,0,medium
C008771,4,N,medium,0,medium
C008772,2,N,short,0,medium
C008773,3,N,medium,0,medium
C008774,3,N,medium,0,medium
C008775,2,N,short,0,medium
C008776,4,N,medium,0,medium
C008777,4,N,medium,0,medium
C008778,3,N,medium,0,medium
C008779,3,N,medium,0,medium
C008780,2,N,short,0,medium
C008781,3,N,medium,0,medium
C008782,4,N,medium,0,medium
C008783,3,Y,medium,1,high
C008784,4,N,medium,0,medium
C008785,2,N,short,0,medium
C008786,3,N,medium,0,medium
C008787,3,N,medium,0,medium
C008788,2,Y,short,1,high
C008789,2,N,short,0,medium
C008790,2,N,short,0,medium
C008791,3,N,medium,0,medium
C008792,4,N,medium,0,medium
C008793,2,N,short,0,medium
C008794,2,N,short,0,medium
C008795,3,N,medium,0,medium
C008796,2,N,short,0,medium
C008797,2,N,short,0,medium
C008798,4,N,medium,0,medium
C008799,3,N,medium,0,medium
C008800,2,N,short,0,medium
C008801,3,N,medium,0,medium
C008802,3,Y,medium,1,high
C008803,3,N,medium,0,medium
C008804,2,N,short,0,medium
C008805,2,N,short,0,medium
C008806,3,N,medium,0,medium
C008807,3,N,medium,0,medium
C008808,2,N,short,0,medium
C008809,4,N,medium,0,medium
C008810,3,N,medium,0,medium
C008811,4,N,medium,0,medium
C008812,4,N,medium,0,medium
C008813,2,Y,short,1,high
C008814,4,N,medium,0,medium
C008815,2,N,short,0,medium
C008816,2,N,short,0,medium
C008817,3,N,medium,0,medium
C008818,3,N,medium,0,medium
C008819,4,N,medium,0,medium
C008820,4,Y,medium,1,high
C008821,4,N,medium,0,medium
C008822,2,Y,short,1,high
C008823,2,N,short,0,medium
C008824,2,N,short,0,medium
C008825,3,N,medium,0,medium
C008826,3,Y,medium,1,high
C008827,4,Y,medium,1,high
C008828,4,N,medium,0,medium
C008829,2,N,short,0,medium
C008830,2,N,short,0,medium
C008831,2,N,short,0,medium
C008832,4,N,medium,0,medium
C008833,2,N,short,0,medium
C008834,4,N,medium,0,medium
C008835,4,N,medium,0,medium
C008836,4,N,medium,0,medium
C008837,2,Y,short,1,high
C008838,2,N,short,0,medium
C008839,4,N,medium,0,medium
C008840,4,N,medium,0,medium
C008841,3,N,medium,0,medium
C008842,4,N,medium,0,medium
C008843,2,N,short,0,medium
C008844,3,N,medium,0,medium
C008845,4,N,medium,0,medium
C008846,3,N,medium,0,medium
C008847,4,N,medium,0,medium
C008848,2,Y,short,1,high
C008849,3,N,medium,0,medium
C008850,2,Y,short,1,high
C008851,2,Y,short,1,high
C008852,4,N,medium,0,medium
C008853,4,Y,medium,1,high
C008854,4,N,medium,0,medium
C008855,4,Y,medium,1,high
C008856,2,N,short,0,medium
C008857,4,N,medium,0,medium
C008858,3,N,medium,0,medium
C008859,3,N,medium,0,medium
C008860,4,N,medium,0,medium
C008861,2,N,short,0,medium
C008862,3,Y,medium,1,high
C008863,3,N,medium,0,medium
C008864,2,N,short,0,medium
C008865,3,N,medium,0,medium
C008866,4,N,medium,0,medium
C008867,3,N,medium,0,medium
C008868,4,N,medium,0,medium
C008869,3,N,medium,0,medium
C008870,2,Y,short,1,high
C008871,3,Y,medium,1,high
C008872,4,N,medium,0,medium
C008873,2,N,short,0,medium
C008874,4,N,medium,0,medium
C008875,3,N,medium,0,medium
C008876,2,N,short,0,medium
C008877,3,N,medium,0,medium
C008878,3,N,medium,0,medium
C008879,3,N,medium,0,medium
C008880,4,Y,medium,1,high
C008881,3,N,medium,0,medium
C008882,4,Y,medium,1,high
C008883,3,N,medium,0,medium
C008884,2,N,short,0,medium
C008885,4,N,medium,0,medium
C008886,4,N,medium,0,medium
C008887,2,N,short,0,medium
C008888,3,Y,medium,1,high
C008889,4,N,medium,0,medium
C008890,2,Y,short,1,high
C008891,2,Y,short,1,high
C008892,4,N,medium,0,medium
C008893,3,N,medium,0,medium
C008894,4,N,medium,0,medium
C008895,2,N,short,0,medium
C008896,2,N,short,0,medium
C008897,4,N,medium,0,medium
C008898,3,N,medium,0,medium
C008899,3,Y,medium,1,high
C008900,2,N,short,0,medium
C008901,2,N,short,0,medium
C008902,4,N,medium,0,medium
C008903,3,Y,medium,1,high
C008904,4,N,medium,0,medium
C008905,4,N,medium,0,medium
C008906,4,N,medium,0,medium
C008907,4,N,medium,0,medium
C008908,4,N,medium,0,medium
C008909,3,Y,medium,1,high
C008910,4,N,medium,0,medium
C008911,3,N,medium,0,medium
C008912,4,N,medium,0,medium
C008913,2,N,short,0,medium
C008914,4,Y,medium,1,high
C008915,2,N,short,0,medium
C008916,4,N,medium,0,medium
C008917,2,N,short,0,medium
C008918,3,Y,medium,1,high
C008919,3,N,medium,0,medium
C008920,4,N,medium,0,medium
C008921,4,N,medium,0,medium
C008922,4,Y,medium,1,high
C008923,2,N,short,0,medium
C008924,4,N,medium,0,medium
C008925,3,N,medium,0,medium
C008926,4,N,medium,0,medium
C008927,2,N,short,0,medium
C008928,2,N,short,0,medium
C008929,2,N,short,0,medium
C008930,4,N,medium,0,medium
C008931,3,N,medium,0,medium
C008932,3,N,medium,0,medium
C008933,3,N,medium,0,medium
C008934,4,N,medium,0,medium
C008935,3,N,medium,0,medium
C008936,2,Y,short,1,high
C008937,3,N,medium,0,medium
C008938,3,N,medium,0,medium
C008939,2,N,short,0,medium
C008940,4,N,medium,0,medium
C008941,3,N,medium,0,medium
C008942,3,N,medium,0,medium
C008943,4,N,medium,0,medium
C008944,4,N,medium,0,medium
C008945,4,N,medium,0,medium
C008946,2,Y,short,1,high
C008947,3,N,medium,0,medium
C008948,2,Y,short,1,high
C008949,3,N,medium,0,medium
C008950,4,N,medium,0,medium
C008951,2,N,short,0,medium
C008952,3,N,medium,0,medium
C008953,3,N,medium,0,medium
C008954,2,N,short,0,medium
C008955,4,N,medium,0,medium
C008956,3,Y,medium,1,high
C008957,4,N,medium,0,medium
C008958,2,N,short,0,medium
C008959,3,N,medium,0,medium
C008960,3,N,medium,0,medium
C008961,3,N,medium,0,medium
C008962,4,N,medium,0,medium
C008963,4,N,medium,0,medium
C008964,4,N,medium,0,medium
C008965,2,N,short,0,medium
C008966,4,N,medium,0,medium
C008967,3,N,medium,0,medium
C008968,2,Y,short,1,high
C008969,4,N,medium,0,medium
C008970,4,N,medium,0,medium
C008971,3,N,medium,0,medium
C008972,2,N,short,0,medium
C008973,4,N,medium,0,medium
C008974,4,N,medium,0,medium
C008975,3,N,medium,0,medium
C008976,2,Y,short,1,high
C008977,3,N,medium,0,medium
C008978,2,N,short,0,medium
C008979,4,N,medium,0,medium
C008980,4,N,medium,0,medium
C008981,2,N,short,0,medium
C008982,4,N,medium,0,medium
C008983,4,N,medium,0,medium
C008984,4,N,medium,0,medium
C008985,2,N,short,0,medium
C008986,2,N,short,0,medium
C008987,4,Y,medium,1,high
C008988,3,N,medium,0,medium
C008989,3,N,medium,0,medium
C008990,4,N,medium,0,medium
C008991,2,N,short,0,medium
C008992,4,N,medium,0,medium
C008993,2,Y,short,1,high
C008994,3,Y,medium,1,high
C008995,2,N,short,0,medium
C008996,2,N,short,0,medium
C008997,3,N,medium,0,medium
C008998,4,Y,medium,1,high
C008999,2,N,short,0,medium
C009000,3,N,medium,0,medium
C009001,4,N,medium,0,medium
C009002,4,N,medium,0,medium
C009003,2,N,short,0,medium
C009004,3,N,medium,0,medium
C009005,4,N,medium,0,medium
C009006,4,N,medium,0,medium
C009007,3,N,medium,0,medium
C009008,2,N,short,0,medium
C009009,2,N,short,0,medium
C009010,4,Y,medium,1,high
C009011,2,Y,short,1,high
C009012,3,Y,medium,1,high
C009013,2,N,short,0,medium
C009014,2,N,short,0,medium
C009015,4,N,medium,0,medium
C009016,3,N,medium,0,medium
C009017,4,N,medium,0,medium
C009018,3,Y,medium,1,high
C009019,4,N,medium,0,medium
C009020,2,N,short,0,medium
C009021,2,N,short,0,medium
C009022,2,Y,short,1,high
C009023,2,N,short,0,medium
C009024,3,N,medium,0,medium
C009025,3,Y,medium,1,high
C009026,4,Y,medium,1,high
C009027,2,N,short,0,medium
C009028,3,N,medium,0,medium
C009029,2,N,short,0,medium
C009030,4,N,medium,0,medium
C009031,4,N,medium,0,medium
C009032,4,Y,medium,1,high
C009033,3,N,medium,0,medium
C009034,4,N,medium,0,medium
C009035,2,N,short,0,medium
C009036,2,N,short,0,medium
C009037,3,N,medium,0,medium
C009038,2,N,short,0,medium
C009039,3,N,medium,0,medium
C009040,3,N,medium,0,medium
C009041,2,N,short,0,medium
C009042,4,N,medium,0,medium
C009043,2,N,short,0,medium
C009044,2,N,short,0,medium
C009045,4,N,medium,0,medium
C009046,4,N,medium,0,medium
C009047,2,N,short,0,medium
C009048,3,N,medium,0,medium
C009049,2,N,short,0,medium
C009050,3,Y,medium,1,high
C009051,2,N,short,0,medium
C009052,3,Y,medium,1,high
C009053,2,Y,short,1,high
C009054,4,N,medium,0,medium
C009055,3,N,medium,0,medium
C009056,3,Y,medium,1,high
C009057,3,N,medium,0,medium
C009058,2,N,short,0,medium
C009059,2,N,short,0,medium
C009060,3,Y,medium,1,high
C009061,3,N,medium,0,medium
C009062,4,N,medium,0,medium
C009063,2,N,short,0,medium
C009064,3,N,medium,0,medium
C009065,4,N,medium,0,medium
C009066,2,N,short,0,medium
C009067,3,N,medium,0,medium
C009068,4,Y,medium,1,high
C009069,4,N,medium,0,medium
C009070,4,N,medium,0,medium
C009071,4,N,medium,0,medium
C009072,2,Y,short,1,high
C009073,4,N,medium,0,medium
C009074,3,N,medium,0,medium
C009075,2,N,short,0,medium
C009076,3,Y,medium,1,high
C009077,4,N,medium,0,medium
C009078,3,N,medium,0,medium
C009079,2,N,short,0,medium
C009080,3,Y,medium,1,high
C009081,3,N,medium,0,medium
C009082,3,N,medium,0,medium
C009083,3,N,medium,0,medium
C009084,3,N,medium,0,medium
C009085,3,N,medium,0,medium
C009086,2,N,short,0,medium
C009087,4,N,medium,0,medium
C009088,3,N,medium,0,medium
C009089,2,Y,short,1,high
C009090,4,N,medium,0,medium
C009091,4,N,medium,0,medium
C009092,3,N,medium,0,medium
C009093,4,N,medium,0,medium
C009094,2,Y,short,1,high
C009095,4,N,medium,0,medium
C009096,2,N,short,0,medium
C009097,4,Y,medium,1,high
C009098,2,Y,short,1,high
C009099,4,N,medium,0,medium
C009100,4,Y,medium,1,high
C009101,4,N,medium,0,medium
C009102,4,Y,medium,1,high
C009103,2,Y,short,1,high
C009104,4,Y,medium,1,high
C009105,2,N,short,0,medium
C009106,3,N,medium,0,medium
C009107,3,N,medium,0,medium
C009108,4,N,medium,0,medium
C009109,2,N,short,0,medium
C009110,2,N,short,0,medium
C009111,3,N,medium,0,medium
C009112,4,N,medium,0,medium
C009113,2,N,short,0,medium
C009114,2,N,short,0,medium
C009115,2,N,short,0,medium
C009116,4,N,medium,0,medium
C009117,2,N,short,0,medium
C009118,4,Y,medium,1,high
C009119,3,N,medium,0,medium
C009120,4,N,medium,0,medium
C009121,2,N,short,0,medium
C009122,2,N,short,0,medium
C009123,3,N,medium,0,medium
C009124,2,N,short,0,medium
C009125,4,N,medium,0,medium
C009126,2,N,short,0,medium
C009127,4,N,medium,0,medium
C009128,4,N,medium,0,medium
C009129,2,Y,short,1,high
C009130,2,N,short,0,medium
C009131,4,N,medium,0,medium
C009132,2,N,short,0,medium
C009133,2,N,short,0,medium
C009134,2,N,short,0,medium
C009135,2,N,short,0,medium
C009136,2,N,short,0,medium
C009137,4,N,medium,0,medium
C009138,2,N,short,0,medium
C009139,4,N,medium,0,medium
C009140,3,N,medium,0,medium
C009141,3,N,medium,0,medium
C009142,2,N,short,0,medium
C009143,2,Y,short,1,high
C009144,2,N,short,0,medium
C009145,3,N,medium,0,medium
C009146,2,N,short,0,medium
C009147,2,N,short,0,medium
C009148,2,N,short,0,medium
C009149,4,N,medium,0,medium
C009150,4,N,medium,0,medium
C009151,4,N,medium,0,medium
C009152,2,N,short,0,medium
C009153,3,Y,medium,1,high
C009154,4,N,medium,0,medium
C009155,3,N,medium,0,medium
C009156,4,N,medium,0,medium
C009157,4,Y,medium,1,high
C009158,4,Y,medium,1,high
C009159,4,Y,medium,1,high
C009160,4,N,medium,0,medium
C009161,2,N,short,0,medium
C009162,4,Y,medium,1,high
C009163,3,N,medium,0,medium
C009164,2,Y,short,1,high
C009165,3,Y,medium,1,high
C009166,2,N,short,0,medium
C009167,3,N,medium,0,medium
C009168,4,N,medium,0,medium
C009169,2,N,short,0,medium
C009170,3,N,medium,0,medium
C009171,4,N,medium,0,medium
C009172,2,N,short,0,medium
C009173,3,N,medium,0,medium
C009174,2,N,short,0,medium
C009175,2,N,short,0,medium
C009176,4,N,medium,0,medium
C009177,4,Y,medium,1,high
C009178,3,N,medium,0,medium
C009179,4,N,medium,0,medium
C009180,2,N,short,0,medium
C009181,3,N,medium,0,medium
C009182,3,N,medium,0,medium
C009183,4,N,medium,0,medium
C009184,4,N,medium,0,medium
C009185,4,N,medium,0,medium
C009186,3,Y,medium,1,high
C009187,2,Y,short,1,high
C009188,3,Y,medium,1,high
C009189,4,N,medium,0,medium
C009190,2,N,short,0,medium
C009191,3,N,medium,0,medium
C009192,3,N,medium,0,medium
C009193,3,N,medium,0,medium
C009194,2,N,short,0,medium
C009195,3,N,medium,0,medium
C009196,4,Y,medium,1,high
C009197,2,N,short,0,medium
C009198,3,N,medium,0,medium
C009199,4,N,medium,0,medium
C009200,2,N,short,0,medium
C009201,4,N,medium,0,medium
C009202,2,Y,short,1,high
C009203,2,Y,short,1,high
C009204,4,N,medium,0,medium
C009205,2,N,short,0,medium
C009206,2,Y,short,1,high
C009207,2,N,short,0,medium
C009208,4,N,medium,0,medium
C009209,2,N,short,0,medium
C009210,2,N,short,0,medium
C009211,3,N,medium,0,medium
C009212,2,N,short,0,medium
C009213,3,N,medium,0,medium
C009214,4,N,medium,0,medium
C009215,3,N,medium,0,medium
C009216,2,N,short,0,medium
C009217,2,N,short,0,medium
C009218,3,Y,medium,1,high
C009219,2,N,short,0,medium
C009220,4,N,medium,0,medium
C009221,3,N,medium,0,medium
C009222,4,Y,medium,1,high
C009223,3,N,medium,0,medium
C009224,2,N,short,0,medium
C009225,2,N,short,0,medium
C009226,3,N,medium,0,medium
C009227,3,Y,medium,1,high
C009228,3,N,medium,0,medium
C009229,3,N,medium,0,medium
C009230,4,N,medium,0,medium
C009231,2,Y,short,1,high
C009232,4,N,medium,0,medium
C009233,3,N,medium,0,medium
C009234,3,Y,medium,1,high
C009235,2,Y,short,1,high
C009236,4,N,medium,0,medium
C009237,2,N,short,0,medium
C009238,2,Y,short,1,high
C009239,4,N,medium,0,medium
C009240,2,N,short,0,medium
C009241,2,N,short,0,medium
C009242,4,N,medium,0,medium
C009243,4,N,medium,0,medium
C009244,3,Y,medium,1,high
C009245,2,N,short,0,medium
C009246,4,N,medium,0,medium
C009247,2,Y,short,1,high
C009248,3,N,medium,0,medium
C009249,2,N,short,0,medium
C009250,2,N,short,0,medium
C009251,4,N,medium,0,medium
C009252,4,N,medium,0,medium
C009253,3,N,medium,0,medium
C009254,4,N,medium,0,medium
C009255,2,N,short,0,medium
C009256,3,N,medium,0,medium
C009257,3,N,medium,0,medium
C009258,4,N,medium,0,medium
C009259,4,N,medium,0,medium
C009260,3,N,medium,0,medium
C009261,3,N,medium,0,medium
C009262,4,N,medium,0,medium
C009263,3,N,medium,0,medium
C009264,4,N,medium,0,medium
C009265,3,Y,medium,1,high
C009266,3,Y,medium,1,high
C009267,3,N,medium,0,medium
C009268,3,N,medium,0,medium
C009269,2,N,short,0,medium
C009270,3,Y,medium,1,high
C009271,4,N,medium,0,medium
C009272,4,N,medium,0,medium
C009273,2,N,short,0,medium
C009274,3,Y,medium,1,high
C009275,3,N,medium,0,medium
C009276,4,N,medium,0,medium
C009277,2,N,short,0,medium
C009278,3,N,medium,0,medium
C009279,3,N,medium,0,medium
C009280,4,N,medium,0,medium
C009281,2,N,short,0,medium
C009282,3,Y,medium,1,high
C009283,4,N,medium,0,medium
C009284,2,Y,short,1,high
C009285,3,N,medium,0,medium
C009286,2,Y,short,1,high
C009287,2,N,short,0,medium
C009288,2,N,short,0,medium
C009289,4,N,medium,0,medium
C009290,4,N,medium,0,medium
C009291,2,Y,short,1,high
C009292,3,Y,medium,1,high
C009293,3,N,medium,0,medium
C009294,2,N,short,0,medium
C009295,3,N,medium,0,medium
C009296,2,Y,short,1,high
C009297,2,N,short,0,medium
C009298,2,Y,short,1,high
C009299,3,N,medium,0,medium
C009300,2,N,short,0,medium
C009301,3,N,medium,0,medium
C009302,2,Y,short,1,high
C009303,2,N,short,0,medium
C009304,2,N,short,0,medium
C009305,2,N,short,0,medium
C009306,3,N,medium,0,medium
C009307,2,N,short,0,medium
C009308,2,N,short,0,medium
C009309,3,N,medium,0,medium
C009310,2,N,short,0,medium
C009311,2,N,short,0,medium
C009312,3,Y,medium,1,high
C009313,3,N,medium,0,medium
C009314,2,N,short,0,medium
C009315,2,N,short,0,medium
C009316,4,Y,medium,1,high
C009317,4,N,medium,0,medium
C009318,3,N,medium,0,medium
C009319,3,N,medium,0,medium
C009320,3,N,medium,0,medium
C009321,4,N,medium,0,medium
C009322,4,N,medium,0,medium
C009323,4,N,medium,0,medium
C009324,2,N,short,0,medium
C009325,3,N,medium,0,medium
C009326,4,N,medium,0,medium
C009327,4,Y,medium,1,high
C009328,2,N,short,0,medium
C009329,2,N,short,0,medium
C009330,3,N,medium,0,medium
C009331,4,N,medium,0,medium
C009332,4,N,medium,0,medium
C009333,4,Y,medium,1,high
C009334,2,Y,short,1,high
C009335,3,N,medium,0,medium
C009336,2,N,short,0,medium
C009337,2,N,short,0,medium
C009338,2,N,short,0,medium
C009339,3,N,medium,0,medium
C009340,2,N,short,0,medium
C009341,4,N,medium,0,medium
C009342,4,N,medium,0,medium
C009343,3,N,medium,0,medium
C009344,3,N,medium,0,medium
C009345,2,N,short,0,medium
C009346,4,N,medium,0,medium
C009347,2,N,short,0,medium
C009348,3,N,medium,0,medium
C009349,4,N,medium,0,medium
C009350,4,N,medium,0,medium
C009351,4,N,medium,0,medium
C009352,3,N,medium,0,medium
C009353,2,N,short,0,medium
C009354,2,Y,short,1,high
C009355,2,Y,short,1,high
C009356,2,N,short,0,medium
C009357,4,N,medium,0,medium
C009358,4,N,medium,0,medium
C009359,2,Y,short,1,high
C009360,3,N,medium,0,medium
C009361,4,N,medium,0,medium
C009362,3,Y,medium,1,high
C009363,3,N,medium,0,medium
C009364,4,N,medium,0,medium
C009365,4,N,medium,0,medium
C009366,2,N,short,0,medium
C009367,4,N,medium,0,medium
C009368,2,N,short,0,medium
C009369,2,N,short,0,medium
C009370,3,N,medium,0,medium
C009371,2,Y,short,1,high
C009372,2,N,short,0,medium
C009373,3,N,medium,0,medium
C009374,2,N,short,0,medium
C009375,2,N,short,0,medium
C009376,3,N,medium,0,medium
C009377,3,Y,medium,1,high
C009378,4,N,medium,0,medium
C009379,4,N,medium,0,medium
C009380,3,Y,medium,1,high
C009381,4,N,medium,0,medium
C009382,3,N,medium,0,medium
C009383,3,N,medium,0,medium
C009384,2,N,short,0,medium
C009385,4,N,medium,0,medium
C009386,4,N,medium,0,medium
C009387,3,Y,medium,1,high
C009388,2,N,short,0,medium
C009389,4,N,medium,0,medium
C009390,4,Y,medium,1,high
C009391,2,N,short,0,medium
C009392,2,N,short,0,medium
C009393,4,N,medium,0,medium
C009394,2,N,short,0,medium
C009395,2,N,short,0,medium
C009396,3,Y,medium,1,high
C009397,4,N,medium,0,medium
C009398,4,N,medium,0,medium
C009399,4,Y,medium,1,high
C009400,3,N,medium,0,medium
C009401,3,N,medium,0,medium
C009402,2,Y,short,1,high
C009403,4,N,medium,0,medium
C009404,4,N,medium,0,medium
C009405,2,N,short,0,medium
C009406,4,Y,medium,1,high
C009407,2,N,short,0,medium
C009408,4,N,medium,0,medium
C009409,2,N,short,0,medium
C009410,3,N,medium,0,medium
C009411,3,N,medium,0,medium
C009412,4,N,medium,0,medium
C009413,4,Y,medium,1,high
C009414,2,N,short,0,medium
C009415,3,N,medium,0,medium
C009416,2,N,short,0,medium
C009417,3,N,medium,0,medium
C009418,2,Y,short,1,high
C009419,3,N,medium,0,medium
C009420,3,N,medium,0,medium
C009421,4,N,medium,0,medium
C009422,3,N,medium,0,medium
C009423,3,N,medium,0,medium
C009424,3,N,medium,0,medium
C009425,2,N,short,0,medium
C009426,4,N,medium,0,medium
C009427,3,N,medium,0,medium
C009428,3,Y,medium,1,high
C009429,4,N,medium,0,medium
C009430,2,Y,short,1,high
C009431,4,N,medium,0,medium
C009432,3,N,medium,0,medium
C009433,3,N,medium,0,medium
C009434,3,N,medium,0,medium
C009435,2,N,short,0,medium
C009436,4,Y,medium,1,high
C009437,2,Y,short,1,high
C009438,2,Y,short,1,high
C009439,2,N,short,0,medium
C009440,3,N,medium,0,medium
C009441,2,N,short,0,medium
C009442,2,N,short,0,medium
C009443,3,Y,medium,1,high
C009444,2,N,short,0,medium
C009445,4,N,medium,0,medium
C009446,3,N,medium,0,medium
C009447,3,Y,medium,1,high
C009448,2,N,short,0,medium
C009449,2,N,short,0,medium
C009450,3,Y,medium,1,high
C009451,3,N,medium,0,medium
C009452,2,Y,short,1,high
C009453,3,N,medium,0,medium
C009454,2,N,short,0,medium
C009455,4,Y,medium,1,high
C009456,3,N,medium,0,medium
C009457,4,N,medium,0,medium
C009458,4,N,medium,0,medium
C009459,2,N,short,0,medium
C009460,4,N,medium,0,medium
C009461,4,N,medium,0,medium
C009462,3,Y,medium,1,high
C009463,4,N,medium,0,medium
C009464,2,Y,short,1,high
C009465,3,N,medium,0,medium
C009466,4,N,medium,0,medium
C009467,2,N,short,0,medium
C009468,2,Y,short,1,high
C009469,3,N,medium,0,medium
C009470,4,N,medium,0,medium
C009471,2,N,short,0,medium
C009472,4,N,medium,0,medium
C009473,2,N,short,0,medium
C009474,4,N,medium,0,medium
C009475,3,Y,medium,1,high
C009476,4,N,medium,0,medium
C009477,4,N,medium,0,medium
C009478,3,N,medium,0,medium
C009479,2,N,short,0,medium
C009480,3,N,medium,0,medium
C009481,3,N,medium,0,medium
C009482,2,N,short,0,medium
C009483,3,N,medium,0,medium
C009484,3,Y,medium,1,high
C009485,3,N,medium,0,medium
C009486,4,Y,medium,1,high
C009487,4,N,medium,0,medium
C009488,3,N,medium,0,medium
C009489,4,N,medium,0,medium
C009490,3,N,medium,0,medium
C009491,2,N,short,0,medium
C009492,3,N,medium,0,medium
C009493,2,N,short,0,medium
C009494,4,N,medium,0,medium
C009495,3,N,medium,0,medium
C009496,3,N,medium,0,medium
C009497,3,N,medium,0,medium
C009498,3,N,medium,0,medium
C009499,4,Y,medium,1,high
C009500,4,N,medium,0,medium
C009501,3,N,medium,0,medium
C009502,2,N,short,0,medium
C009503,3,Y,medium,1,high
C009504,3,N,medium,0,medium
C009505,3,N,medium,0,medium
C009506,2,N,short,0,medium
C009507,3,Y,medium,1,high
C009508,4,N,medium,0,medium
C009509,2,N,short,0,medium
C009510,3,N,medium,0,medium
C009511,3,N,medium,0,medium
C009512,4,N,medium,0,medium
C009513,2,N,short,0,medium
C009514,4,N,medium,0,medium
C009515,3,N,medium,0,medium
C009516,4,N,medium,0,medium
C009517,3,N,medium,0,medium
C009518,4,N,medium,0,medium
C009519,2,N,short,0,medium
C009520,3,Y,medium,1,high
C009521,4,N,medium,0,medium
C009522,3,N,medium,0,medium
C009523,3,N,medium,0,medium
C009524,4,N,medium,0,medium
C009525,2,Y,short,1,high
C009526,3,N,medium,0,medium
C009527,4,N,medium,0,medium
C009528,2,Y,short,1,high
C009529,3,N,medium,0,medium
C009530,3,N,medium,0,medium
C009531,4,N,medium,0,medium
C009532,3,N,medium,0,medium
C009533,4,N,medium,0,medium
C009534,4,Y,medium,1,high
C009535,3,N,medium,0,medium
C009536,4,N,medium,0,medium
C009537,3,N,medium,0,medium
C009538,3,N,medium,0,medium
C009539,4,N,medium,0,medium
C009540,4,N,medium,0,medium
C009541,3,N,medium,0,medium
C009542,3,N,medium,0,medium
C009543,3,N,medium,0,medium
C009544,4,N,medium,0,medium
C009545,2,N,short,0,medium
C009546,3,N,medium,0,medium
C009547,2,N,short,0,medium
C009548,2,N,short,0,medium
C009549,2,Y,short,1,high
C009550,2,Y,short,1,high
C009551,3,N,medium,0,medium
C009552,4,N,medium,0,medium
C009553,4,Y,medium,1,high
C009554,2,N,short,0,medium
C009555,2,N,short,0,medium
C009556,2,N,short,0,medium
C009557,3,N,medium,0,medium
C009558,2,N,short,0,medium
C009559,2,N,short,0,medium
C009560,2,N,short,0,medium
C009561,3,N,medium,0,medium
C009562,2,N,short,0,medium
C009563,3,N,medium,0,medium
C009564,3,Y,medium,1,high
C009565,3,N,medium,0,medium
C009566,3,N,medium,0,medium
C009567,4,N,medium,0,medium
C009568,3,Y,medium,1,high
C009569,2,N,short,0,medium
C009570,3,N,medium,0,medium
C009571,4,N,medium,0,medium
C009572,2,N,short,0,medium
C009573,4,N,medium,0,medium
C009574,2,N,short,0,medium
C009575,3,Y,medium,1,high
C009576,3,N,medium,0,medium
C009577,3,N,medium,0,medium
C009578,4,N,medium,0,medium
C009579,4,N,medium,0,medium
C009580,3,Y,medium,1,high
C009581,2,Y,short,1,high
C009582,3,N,medium,0,medium
C009583,3,N,medium,0,medium
C009584,2,N,short,0,medium
C009585,4,N,medium,0,medium
C009586,2,Y,short,1,high
C009587,4,Y,medium,1,high
C009588,2,N,short,0,medium
C009589,4,N,medium,0,medium
C009590,4,N,medium,0,medium
C009591,3,N,medium,0,medium
C009592,4,N,medium,0,medium
C009593,4,N,medium,0,medium
C009594,2,N,short,0,medium
C009595,4,N,medium,0,medium
C009596,4,N,medium,0,medium
C009597,2,Y,short,1,high
C009598,4,N,medium,0,medium
C009599,2,N,short,0,medium
C009600,3,N,medium,0,medium
C009601,3,N,medium,0,medium
C009602,3,N,medium,0,medium
C009603,2,N,short,0,medium
C009604,4,N,medium,0,medium
C009605,3,N,medium,0,medium
C009606,4,Y,medium,1,high
C009607,4,N,medium,0,medium
C009608,4,N,medium,0,medium
C009609,3,N,medium,0,medium
C009610,2,N,short,0,medium
C009611,3,Y,medium,1,high
C009612,2,N,short,0,medium
C009613,2,N,short,0,medium
C009614,4,N,medium,0,medium
C009615,2,N,short,0,medium
C009616,4,Y,medium,1,high
C009617,4,N,medium,0,medium
C009618,4,N,medium,0,medium
C009619,3,N,medium,0,medium
C009620,4,Y,medium,1,high
C009621,2,N,short,0,medium
C009622,3,N,medium,0,medium
C009623,4,N,medium,0,medium
C009624,4,N,medium,0,medium
C009625,2,N,short,0,medium
C009626,4,N,medium,0,medium
C009627,4,N,medium,0,medium
C009628,3,N,medium,0,medium
C009629,3,N,medium,0,medium
C009630,2,N,short,0,medium
C009631,4,N,medium,0,medium
C009632,2,N,short,0,medium
C009633,4,N,medium,0,medium
C009634,3,N,medium,0,medium
C009635,4,N,medium,0,medium
C009636,2,N,short,0,medium
C009637,4,N,medium,0,medium
C009638,3,N,medium,0,medium
C009639,2,N,short,0,medium
C009640,4,Y,medium,1,high
C009641,4,N,medium,0,medium
C009642,4,Y,medium,1,high
C009643,2,N,short,0,medium
C009644,3,Y,medium,1,high
C009645,4,N,medium,0,medium
C009646,3,N,medium,0,medium
C009647,3,Y,medium,1,high
C009648,3,N,medium,0,medium
C009649,3,Y,medium,1,high
C009650,2,Y,short,1,high
C009651,4,N,medium,0,medium
C009652,3,N,medium,0,medium
C009653,3,Y,medium,1,high
C009654,4,N,medium,0,medium
C009655,2,N,short,0,medium
C009656,3,Y,medium,1,high
C009657,4,Y,medium,1,high
C009658,4,N,medium,0,medium
C009659,3,N,medium,0,medium
C009660,3,N,medium,0,medium
C009661,2,N,short,0,medium
C009662,2,N,short,0,medium
C009663,3,N,medium,0,medium
C009664,4,N,medium,0,medium
C009665,2,N,short,0,medium
C009666,4,N,medium,0,medium
C009667,2,N,short,0,medium
C009668,4,N,medium,0,medium
C009669,3,Y,medium,1,high
C009670,3,N,medium,0,medium
C009671,4,N,medium,0,medium
C009672,2,N,short,0,medium
C009673,4,Y,medium,1,high
C009674,3,N,medium,0,medium
C009675,2,N,short,0,medium
C009676,3,N,medium,0,medium
C009677,4,Y,medium,1,high
C009678,3,N,medium,0,medium
C009679,2,Y,short,1,high
C009680,3,N,medium,0,medium
C009681,2,N,short,0,medium
C009682,4,Y,medium,1,high
C009683,2,Y,short,1,high
C009684,2,N,short,0,medium
C009685,4,N,medium,0,medium
C009686,4,N,medium,0,medium
C009687,3,N,medium,0,medium
C009688,2,N,short,0,medium
C009689,2,N,short,0,medium
C009690,3,N,medium,0,medium
C009691,2,N,short,0,medium
C009692,4,Y,medium,1,high
C009693,2,N,short,0,medium
C009694,3,N,medium,0,medium
C009695,4,N,medium,0,medium
C009696,4,N,medium,0,medium
C009697,3,Y,medium,1,high
C009698,2,N,short,0,medium
C009699,4,N,medium,0,medium
C009700,3,N,medium,0,medium
C009701,2,N,short,0,medium
C009702,4,N,medium,0,medium
C009703,2,N,short,0,medium
C009704,2,N,short,0,medium
C009705,3,N,medium,0,medium
C009706,3,Y,medium,1,high
C009707,2,N,short,0,medium
C009708,2,N,short,0,medium
C009709,2,N,short,0,medium
C009710,3,N,medium,0,medium
C009711,2,N,short,0,medium
C009712,2,N,short,0,medium
C009713,3,N,medium,0,medium
C009714,4,N,medium,0,medium
C009715,2,N,short,0,medium
C009716,2,N,short,0,medium
C009717,4,N,medium,0,medium
C009718,3,N,medium,0,medium
C009719,2,Y,short,1,high
C009720,4,N,medium,0,medium
C009721,3,N,medium,0,medium
C009722,4,N,medium,0,medium
C009723,3,N,medium,0,medium
C009724,4,N,medium,0,medium
C009725,4,Y,medium,1,high
C009726,2,N,short,0,medium
C009727,4,Y,medium,1,high
C009728,2,N,short,0,medium
C009729,3,N,medium,0,medium
C009730,2,N,short,0,medium
C009731,2,N,short,0,medium
C009732,2,N,short,0,medium
C009733,4,N,medium,0,medium
C009734,4,N,medium,0,medium
C009735,3,N,medium,0,medium
C009736,2,Y,short,1,high
C009737,2,N,short,0,medium
C009738,2,N,short,0,medium
C009739,3,N,medium,0,medium
C009740,2,N,short,0,medium
C009741,3,N,medium,0,medium
C009742,2,N,short,0,medium
C009743,4,Y,medium,1,high
C009744,4,N,medium,0,medium
C009745,3,N,medium,0,medium
C009746,3,N,medium,0,medium
C009747,2,N,short,0,medium
C009748,2,N,short,0,medium
C009749,4,N,medium,0,medium
C009750,3,N,medium,0,medium
C009751,4,N,medium,0,medium
C009752,3,N,medium,0,medium
C009753,2,N,short,0,medium
C009754,4,N,medium,0,medium
C009755,4,N,medium,0,medium
C009756,3,N,medium,0,medium
C009757,2,N,short,0,medium
C009758,3,Y,medium,1,high
C009759,3,Y,medium,1,high
C009760,3,Y,medium,1,high
C009761,3,N,medium,0,medium
C009762,4,N,medium,0,medium
C009763,4,N,medium,0,medium
C009764,2,N,short,0,medium
C009765,2,N,short,0,medium
C009766,4,N,medium,0,medium
C009767,3,N,medium,0,medium
C009768,2,N,short,0,medium
C009769,4,N,medium,0,medium
C009770,4,N,medium,0,medium
C009771,2,N,short,0,medium
C009772,4,N,medium,0,medium
C009773,2,Y,short,1,high
C009774,3,N,medium,0,medium
C009775,4,N,medium,0,medium
C009776,4,N,medium,0,medium
C009777,4,N,medium,0,medium
C009778,4,Y,medium,1,high
C009779,3,N,medium,0,medium
C009780,4,N,medium,0,medium
C009781,3,Y,medium,1,high
C009782,2,N,short,0,medium
C009783,4,Y,medium,1,high
C009784,4,Y,medium,1,high
C009785,3,N,medium,0,medium
C009786,2,Y,short,1,high
C009787,2,N,short,0,medium
C009788,2,Y,short,1,high
C009789,3,Y,medium,1,high
C009790,2,N,short,0,medium
C009791,4,Y,medium,1,high
C009792,4,Y,medium,1,high
C009793,4,N,medium,0,medium
C009794,4,N,medium,0,medium
C009795,2,N,short,0,medium
C009796,2,N,short,0,medium
C009797,2,N,short,0,medium
C009798,4,Y,medium,1,high
C009799,4,N,medium,0,medium
C009800,2,N,short,0,medium
C009801,3,N,medium,0,medium
C009802,4,N,medium,0,medium
C009803,3,N,medium,0,medium
C009804,2,N,short,0,medium
C009805,4,N,medium,0,medium
C009806,4,N,medium,0,medium
C009807,4,N,medium,0,medium
C009808,4,N,medium,0,medium
C009809,3,N,medium,0,medium
C009810,2,N,short,0,medium
C009811,2,N,short,0,medium
C009812,2,Y,short,1,high
C009813,2,N,short,0,medium
C009814,3,N,medium,0,medium
C009815,4,N,medium,0,medium
C009816,2,N,short,0,medium
C009817,2,Y,short,1,high
C009818,2,N,short,0,medium
C009819,3,N,medium,0,medium
C009820,3,N,medium,0,medium
C009821,2,N,short,0,medium
C009822,4,N,medium,0,medium
C009823,2,N,short,0,medium
C009824,2,Y,short,1,high
C009825,3,N,medium,0,medium
C009826,3,Y,medium,1,high
C009827,4,N,medium,0,medium
C009828,2,N,short,0,medium
C009829,3,Y,medium,1,high
C009830,2,N,short,0,medium
C009831,4,Y,medium,1,high
C009832,4,Y,medium,1,high
C009833,4,Y,medium,1,high
C009834,4,N,medium,0,medium
C009835,2,N,short,0,medium
C009836,3,Y,medium,1,high
C009837,2,N,short,0,medium
C009838,3,N,medium,0,medium
C009839,4,N,medium,0,medium
C009840,4,N,medium,0,medium
C009841,4,N,medium,0,medium
C009842,4,N,medium,0,medium
C009843,2,N,short,0,medium
C009844,3,N,medium,0,medium
C009845,2,N,short,0,medium
C009846,2,N,short,0,medium
C009847,4,N,medium,0,medium
C009848,3,N,medium,0,medium
C009849,2,Y,short,1,high
C009850,2,N,short,0,medium
C009851,4,N,medium,0,medium
C009852,4,N,medium,0,medium
C009853,3,N,medium,0,medium
C009854,3,N,medium,0,medium
C009855,2,Y,short,1,high
C009856,4,Y,medium,1,high
C009857,2,N,short,0,medium
C009858,2,N,short,0,medium
C009859,2,N,short,0,medium
C009860,2,N,short,0,medium
C009861,3,N,medium,0,medium
C009862,3,N,medium,0,medium
C009863,2,Y,short,1,high
C009864,2,N,short,0,medium
C009865,4,Y,medium,1,high
C009866,2,N,short,0,medium
C009867,2,N,short,0,medium
C009868,3,N,medium,0,medium
C009869,4,N,medium,0,medium
C009870,2,N,short,0,medium
C009871,3,N,medium,0,medium
C009872,4,N,medium,0,medium
C009873,4,N,medium,0,medium
C009874,2,N,short,0,medium
C009875,2,N,short,0,medium
C009876,4,N,medium,0,medium
C009877,2,N,short,0,medium
C009878,3,Y,medium,1,high
C009879,4,Y,medium,1,high
C009880,4,Y,medium,1,high
C009881,4,N,medium,0,medium
C009882,3,N,medium,0,medium
C009883,4,N,medium,0,medium
C009884,2,N,short,0,medium
C009885,3,N,medium,0,medium
C009886,3,N,medium,0,medium
C009887,4,N,medium,0,medium
C009888,2,N,short,0,medium
C009889,2,N,short,0,medium
C009890,3,N,medium,0,medium
C009891,3,N,medium,0,medium
C009892,3,N,medium,0,medium
C009893,3,Y,medium,1,high
C009894,4,N,medium,0,medium
C009895,4,N,medium,0,medium
C009896,2,Y,short,1,high
C009897,4,N,medium,0,medium
C009898,2,Y,short,1,high
C009899,2,N,short,0,medium
C009900,4,Y,medium,1,high
C009901,4,N,medium,0,medium
C009902,4,N,medium,0,medium
C009903,4,N,medium,0,medium
C009904,2,N,short,0,medium
C009905,3,N,medium,0,medium
C009906,3,N,medium,0,medium
C009907,3,N,medium,0,medium
C009908,3,N,medium,0,medium
C009909,3,N,medium,0,medium
C009910,3,N,medium,0,medium
C009911,3,N,medium,0,medium
C009912,4,N,medium,0,medium
C009913,3,N,medium,0,medium
C009914,4,N,medium,0,medium
C009915,4,N,medium,0,medium
C009916,2,N,short,0,medium
C009917,4,N,medium,0,medium
C009918,2,N,short,0,medium
C009919,3,N,medium,0,medium
C009920,2,Y,short,1,high
C009921,4,Y,medium,1,high
C009922,3,N,medium,0,medium
C009923,3,N,medium,0,medium
C009924,4,N,medium,0,medium
C009925,2,N,short,0,medium
C009926,3,N,medium,0,medium
C009927,2,N,short,0,medium
C009928,4,N,medium,0,medium
C009929,4,N,medium,0,medium
C009930,3,N,medium,0,medium
C009931,2,N,short,0,medium
C009932,3,N,medium,0,medium
C009933,2,N,short,0,medium
C009934,2,N,short,0,medium
C009935,3,N,medium,0,medium
C009936,2,N,short,0,medium
C009937,3,N,medium,0,medium
C009938,4,N,medium,0,medium
C009939,3,Y,medium,1,high
C009940,2,N,short,0,medium
C009941,4,N,medium,0,medium
C009942,4,N,medium,0,medium
C009943,4,N,medium,0,medium
C009944,2,N,short,0,medium
C009945,2,N,short,0,medium
C009946,3,N,medium,0,medium
C009947,3,N,medium,0,medium
C009948,3,N,medium,0,medium
C009949,3,N,medium,0,medium
C009950,2,N,short,0,medium
C009951,2,Y,short,1,high
C009952,4,N,medium,0,medium
C009953,3,Y,medium,1,high
C009954,3,N,medium,0,medium
C009955,2,N,short,0,medium
C009956,4,N,medium,0,medium
C009957,3,Y,medium,1,high
C009958,4,N,medium,0,medium
C009959,3,N,medium,0,medium
C009960,2,N,short,0,medium
C009961,3,Y,medium,1,high
C009962,3,N,medium,0,medium
C009963,4,N,medium,0,medium
C009964,4,N,medium,0,medium
C009965,3,Y,medium,1,high
C009966,3,N,medium,0,medium
C009967,4,Y,medium,1,high
C009968,4,N,medium,0,medium
C009969,3,N,medium,0,medium
C009970,2,N,short,0,medium
C009971,2,N,short,0,medium
C009972,3,N,medium,0,medium
C009973,2,N,short,0,medium
C009974,3,N,medium,0,medium
C009975,2,N,short,0,medium
C009976,2,Y,short,1,high
C009977,4,N,medium,0,medium
C009978,3,N,medium,0,medium
C009979,2,Y,short,1,high
C009980,2,N,short,0,medium
C009981,2,N,short,0,medium
C009982,4,N,medium,0,medium
C009983,4,N,medium,0,medium
C009984,2,N,short,0,medium
C009985,4,N,medium,0,medium
C009986,2,N,short,0,medium
C009987,4,N,medium,0,medium
C009988,3,N,medium,0,medium
C009989,3,N,medium,0,medium
C009990,3,N,medium,0,medium
C009991,3,N,medium,0,medium
C009992,2,N,short,0,medium
C009993,4,Y,medium,1,high
C009994,4,N,medium,0,medium
C009995,2,N,short,0,medium
C009996,3,N,medium,0,medium
C009997,3,Y,medium,1,high
C009998,3,N,medium,0,medium
C009999,3,N,medium,0,medium
C010000,2,N,short,0,medium
C010001,3,N,medium,0,medium
C010002,3,N,medium,0,medium
C010003,3,N,medium,0,medium
C010004,4,N,medium,0,medium
C010005,3,N,medium,0,medium
C010006,4,N,medium,0,medium
C010007,4,N,medium,0,medium
C010008,3,N,medium,0,medium
C010009,4,Y,medium,1,high
C010010,3,N,medium,0,medium
C010011,2,N,short,0,medium
C010012,4,N,medium,0,medium
C010013,3,N,medium,0,medium
C010014,3,N,medium,0,medium
C010015,4,N,medium,0,medium
C010016,4,N,medium,0,medium
C010017,3,N,medium,0,medium
C010018,3,N,medium,0,medium
C010019,4,Y,medium,1,high
C010020,4,N,medium,0,medium
C010021,4,N,medium,0,medium
C010022,2,N,short,0,medium
C010023,3,N,medium,0,medium
C010024,4,N,medium,0,medium
C010025,4,N,medium,0,medium
C010026,3,N,medium,0,medium
C010027,4,N,medium,0,medium
C010028,3,Y,medium,1,high
C010029,3,Y,medium,1,high
C010030,3,N,medium,0,medium
C010031,2,N,short,0,medium
C010032,4,Y,medium,1,high
C010033,4,N,medium,0,medium
C010034,4,Y,medium,1,high
C010035,4,Y,medium,1,high
C010036,2,N,short,0,medium
C010037,4,N,medium,0,medium
C010038,3,N,medium,0,medium
C010039,3,N,medium,0,medium
C010040,2,N,short,0,medium
C010041,2,N,short,0,medium
C010042,4,N,medium,0,medium
C010043,2,N,short,0,medium
C010044,3,N,medium,0,medium
C010045,4,N,medium,0,medium
C010046,3,N,medium,0,medium
C010047,3,N,medium,0,medium
C010048,2,N,short,0,medium
C010049,3,Y,medium,1,high
C010050,3,N,medium,0,medium
C010051,3,N,medium,0,medium
C010052,4,N,medium,0,medium
C010053,2,N,short,0,medium
C010054,4,N,medium,0,medium
C010055,2,N,short,0,medium
C010056,2,N,short,0,medium
C010057,3,Y,medium,1,high
C010058,3,N,medium,0,medium
C010059,2,N,short,0,medium
C010060,3,Y,medium,1,high
C010061,4,N,medium,0,medium
C010062,2,N,short,0,medium
C010063,3,N,medium,0,medium
C010064,4,N,medium,0,medium
C010065,2,Y,short,1,high
C010066,4,N,medium,0,medium
C010067,4,N,medium,0,medium
C010068,4,N,medium,0,medium
C010069,2,N,short,0,medium
C010070,2,N,short,0,medium
C010071,2,N,short,0,medium
C010072,4,Y,medium,1,high
C010073,3,N,medium,0,medium
C010074,4,N,medium,0,medium
C010075,3,Y,medium,1,high
C010076,4,Y,medium,1,high
C010077,4,N,medium,0,medium
C010078,4,N,medium,0,medium
C010079,3,N,medium,0,medium
C010080,4,Y,medium,1,high
C010081,3,Y,medium,1,high
C010082,3,N,medium,0,medium
C010083,4,N,medium,0,medium
C010084,2,N,short,0,medium
C010085,3,N,medium,0,medium
C010086,4,N,medium,0,medium
C010087,2,N,short,0,medium
C010088,3,N,medium,0,medium
C010089,3,N,medium,0,medium
C010090,2,Y,short,1,high
C010091,3,Y,medium,1,high
C010092,2,N,short,0,medium
C010093,2,N,short,0,medium
C010094,2,N,short,0,medium
C010095,3,N,medium,0,medium
C010096,3,N,medium,0,medium
C010097,4,Y,medium,1,high
C010098,4,N,medium,0,medium
C010099,4,N,medium,0,medium
C010100,4,N,medium,0,medium
C010101,2,Y,short,1,high
C010102,4,N,medium,0,medium
C010103,4,Y,medium,1,high
C010104,2,N,short,0,medium
C010105,2,N,short,0,medium
C010106,3,Y,medium,1,high
C010107,2,N,short,0,medium
C010108,2,N,short,0,medium
C010109,2,N,short,0,medium
C010110,4,N,medium,0,medium
C010111,3,N,medium,0,medium
C010112,4,N,medium,0,medium
C010113,4,N,medium,0,medium
C010114,3,Y,medium,1,high
C010115,4,N,medium,0,medium
C010116,4,N,medium,0,medium
C010117,2,N,short,0,medium
C010118,3,N,medium,0,medium
C010119,2,N,short,0,medium
C010120,3,N,medium,0,medium
C010121,4,N,medium,0,medium
C010122,3,N,medium,0,medium
C010123,3,N,medium,0,medium
C010124,4,Y,medium,1,high
C010125,3,N,medium,0,medium
C010126,3,N,medium,0,medium
C010127,4,N,medium,0,medium
C010128,4,N,medium,0,medium
C010129,4,Y,medium,1,high
C010130,3,N,medium,0,medium
C010131,2,N,short,0,medium
C010132,2,N,short,0,medium
C010133,4,N,medium,0,medium
C010134,4,N,medium,0,medium
C010135,4,N,medium,0,medium
C010136,4,N,medium,0,medium
C010137,2,N,short,0,medium
C010138,2,N,short,0,medium
C010139,4,N,medium,0,medium
C010140,4,N,medium,0,medium
C010141,2,N,short,0,medium
C010142,4,Y,medium,1,high
C010143,3,N,medium,0,medium
C010144,3,N,medium,0,medium
C010145,3,N,medium,0,medium
C010146,4,N,medium,0,medium
C010147,2,N,short,0,medium
C010148,2,N,short,0,medium
C010149,2,N,short,0,medium
C010150,4,N,medium,0,medium
C010151,3,N,medium,0,medium
C010152,4,N,medium,0,medium
C010153,3,Y,medium,1,high
C010154,2,Y,short,1,high
C010155,2,N,short,0,medium
C010156,3,N,medium,0,medium
C010157,4,N,medium,0,medium
C010158,2,N,short,0,medium
C010159,4,N,medium,0,medium
C010160,4,Y,medium,1,high
C010161,2,N,short,0,medium
C010162,4,Y,medium,1,high
C010163,3,N,medium,0,medium
C010164,2,Y,short,1,high
C010165,4,Y,medium,1,high
C010166,3,N,medium,0,medium
C010167,3,Y,medium,1,high
C010168,3,Y,medium,1,high
C010169,4,N,medium,0,medium
C010170,4,N,medium,0,medium
C010171,2,N,short,0,medium
C010172,4,Y,medium,1,high
C010173,4,N,medium,0,medium
C010174,2,Y,short,1,high
C010175,4,N,medium,0,medium
C010176,3,N,medium,0,medium
C010177,3,N,medium,0,medium
C010178,4,N,medium,0,medium
C010179,4,N,medium,0,medium
C010180,4,Y,medium,1,high
C010181,4,Y,medium,1,high
C010182,2,N,short,0,medium
C010183,2,N,short,0,medium
C010184,4,N,medium,0,medium
C010185,2,Y,short,1,high
C010186,2,N,short,0,medium
C010187,4,N,medium,0,medium
C010188,2,Y,short,1,high
C010189,3,N,medium,0,medium
C010190,2,N,short,0,medium
C010191,3,Y,medium,1,high
C010192,2,N,short,0,medium
C010193,3,N,medium,0,medium
C010194,4,N,medium,0,medium
C010195,2,N,short,0,medium
C010196,3,N,medium,0,medium
C010197,2,Y,short,1,high
C010198,3,N,medium,0,medium
C010199,4,N,medium,0,medium
C010200,3,N,medium,0,medium
C010201,2,N,short,0,medium
C010202,3,Y,medium,1,high
C010203,3,N,medium,0,medium
C010204,4,N,medium,0,medium
C010205,3,N,medium,0,medium
C010206,2,N,short,0,medium
C010207,2,Y,short,1,high
C010208,4,N,medium,0,medium
C010209,3,Y,medium,1,high
C010210,3,Y,medium,1,high
C010211,2,N,short,0,medium
C010212,2,N,short,0,medium
C010213,4,Y,medium,1,high
C010214,4,N,medium,0,medium
C010215,4,N,medium,0,medium
C010216,3,N,medium,0,medium
C010217,4,N,medium,0,medium
C010218,2,N,short,0,medium
C010219,4,N,medium,0,medium
C010220,4,Y,medium,1,high
C010221,3,N,medium,0,medium
C010222,2,N,short,0,medium
C010223,2,N,short,0,medium
C010224,4,N,medium,0,medium
C010225,2,N,short,0,medium
C010226,2,N,short,0,medium
C010227,2,N,short,0,medium
C010228,4,N,medium,0,medium
C010229,2,N,short,0,medium
C010230,4,N,medium,0,medium
C010231,3,Y,medium,1,high
C010232,4,Y,medium,1,high
C010233,2,Y,short,1,high
C010234,3,N,medium,0,medium
C010235,2,N,short,0,medium
C010236,2,N,short,0,medium
C010237,2,N,short,0,medium
C010238,2,Y,short,1,high
C010239,2,N,short,0,medium
C010240,4,N,medium,0,medium
C010241,3,N,medium,0,medium
C010242,3,N,medium,0,medium
C010243,2,N,short,0,medium
C010244,2,N,short,0,medium
C010245,2,N,short,0,medium
C010246,4,Y,medium,1,high
C010247,3,N,medium,0,medium
C010248,3,N,medium,0,medium
C010249,4,Y,medium,1,high
C010250,3,N,medium,0,medium
C010251,4,N,medium,0,medium
C010252,2,N,short,0,medium
C010253,2,N,short,0,medium
C010254,2,N,short,0,medium
C010255,3,N,medium,0,medium
C010256,3,N,medium,0,medium
C010257,2,N,short,0,medium
C010258,4,N,medium,0,medium
C010259,4,N,medium,0,medium
C010260,2,N,short,0,medium
C010261,4,N,medium,0,medium
C010262,3,N,medium,0,medium
C010263,4,N,medium,0,medium
C010264,4,N,medium,0,medium
C010265,2,N,short,0,medium
C010266,2,N,short,0,medium
C010267,3,N,medium,0,medium
C010268,3,N,medium,0,medium
C010269,4,N,medium,0,medium
C010270,3,N,medium,0,medium
C010271,3,Y,medium,1,high
C010272,3,N,medium,0,medium
C010273,4,N,medium,0,medium
C010274,2,N,short,0,medium
C010275,4,N,medium,0,medium
C010276,3,Y,medium,1,high
C010277,2,N,short,0,medium
C010278,4,N,medium,0,medium
C010279,4,Y,medium,1,high
C010280,4,Y,medium,1,high
C010281,4,N,medium,0,medium
C010282,4,N,medium,0,medium
C010283,2,N,short,0,medium
C010284,4,N,medium,0,medium
C010285,4,N,medium,0,medium
C010286,3,N,medium,0,medium
C010287,2,N,short,0,medium
C010288,2,N,short,0,medium
C010289,2,N,short,0,medium
C010290,4,N,medium,0,medium
C010291,4,N,medium,0,medium
C010292,2,N,short,0,medium
C010293,3,N,medium,0,medium
C010294,3,N,medium,0,medium
C010295,3,N,medium,0,medium
C010296,2,Y,short,1,high
C010297,4,Y,medium,1,high
C010298,4,Y,medium,1,high
C010299,4,Y,medium,1,high
C010300,4,Y,medium,1,high
C010301,2,Y,short,1,high
C010302,2,N,short,0,medium
C010303,3,N,medium,0,medium
C010304,4,Y,medium,1,high
C010305,4,N,medium,0,medium
C010306,2,N,short,0,medium
C010307,3,N,medium,0,medium
C010308,3,N,medium,0,medium
C010309,2,N,short,0,medium
C010310,3,N,medium,0,medium
C010311,4,N,medium,0,medium
C010312,2,N,short,0,medium
C010313,4,N,medium,0,medium
C010314,4,Y,medium,1,high
C010315,4,N,medium,0,medium
C010316,3,N,medium,0,medium
C010317,4,N,medium,0,medium
C010318,4,N,medium,0,medium
C010319,3,N,medium,0,medium
C010320,2,N,short,0,medium
C010321,4,N,medium,0,medium
C010322,3,N,medium,0,medium
C010323,3,N,medium,0,medium
C010324,4,N,medium,0,medium
C010325,4,N,medium,0,medium
C010326,3,N,medium,0,medium
C010327,2,N,short,0,medium
C010328,4,N,medium,0,medium
C010329,3,Y,medium,1,high
C010330,3,N,medium,0,medium
C010331,4,N,medium,0,medium
C010332,3,N,medium,0,medium
C010333,2,N,short,0,medium
C010334,4,N,medium,0,medium
C010335,4,N,medium,0,medium
C010336,2,N,short,0,medium
C010337,2,N,short,0,medium
C010338,4,N,medium,0,medium
C010339,2,Y,short,1,high
C010340,4,Y,medium,1,high
C010341,3,Y,medium,1,high
C010342,3,N,medium,0,medium
C010343,2,N,short,0,medium
C010344,3,N,medium,0,medium
C010345,4,N,medium,0,medium
C010346,4,Y,medium,1,high
C010347,4,N,medium,0,medium
C010348,3,N,medium,0,medium
C010349,3,N,medium,0,medium
C010350,4,N,medium,0,medium
C010351,2,Y,short,1,high
C010352,2,N,short,0,medium
C010353,4,N,medium,0,medium
C010354,2,N,short,0,medium
C010355,2,N,short,0,medium
C010356,3,N,medium,0,medium
C010357,4,N,medium,0,medium
C010358,2,N,short,0,medium
C010359,4,N,medium,0,medium
C010360,4,N,medium,0,medium
C010361,2,N,short,0,medium
C010362,2,N,short,0,medium
C010363,4,N,medium,0,medium
C010364,3,N,medium,0,medium
C010365,2,N,short,0,medium
C010366,2,N,short,0,medium
C010367,3,N,medium,0,medium
C010368,2,N,short,0,medium
C010369,2,N,short,0,medium
C010370,4,N,medium,0,medium
C010371,3,N,medium,0,medium
C010372,2,N,short,0,medium
C010373,2,N,short,0,medium
C010374,2,Y,short,1,high
C010375,3,N,medium,0,medium
C010376,4,N,medium,0,medium
C010377,4,N,medium,0,medium
C010378,3,Y,medium,1,high
C010379,4,N,medium,0,medium
C010380,4,N,medium,0,medium
C010381,2,N,short,0,medium
C010382,3,N,medium,0,medium
C010383,2,Y,short,1,high
C010384,3,Y,medium,1,high
C010385,3,N,medium,0,medium
C010386,4,N,medium,0,medium
C010387,2,N,short,0,medium
C010388,3,N,medium,0,medium
C010389,3,N,medium,0,medium
C010390,4,N,medium,0,medium
C010391,2,N,short,0,medium
C010392,4,N,medium,0,medium
C010393,2,Y,short,1,high
C010394,2,N,short,0,medium
C010395,4,N,medium,0,medium
C010396,2,N,short,0,medium
C010397,2,Y,short,1,high
C010398,2,N,short,0,medium
C010399,4,N,medium,0,medium
C010400,2,N,short,0,medium
C010401,3,N,medium,0,medium
C010402,2,N,short,0,medium
C010403,4,N,medium,0,medium
C010404,3,N,medium,0,medium
C010405,4,Y,medium,1,high
C010406,2,Y,short,1,high
C010407,4,N,medium,0,medium
C010408,4,Y,medium,1,high
C010409,4,N,medium,0,medium
C010410,3,N,medium,0,medium
C010411,2,N,short,0,medium
C010412,2,N,short,0,medium
C010413,3,N,medium,0,medium
C010414,2,N,short,0,medium
C010415,2,N,short,0,medium
C010416,2,N,short,0,medium
C010417,4,N,medium,0,medium
C010418,4,N,medium,0,medium
C010419,2,N,short,0,medium
C010420,3,N,medium,0,medium
C010421,2,N,short,0,medium
C010422,2,N,short,0,medium
C010423,4,Y,medium,1,high
C010424,3,N,medium,0,medium
C010425,2,N,short,0,medium
C010426,3,N,medium,0,medium
C010427,3,N,medium,0,medium
C010428,3,N,medium,0,medium
C010429,3,Y,medium,1,high
C010430,2,N,short,0,medium
C010431,3,N,medium,0,medium
C010432,4,Y,medium,1,high
C010433,2,N,short,0,medium
C010434,4,N,medium,0,medium
C010435,3,N,medium,0,medium
C010436,4,N,medium,0,medium
C010437,4,N,medium,0,medium
C010438,4,N,medium,0,medium
C010439,2,N,short,0,medium
C010440,3,N,medium,0,medium
C010441,3,Y,medium,1,high
C010442,4,Y,medium,1,high
C010443,4,Y,medium,1,high
C010444,4,N,medium,0,medium
C010445,2,N,short,0,medium
C010446,4,N,medium,0,medium
C010447,3,Y,medium,1,high
C010448,2,N,short,0,medium
C010449,4,N,medium,0,medium
C010450,2,N,short,0,medium
C010451,2,Y,short,1,high
C010452,4,N,medium,0,medium
C010453,4,N,medium,0,medium
C010454,3,N,medium,0,medium
C010455,4,N,medium,0,medium
C010456,3,N,medium,0,medium
C010457,4,N,medium,0,medium
C010458,4,N,medium,0,medium
C010459,4,N,medium,0,medium
C010460,2,N,short,0,medium
C010461,4,N,medium,0,medium
C010462,2,N,short,0,medium
C010463,2,N,short,0,medium
C010464,3,Y,medium,1,high
C010465,3,N,medium,0,medium
C010466,2,Y,short,1,high
C010467,3,N,medium,0,medium
C010468,3,Y,medium,1,high
C010469,3,N,medium,0,medium
C010470,2,N,short,0,medium
C010471,2,N,short,0,medium
C010472,3,N,medium,0,medium
C010473,2,N,short,0,medium
C010474,3,N,medium,0,medium
C010475,4,N,medium,0,medium
C010476,3,N,medium,0,medium
C010477,2,N,short,0,medium
C010478,2,N,short,0,medium
C010479,2,N,short,0,medium
C010480,4,N,medium,0,medium
C010481,2,N,short,0,medium
C010482,3,N,medium,0,medium
C010483,4,Y,medium,1,high
C010484,3,N,medium,0,medium
C010485,2,N,short,0,medium
C010486,2,N,short,0,medium
C010487,4,N,medium,0,medium
C010488,2,N,short,0,medium
C010489,4,N,medium,0,medium
C010490,4,N,medium,0,medium
C010491,2,N,short,0,medium
C010492,2,N,short,0,medium
C010493,3,N,medium,0,medium
C010494,4,N,medium,0,medium
C010495,3,N,medium,0,medium
C010496,2,N,short,0,medium
C010497,4,N,medium,0,medium
C010498,2,N,short,0,medium
C010499,2,N,short,0,medium
C010500,4,N,medium,0,medium
C010501,4,N,medium,0,medium
C010502,4,N,medium,0,medium
C010503,2,N,short,0,medium
C010504,4,N,medium,0,medium
C010505,2,Y,short,1,high
C010506,4,N,medium,0,medium
C010507,2,N,short,0,medium
C010508,3,N,medium,0,medium
C010509,4,N,medium,0,medium
C010510,4,N,medium,0,medium
C010511,4,N,medium,0,medium
C010512,3,Y,medium,1,high
C010513,3,N,medium,0,medium
C010514,4,N,medium,0,medium
C010515,2,N,short,0,medium
C010516,2,N,short,0,medium
C010517,2,N,short,0,medium
C010518,4,N,medium,0,medium
C010519,3,N,medium,0,medium
C010520,3,N,medium,0,medium
C010521,4,N,medium,0,medium
C010522,3,N,medium,0,medium
C010523,3,N,medium,0,medium
C010524,4,Y,medium,1,high
C010525,4,N,medium,0,medium
C010526,2,N,short,0,medium
C010527,3,N,medium,0,medium
C010528,3,N,medium,0,medium
C010529,3,Y,medium,1,high
C010530,4,Y,medium,1,high
C010531,2,N,short,0,medium
C010532,3,N,medium,0,medium
C010533,2,Y,short,1,high
C010534,4,N,medium,0,medium
C010535,3,N,medium,0,medium
C010536,3,N,medium,0,medium
C010537,4,N,medium,0,medium
C010538,4,N,medium,0,medium
C010539,4,N,medium,0,medium
C010540,3,N,medium,0,medium
C010541,3,N,medium,0,medium
C010542,4,N,medium,0,medium
C010543,3,N,medium,0,medium
C010544,4,N,medium,0,medium
C010545,2,N,short,0,medium
C010546,4,N,medium,0,medium
C010547,3,N,medium,0,medium
C010548,4,N,medium,0,medium
C010549,4,N,medium,0,medium
C010550,4,Y,medium,1,high
C010551,3,N,medium,0,medium
C010552,3,N,medium,0,medium
C010553,2,N,short,0,medium
C010554,4,Y,medium,1,high
C010555,3,Y,medium,1,high
C010556,4,N,medium,0,medium
C010557,4,N,medium,0,medium
C010558,3,N,medium,0,medium
C010559,4,Y,medium,1,high
C010560,4,N,medium,0,medium
C010561,3,N,medium,0,medium
C010562,2,N,short,0,medium
C010563,2,N,short,0,medium
C010564,4,N,medium,0,medium
C010565,4,Y,medium,1,high
C010566,2,N,short,0,medium
C010567,2,N,short,0,medium
C010568,4,Y,medium,1,high
C010569,2,N,short,0,medium
C010570,4,N,medium,0,medium
C010571,2,N,short,0,medium
C010572,2,N,short,0,medium
C010573,2,N,short,0,medium
C010574,2,N,short,0,medium
C010575,4,N,medium,0,medium
C010576,3,N,medium,0,medium
C010577,2,N,short,0,medium
C010578,3,Y,medium,1,high
C010579,4,N,medium,0,medium
C010580,2,N,short,0,medium
C010581,3,N,medium,0,medium
C010582,3,N,medium,0,medium
C010583,3,N,medium,0,medium
C010584,4,N,medium,0,medium
C010585,4,N,medium,0,medium
C010586,2,N,short,0,medium
C010587,4,Y,medium,1,high
C010588,2,N,short,0,medium
C010589,2,N,short,0,medium
C010590,4,Y,medium,1,high
C010591,2,N,short,0,medium
C010592,2,N,short,0,medium
C010593,3,N,medium,0,medium
C010594,4,N,medium,0,medium
C010595,3,N,medium,0,medium
C010596,3,N,medium,0,medium
C010597,4,N,medium,0,medium
C010598,2,N,short,0,medium
C010599,2,N,short,0,medium
C010600,4,Y,medium,1,high
C010601,2,N,short,0,medium
C010602,3,Y,medium,1,high
C010603,3,N,medium,0,medium
C010604,2,N,short,0,medium
C010605,3,N,medium,0,medium
C010606,2,Y,short,1,high
C010607,4,N,medium,0,medium
C010608,2,N,short,0,medium
C010609,3,Y,medium,1,high
C010610,3,N,medium,0,medium
C010611,2,N,short,0,medium
C010612,4,N,medium,0,medium
C010613,3,N,medium,0,medium
C010614,4,N,medium,0,medium
C010615,3,N,medium,0,medium
C010616,3,Y,medium,1,high
C010617,2,N,short,0,medium
C010618,4,N,medium,0,medium
C010619,3,N,medium,0,medium
C010620,2,Y,short,1,high
C010621,2,N,short,0,medium
C010622,2,N,short,0,medium
C010623,4,N,medium,0,medium
C010624,4,N,medium,0,medium
C010625,2,N,short,0,medium
C010626,3,N,medium,0,medium
C010627,2,N,short,0,medium
C010628,4,N,medium,0,medium
C010629,3,N,medium,0,medium
C010630,4,Y,medium,1,high
C010631,2,N,short,0,medium
C010632,3,N,medium,0,medium
C010633,3,N,medium,0,medium
C010634,4,N,medium,0,medium
C010635,4,N,medium,0,medium
C010636,4,N,medium,0,medium
C010637,3,Y,medium,1,high
C010638,4,N,medium,0,medium
C010639,3,N,medium,0,medium
C010640,3,N,medium,0,medium
C010641,4,Y,medium,1,high
C010642,2,N,short,0,medium
C010643,4,N,medium,0,medium
C010644,2,N,short,0,medium
C010645,2,N,short,0,medium
C010646,2,N,short,0,medium
C010647,3,N,medium,0,medium
C010648,2,N,short,0,medium
C010649,4,N,medium,0,medium
C010650,3,N,medium,0,medium
C010651,2,N,short,0,medium
C010652,4,Y,medium,1,high
C010653,2,N,short,0,medium
C010654,4,N,medium,0,medium
C010655,2,N,short,0,medium
C010656,4,N,medium,0,medium
C010657,3,N,medium,0,medium
C010658,2,N,short,0,medium
C010659,2,N,short,0,medium
C010660,2,N,short,0,medium
C010661,4,N,medium,0,medium
C010662,3,N,medium,0,medium
C010663,4,Y,medium,1,high
C010664,4,N,medium,0,medium
C010665,4,Y,medium,1,high
C010666,3,Y,medium,1,high
C010667,3,N,medium,0,medium
C010668,4,N,medium,0,medium
C010669,3,N,medium,0,medium
C010670,2,N,short,0,medium
C010671,3,N,medium,0,medium
C010672,4,N,medium,0,medium
C010673,2,Y,short,1,high
C010674,2,N,short,0,medium
C010675,4,Y,medium,1,high
C010676,4,N,medium,0,medium
C010677,2,N,short,0,medium
C010678,2,N,short,0,medium
C010679,3,N,medium,0,medium
C010680,4,N,medium,0,medium
C010681,4,Y,medium,1,high
C010682,3,N,medium,0,medium
C010683,2,N,short,0,medium
C010684,2,N,short,0,medium
C010685,3,N,medium,0,medium
C010686,4,N,medium,0,medium
C010687,4,Y,medium,1,high
C010688,3,N,medium,0,medium
C010689,4,N,medium,0,medium
C010690,4,N,medium,0,medium
C010691,2,N,short,0,medium
C010692,3,N,medium,0,medium
C010693,4,Y,medium,1,high
C010694,3,N,medium,0,medium
C010695,4,N,medium,0,medium
C010696,3,N,medium,0,medium
C010697,4,N,medium,0,medium
C010698,3,N,medium,0,medium
C010699,2,N,short,0,medium
C010700,4,N,medium,0,medium
C010701,2,Y,short,1,high
C010702,3,N,medium,0,medium
C010703,3,N,medium,0,medium
C010704,2,N,short,0,medium
C010705,2,Y,short,1,high
C010706,2,N,short,0,medium
C010707,3,N,medium,0,medium
C010708,2,Y,short,1,high
C010709,3,Y,medium,1,high
C010710,4,Y,medium,1,high
C010711,2,N,short,0,medium
C010712,3,N,medium,0,medium
C010713,3,N,medium,0,medium
C010714,4,N,medium,0,medium
C010715,2,N,short,0,medium
C010716,2,N,short,0,medium
C010717,2,N,short,0,medium
C010718,2,N,short,0,medium
C010719,2,N,short,0,medium
C010720,2,N,short,0,medium
C010721,4,N,medium,0,medium
C010722,4,N,medium,0,medium
C010723,2,N,short,0,medium
C010724,2,N,short,0,medium
C010725,2,N,short,0,medium
C010726,4,N,medium,0,medium
C010727,3,N,medium,0,medium
C010728,4,N,medium,0,medium
C010729,4,N,medium,0,medium
C010730,4,N,medium,0,medium
C010731,2,N,short,0,medium
C010732,2,N,short,0,medium
C010733,3,Y,medium,1,high
C010734,3,N,medium,0,medium
C010735,4,N,medium,0,medium
C010736,2,N,short,0,medium
C010737,3,N,medium,0,medium
C010738,4,N,medium,0,medium
C010739,2,N,short,0,medium
C010740,3,N,medium,0,medium
C010741,2,N,short,0,medium
C010742,3,N,medium,0,medium
C010743,4,N,medium,0,medium
C010744,4,N,medium,0,medium
C010745,3,N,medium,0,medium
C010746,4,N,medium,0,medium
C010747,3,N,medium,0,medium
C010748,3,N,medium,0,medium
C010749,3,N,medium,0,medium
C010750,2,N,short,0,medium
C010751,3,N,medium,0,medium
C010752,4,N,medium,0,medium
C010753,3,N,medium,0,medium
C010754,4,N,medium,0,medium
C010755,3,Y,medium,1,high
C010756,2,N,short,0,medium
C010757,2,N,short,0,medium
C010758,2,N,short,0,medium
C010759,4,N,medium,0,medium
C010760,4,N,medium,0,medium
C010761,2,N,short,0,medium
C010762,4,N,medium,0,medium
C010763,4,N,medium,0,medium
C010764,4,N,medium,0,medium
C010765,3,N,medium,0,medium
C010766,2,N,short,0,medium
C010767,2,N,short,0,medium
C010768,2,N,short,0,medium
C010769,4,N,medium,0,medium
C010770,4,N,medium,0,medium
C010771,3,Y,medium,1,high
C010772,3,N,medium,0,medium
C010773,3,N,medium,0,medium
C010774,2,N,short,0,medium
C010775,4,Y,medium,1,high
C010776,3,N,medium,0,medium
C010777,2,N,short,0,medium
C010778,2,N,short,0,medium
C010779,3,N,medium,0,medium
C010780,2,Y,short,1,high
C010781,4,N,medium,0,medium
C010782,2,N,short,0,medium
C010783,4,N,medium,0,medium
C010784,4,N,medium,0,medium
C010785,3,Y,medium,1,high
C010786,2,N,short,0,medium
C010787,4,Y,medium,1,high
C010788,4,N,medium,0,medium
C010789,4,N,medium,0,medium
C010790,4,N,medium,0,medium
C010791,2,N,short,0,medium
C010792,4,N,medium,0,medium
C010793,4,N,medium,0,medium
C010794,4,N,medium,0,medium
C010795,2,N,short,0,medium
C010796,2,N,short,0,medium
C010797,2,N,short,0,medium
C010798,2,N,short,0,medium
C010799,3,N,medium,0,medium
C010800,2,N,short,0,medium
C010801,4,N,medium,0,medium
C010802,2,N,short,0,medium
C010803,4,N,medium,0,medium
C010804,4,Y,medium,1,high
C010805,2,N,short,0,medium
C010806,2,Y,short,1,high
C010807,3,N,medium,0,medium
C010808,3,N,medium,0,medium
C010809,4,N,medium,0,medium
C010810,2,N,short,0,medium
C010811,4,Y,medium,1,high
C010812,4,N,medium,0,medium
C010813,2,N,short,0,medium
C010814,4,Y,medium,1,high
C010815,3,N,medium,0,medium
C010816,2,N,short,0,medium
C010817,4,N,medium,0,medium
C010818,3,N,medium,0,medium
C010819,2,N,short,0,medium
C010820,2,N,short,0,medium
C010821,4,N,medium,0,medium
C010822,2,N,short,0,medium
C010823,3,N,medium,0,medium
C010824,3,N,medium,0,medium
C010825,2,N,short,0,medium
C010826,3,Y,medium,1,high
C010827,4,N,medium,0,medium
C010828,2,N,short,0,medium
C010829,4,N,medium,0,medium
C010830,2,N,short,0,medium
C010831,4,N,medium,0,medium
C010832,2,Y,short,1,high
C010833,3,N,medium,0,medium
C010834,2,N,short,0,medium
C010835,3,N,medium,0,medium
C010836,3,N,medium,0,medium
C010837,3,N,medium,0,medium
C010838,3,N,medium,0,medium
C010839,4,N,medium,0,medium
C010840,2,N,short,0,medium
C010841,2,N,short,0,medium
C010842,2,N,short,0,medium
C010843,3,N,medium,0,medium
C010844,4,N,medium,0,medium
C010845,3,N,medium,0,medium
C010846,2,N,short,0,medium
C010847,2,N,short,0,medium
C010848,2,N,short,0,medium
C010849,3,N,medium,0,medium
C010850,4,Y,medium,1,high
C010851,4,N,medium,0,medium
C010852,4,N,medium,0,medium
C010853,4,N,medium,0,medium
C010854,3,Y,medium,1,high
C010855,2,N,short,0,medium
C010856,4,N,medium,0,medium
C010857,2,N,short,0,medium
C010858,4,N,medium,0,medium
C010859,2,N,short,0,medium
C010860,3,N,medium,0,medium
C010861,4,N,medium,0,medium
C010862,3,N,medium,0,medium
C010863,4,N,medium,0,medium
C010864,4,N,medium,0,medium
C010865,4,Y,medium,1,high
C010866,3,N,medium,0,medium
C010867,2,N,short,0,medium
C010868,3,N,medium,0,medium
C010869,4,N,medium,0,medium
C010870,4,N,medium,0,medium
C010871,3,N,medium,0,medium
C010872,3,N,medium,0,medium
C010873,3,N,medium,0,medium
C010874,3,N,medium,0,medium
C010875,3,N,medium,0,medium
C010876,4,N,medium,0,medium
C010877,3,N,medium,0,medium
C010878,2,Y,short,1,high
C010879,3,N,medium,0,medium
C010880,4,N,medium,0,medium
C010881,3,N,medium,0,medium
C010882,2,Y,short,1,high
C010883,4,N,medium,0,medium
C010884,2,N,short,0,medium
C010885,2,Y,short,1,high
C010886,2,N,short,0,medium
C010887,3,Y,medium,1,high
C010888,3,N,medium,0,medium
C010889,4,N,medium,0,medium
C010890,3,N,medium,0,medium
C010891,2,N,short,0,medium
C010892,2,N,short,0,medium
C010893,4,N,medium,0,medium
C010894,2,Y,short,1,high
C010895,4,N,medium,0,medium
C010896,4,N,medium,0,medium
C010897,2,N,short,0,medium
C010898,4,N,medium,0,medium
C010899,2,Y,short,1,high
C010900,2,N,short,0,medium
C010901,2,N,short,0,medium
C010902,2,N,short,0,medium
C010903,3,Y,medium,1,high
C010904,2,N,short,0,medium
C010905,4,Y,medium,1,high
C010906,4,Y,medium,1,high
C010907,3,N,medium,0,medium
C010908,3,N,medium,0,medium
C010909,3,Y,medium,1,high
C010910,3,Y,medium,1,high
C010911,2,N,short,0,medium
C010912,3,N,medium,0,medium
C010913,3,N,medium,0,medium
C010914,4,N,medium,0,medium
C010915,4,N,medium,0,medium
C010916,4,N,medium,0,medium
C010917,4,N,medium,0,medium
C010918,2,Y,short,1,high
C010919,2,N,short,0,medium
C010920,3,N,medium,0,medium
C010921,3,N,medium,0,medium
C010922,4,N,medium,0,medium
C010923,3,N,medium,0,medium
C010924,4,N,medium,0,medium
C010925,2,Y,short,1,high
C010926,2,N,short,0,medium
C010927,4,N,medium,0,medium
C010928,4,N,medium,0,medium
C010929,2,N,short,0,medium
C010930,4,N,medium,0,medium
C010931,2,N,short,0,medium
C010932,2,N,short,0,medium
C010933,2,Y,short,1,high
C010934,4,N,medium,0,medium
C010935,4,N,medium,0,medium
C010936,2,N,short,0,medium
C010937,2,N,short,0,medium
C010938,4,Y,medium,1,high
C010939,2,N,short,0,medium
C010940,4,N,medium,0,medium
C010941,4,Y,medium,1,high
C010942,3,N,medium,0,medium
C010943,3,N,medium,0,medium
C010944,3,N,medium,0,medium
C010945,4,N,medium,0,medium
C010946,2,N,short,0,medium
C010947,4,N,medium,0,medium
C010948,4,N,medium,0,medium
C010949,3,N,medium,0,medium
C010950,4,N,medium,0,medium
C010951,4,N,medium,0,medium
C010952,2,N,short,0,medium
C010953,3,N,medium,0,medium
C010954,3,N,medium,0,medium
C010955,4,Y,medium,1,high
C010956,3,N,medium,0,medium
C010957,3,Y,medium,1,high
C010958,3,N,medium,0,medium
C010959,4,N,medium,0,medium
C010960,4,Y,medium,1,high
C010961,2,N,short,0,medium
C010962,2,Y,short,1,high
C010963,3,N,medium,0,medium
C010964,3,N,medium,0,medium
C010965,2,Y,short,1,high
C010966,3,Y,medium,1,high
C010967,2,N,short,0,medium
C010968,3,N,medium,0,medium
C010969,2,N,short,0,medium
C010970,2,N,short,0,medium
C010971,3,Y,medium,1,high
C010972,4,N,medium,0,medium
C010973,2,N,short,0,medium
C010974,4,N,medium,0,medium
C010975,3,N,medium,0,medium
C010976,4,N,medium,0,medium
C010977,3,N,medium,0,medium
C010978,4,N,medium,0,medium
C010979,4,N,medium,0,medium
C010980,2,N,short,0,medium
C010981,2,N,short,0,medium
C010982,3,Y,medium,1,high
C010983,2,N,short,0,medium
C010984,2,N,short,0,medium
C010985,4,N,medium,0,medium
C010986,4,Y,medium,1,high
C010987,2,N,short,0,medium
C010988,4,N,medium,0,medium
C010989,4,Y,medium,1,high
C010990,2,Y,short,1,high
C010991,4,N,medium,0,medium
C010992,4,N,medium,0,medium
C010993,3,N,medium,0,medium
C010994,3,N,medium,0,medium
C010995,4,Y,medium,1,high
C010996,3,N,medium,0,medium
C010997,3,N,medium,0,medium
C010998,4,N,medium,0,medium
C010999,4,N,medium,0,medium
C011000,2,N,short,0,medium
C011001,4,N,medium,0,medium
C011002,4,N,medium,0,medium
C011003,3,N,medium,0,medium
C011004,4,N,medium,0,medium
C011005,2,N,short,0,medium
C011006,4,N,medium,0,medium
C011007,3,N,medium,0,medium
C011008,3,Y,medium,1,high
C011009,4,N,medium,0,medium
C011010,2,Y,short,1,high
C011011,2,N,short,0,medium
C011012,3,N,medium,0,medium
C011013,3,N,medium,0,medium
C011014,4,N,medium,0,medium
C011015,2,N,short,0,medium
C011016,3,N,medium,0,medium
C011017,4,N,medium,0,medium
C011018,2,N,short,0,medium
C011019,4,N,medium,0,medium
C011020,3,N,medium,0,medium
C011021,2,N,short,0,medium
C011022,2,N,short,0,medium
C011023,2,N,short,0,medium
C011024,2,N,short,0,medium
C011025,2,N,short,0,medium
C011026,3,N,medium,0,medium
C011027,2,N,short,0,medium
C011028,2,N,short,0,medium
C011029,3,N,medium,0,medium
C011030,3,N,medium,0,medium
C011031,2,N,short,0,medium
C011032,2,Y,short,1,high
C011033,4,N,medium,0,medium
C011034,3,Y,medium,1,high
C011035,3,Y,medium,1,high
C011036,4,N,medium,0,medium
C011037,2,N,short,0,medium
C011038,4,N,medium,0,medium
C011039,2,N,short,0,medium
C011040,4,N,medium,0,medium
C011041,3,N,medium,0,medium
C011042,3,N,medium,0,medium
C011043,4,N,medium,0,medium
C011044,3,N,medium,0,medium
C011045,4,N,medium,0,medium
C011046,4,N,medium,0,medium
C011047,3,Y,medium,1,high
C011048,3,N,medium,0,medium
C011049,2,N,short,0,medium
C011050,4,N,medium,0,medium
C011051,2,N,short,0,medium
C011052,3,Y,medium,1,high
C011053,3,N,medium,0,medium
C011054,4,N,medium,0,medium
C011055,4,N,medium,0,medium
C011056,3,Y,medium,1,high
C011057,3,N,medium,0,medium
C011058,4,Y,medium,1,high
C011059,2,N,short,0,medium
C011060,3,N,medium,0,medium
C011061,3,N,medium,0,medium
C011062,3,N,medium,0,medium
C011063,2,N,short,0,medium
C011064,2,N,short,0,medium
C011065,3,N,medium,0,medium
C011066,2,N,short,0,medium
C011067,2,Y,short,1,high
C011068,4,N,medium,0,medium
C011069,2,N,short,0,medium
C011070,3,N,medium,0,medium
C011071,3,N,medium,0,medium
C011072,3,N,medium,0,medium
C011073,3,N,medium,0,medium
C011074,3,Y,medium,1,high
C011075,2,N,short,0,medium
C011076,3,N,medium,0,medium
C011077,3,N,medium,0,medium
C011078,3,N,medium,0,medium
C011079,2,N,short,0,medium
C011080,3,N,medium,0,medium
C011081,2,N,short,0,medium
C011082,3,Y,medium,1,high
C011083,2,N,short,0,medium
C011084,3,N,medium,0,medium
C011085,4,N,medium,0,medium
C011086,4,N,medium,0,medium
C011087,4,N,medium,0,medium
C011088,2,N,short,0,medium
C011089,4,Y,medium,1,high
C011090,3,N,medium,0,medium
C011091,3,N,medium,0,medium
C011092,4,Y,medium,1,high
C011093,3,Y,medium,1,high
C011094,4,N,medium,0,medium
C011095,3,N,medium,0,medium
C011096,4,N,medium,0,medium
C011097,3,N,medium,0,medium
C011098,3,N,medium,0,medium
C011099,3,N,medium,0,medium
C011100,4,N,medium,0,medium
C011101,4,Y,medium,1,high
C011102,2,N,short,0,medium
C011103,2,N,short,0,medium
C011104,3,N,medium,0,medium
C011105,3,Y,medium,1,high
C011106,4,Y,medium,1,high
C011107,3,N,medium,0,medium
C011108,4,N,medium,0,medium
C011109,4,N,medium,0,medium
C011110,4,Y,medium,1,high
C011111,4,N,medium,0,medium
C011112,2,N,short,0,medium
C011113,2,N,short,0,medium
C011114,2,N,short,0,medium
C011115,3,N,medium,0,medium
C011116,2,N,short,0,medium
C011117,3,Y,medium,1,high
C011118,4,N,medium,0,medium
C011119,3,Y,medium,1,high
C011120,3,N,medium,0,medium
C011121,3,N,medium,0,medium
C011122,2,N,short,0,medium
C011123,2,N,short,0,medium
C011124,4,N,medium,0,medium
C011125,3,N,medium,0,medium
C011126,2,Y,short,1,high
C011127,2,N,short,0,medium
C011128,3,N,medium,0,medium
C011129,3,N,medium,0,medium
C011130,3,N,medium,0,medium
C011131,3,Y,medium,1,high
C011132,3,N,medium,0,medium
C011133,2,N,short,0,medium
C011134,3,Y,medium,1,high
C011135,3,N,medium,0,medium
C011136,4,N,medium,0,medium
C011137,4,N,medium,0,medium
C011138,4,Y,medium,1,high
C011139,3,N,medium,0,medium
C011140,2,Y,short,1,high
C011141,4,N,medium,0,medium
C011142,2,N,short,0,medium
C011143,2,N,short,0,medium
C011144,3,N,medium,0,medium
C011145,4,N,medium,0,medium
C011146,2,N,short,0,medium
C011147,4,N,medium,0,medium
C011148,3,N,medium,0,medium
C011149,2,N,short,0,medium
C011150,2,Y,short,1,high
C011151,4,N,medium,0,medium
C011152,4,N,medium,0,medium
C011153,2,N,short,0,medium
C011154,3,N,medium,0,medium
C011155,2,N,short,0,medium
C011156,4,N,medium,0,medium
C011157,4,Y,medium,1,high
C011158,4,N,medium,0,medium
C011159,3,N,medium,0,medium
C011160,2,N,short,0,medium
C011161,3,N,medium,0,medium
C011162,3,N,medium,0,medium
C011163,2,N,short,0,medium
C011164,2,N,short,0,medium
C011165,2,N,short,0,medium
C011166,4,Y,medium,1,high
C011167,2,N,short,0,medium
C011168,3,N,medium,0,medium
C011169,4,N,medium,0,medium
C011170,2,Y,short,1,high
C011171,2,N,short,0,medium
C011172,2,N,short,0,medium
C011173,3,Y,medium,1,high
C011174,2,N,short,0,medium
C011175,4,N,medium,0,medium
C011176,3,N,medium,0,medium
C011177,3,N,medium,0,medium
C011178,4,N,medium,0,medium
C011179,3,N,medium,0,medium
C011180,4,Y,medium,1,high
C011181,3,N,medium,0,medium
C011182,2,Y,short,1,high
C011183,3,N,medium,0,medium
C011184,3,N,medium,0,medium
C011185,3,Y,medium,1,high
C011186,4,Y,medium,1,high
C011187,4,N,medium,0,medium
C011188,3,N,medium,0,medium
C011189,4,N,medium,0,medium
C011190,2,N,short,0,medium
C011191,3,N,medium,0,medium
C011192,2,N,short,0,medium
C011193,3,N,medium,0,medium
C011194,4,N,medium,0,medium
C011195,3,N,medium,0,medium
C011196,4,N,medium,0,medium
C011197,2,N,short,0,medium
C011198,4,Y,medium,1,high
C011199,2,Y,short,1,high
C011200,2,Y,short,1,high
C011201,2,N,short,0,medium
C011202,2,N,short,0,medium
C011203,3,N,medium,0,medium
C011204,2,N,short,0,medium
C011205,3,N,medium,0,medium
C011206,4,N,medium,0,medium
C011207,2,N,short,0,medium
C011208,4,N,medium,0,medium
C011209,2,N,short,0,medium
C011210,3,N,medium,0,medium
C011211,4,N,medium,0,medium
C011212,2,N,short,0,medium
C011213,2,N,short,0,medium
C011214,3,N,medium,0,medium
C011215,3,N,medium,0,medium
C011216,2,N,short,0,medium
C011217,4,N,medium,0,medium
C011218,3,N,medium,0,medium
C011219,3,N,medium,0,medium
C011220,3,N,medium,0,medium
C011221,3,N,medium,0,medium
C011222,4,Y,medium,1,high
C011223,2,N,short,0,medium
C011224,2,N,short,0,medium
C011225,2,N,short,0,medium
C011226,2,N,short,0,medium
C011227,4,N,medium,0,medium
C011228,3,N,medium,0,medium
C011229,4,N,medium,0,medium
C011230,4,N,medium,0,medium
C011231,2,N,short,0,medium
C011232,2,N,short,0,medium
C011233,3,N,medium,0,medium
C011234,2,N,short,0,medium
C011235,4,N,medium,0,medium
C011236,2,N,short,0,medium
C011237,4,N,medium,0,medium
C011238,3,N,medium,0,medium
C011239,2,Y,short,1,high
C011240,2,N,short,0,medium
C011241,3,Y,medium,1,high
C011242,3,N,medium,0,medium
C011243,4,N,medium,0,medium
C011244,4,N,medium,0,medium
C011245,3,N,medium,0,medium
C011246,3,N,medium,0,medium
C011247,4,N,medium,0,medium
C011248,4,N,medium,0,medium
C011249,3,N,medium,0,medium
C011250,2,N,short,0,medium
C011251,4,N,medium,0,medium
C011252,3,Y,medium,1,high
C011253,3,N,medium,0,medium
C011254,2,N,short,0,medium
C011255,4,N,medium,0,medium
C011256,2,Y,short,1,high
C011257,3,N,medium,0,medium
C011258,3,N,medium,0,medium
C011259,4,N,medium,0,medium
C011260,4,Y,medium,1,high
C011261,4,N,medium,0,medium
C011262,2,N,short,0,medium
C011263,4,Y,medium,1,high
C011264,3,N,medium,0,medium
C011265,2,N,short,0,medium
C011266,4,N,medium,0,medium
C011267,4,N,medium,0,medium
C011268,2,N,short,0,medium
C011269,3,N,medium,0,medium
C011270,2,N,short,0,medium
C011271,2,N,short,0,medium
C011272,2,N,short,0,medium
C011273,2,Y,short,1,high
C011274,3,N,medium,0,medium
C011275,4,N,medium,0,medium
C011276,4,N,medium,0,medium
C011277,2,N,short,0,medium
C011278,2,N,short,0,medium
C011279,3,N,medium,0,medium
C011280,4,N,medium,0,medium
C011281,4,N,medium,0,medium
C011282,3,N,medium,0,medium
C011283,4,Y,medium,1,high
C011284,4,N,medium,0,medium
C011285,4,N,medium,0,medium
C011286,3,N,medium,0,medium
C011287,4,N,medium,0,medium
C011288,2,N,short,0,medium
C011289,2,N,short,0,medium
C011290,2,Y,short,1,high
C011291,2,N,short,0,medium
C011292,4,N,medium,0,medium
C011293,2,N,short,0,medium
C011294,4,N,medium,0,medium
C011295,2,N,short,0,medium
C011296,2,N,short,0,medium
C011297,3,N,medium,0,medium
C011298,3,N,medium,0,medium
C011299,3,N,medium,0,medium
C011300,2,N,short,0,medium
C011301,3,N,medium,0,medium
C011302,2,N,short,0,medium
C011303,3,N,medium,0,medium
C011304,2,N,short,0,medium
C011305,2,N,short,0,medium
C011306,4,N,medium,0,medium
C011307,4,N,medium,0,medium
C011308,3,N,medium,0,medium
C011309,2,Y,short,1,high
C011310,3,N,medium,0,medium
C011311,4,N,medium,0,medium
C011312,3,Y,medium,1,high
C011313,4,N,medium,0,medium
C011314,3,Y,medium,1,high
C011315,2,Y,short,1,high
C011316,4,Y,medium,1,high
C011317,4,N,medium,0,medium
C011318,2,Y,short,1,high
C011319,2,N,short,0,medium
C011320,2,N,short,0,medium
C011321,2,Y,short,1,high
C011322,3,N,medium,0,medium
C011323,3,Y,medium,1,high
C011324,4,N,medium,0,medium
C011325,2,Y,short,1,high
C011326,3,N,medium,0,medium
C011327,2,N,short,0,medium
C011328,4,N,medium,0,medium
C011329,2,N,short,0,medium
C011330,3,N,medium,0,medium
C011331,4,Y,medium,1,high
C011332,2,Y,short,1,high
C011333,2,N,short,0,medium
C011334,2,N,short,0,medium
C011335,2,N,short,0,medium
C011336,3,Y,medium,1,high
C011337,4,N,medium,0,medium
C011338,2,N,short,0,medium
C011339,4,N,medium,0,medium
C011340,4,N,medium,0,medium
C011341,4,N,medium,0,medium
C011342,4,Y,medium,1,high
C011343,4,N,medium,0,medium
C011344,3,N,medium,0,medium
C011345,2,N,short,0,medium
C011346,2,N,short,0,medium
C011347,2,N,short,0,medium
C011348,3,Y,medium,1,high
C011349,2,N,short,0,medium
C011350,4,N,medium,0,medium
C011351,2,N,short,0,medium
C011352,4,N,medium,0,medium
C011353,4,N,medium,0,medium
C011354,3,Y,medium,1,high
C011355,3,N,medium,0,medium
C011356,3,N,medium,0,medium
C011357,3,Y,medium,1,high
C011358,4,N,medium,0,medium
C011359,3,N,medium,0,medium
C011360,2,N,short,0,medium
C011361,4,N,medium,0,medium
C011362,3,N,medium,0,medium
C011363,3,N,medium,0,medium
C011364,4,N,medium,0,medium
C011365,3,N,medium,0,medium
C011366,3,N,medium,0,medium
C011367,4,N,medium,0,medium
C011368,4,Y,medium,1,high
C011369,2,N,short,0,medium
C011370,4,Y,medium,1,high
C011371,3,N,medium,0,medium
C011372,3,N,medium,0,medium
C011373,2,N,short,0,medium
C011374,2,N,short,0,medium
C011375,3,N,medium,0,medium
C011376,4,Y,medium,1,high
C011377,4,N,medium,0,medium
C011378,3,N,medium,0,medium
C011379,3,Y,medium,1,high
C011380,2,N,short,0,medium
C011381,4,Y,medium,1,high
C011382,4,Y,medium,1,high
C011383,4,N,medium,0,medium
C011384,3,N,medium,0,medium
C011385,2,N,short,0,medium
C011386,2,N,short,0,medium
C011387,4,N,medium,0,medium
C011388,4,N,medium,0,medium
C011389,2,N,short,0,medium
C011390,2,N,short,0,medium
C011391,4,N,medium,0,medium
C011392,4,N,medium,0,medium
C011393,4,N,medium,0,medium
C011394,2,N,short,0,medium
C011395,4,N,medium,0,medium
C011396,4,N,medium,0,medium
C011397,4,N,medium,0,medium
C011398,4,N,medium,0,medium
C011399,3,N,medium,0,medium
C011400,4,Y,medium,1,high
C011401,4,N,medium,0,medium
C011402,4,N,medium,0,medium
C011403,4,N,medium,0,medium
C011404,3,N,medium,0,medium
C011405,2,N,short,0,medium
C011406,3,N,medium,0,medium
C011407,2,N,short,0,medium
C011408,2,N,short,0,medium
C011409,4,N,medium,0,medium
C011410,3,N,medium,0,medium
C011411,4,N,medium,0,medium
C011412,2,Y,short,1,high
C011413,2,Y,short,1,high
C011414,4,N,medium,0,medium
C011415,2,N,short,0,medium
C011416,2,Y,short,1,high
C011417,2,N,short,0,medium
C011418,4,N,medium,0,medium
C011419,3,N,medium,0,medium
C011420,3,N,medium,0,medium
C011421,2,N,short,0,medium
C011422,2,N,short,0,medium
C011423,3,N,medium,0,medium
C011424,2,N,short,0,medium
C011425,2,N,short,0,medium
C011426,2,N,short,0,medium
C011427,4,N,medium,0,medium
C011428,4,N,medium,0,medium
C011429,2,N,short,0,medium
C011430,2,N,short,0,medium
C011431,2,N,short,0,medium
C011432,2,N,short,0,medium
C011433,3,Y,medium,1,high
C011434,3,Y,medium,1,high
C011435,3,Y,medium,1,high
C011436,3,N,medium,0,medium
C011437,2,N,short,0,medium
C011438,2,N,short,0,medium
C011439,3,N,medium,0,medium
C011440,2,N,short,0,medium
C011441,4,N,medium,0,medium
C011442,2,N,short,0,medium
C011443,3,N,medium,0,medium
C011444,2,N,short,0,medium
C011445,4,N,medium,0,medium
C011446,4,N,medium,0,medium
C011447,4,N,medium,0,medium
C011448,2,N,short,0,medium
C011449,4,N,medium,0,medium
C011450,2,N,short,0,medium
C011451,2,N,short,0,medium
C011452,4,N,medium,0,medium
C011453,3,N,medium,0,medium
C011454,3,N,medium,0,medium
C011455,2,N,short,0,medium
C011456,4,N,medium,0,medium
C011457,3,N,medium,0,medium
C011458,2,N,short,0,medium
C011459,4,N,medium,0,medium
C011460,2,N,short,0,medium
C011461,2,N,short,0,medium
C011462,4,Y,medium,1,high
C011463,4,N,medium,0,medium
C011464,2,Y,short,1,high
C011465,4,Y,medium,1,high
C011466,3,Y,medium,1,high
C011467,3,N,medium,0,medium
C011468,2,Y,short,1,high
C011469,4,N,medium,0,medium
C011470,3,Y,medium,1,high
C011471,4,N,medium,0,medium
C011472,3,N,medium,0,medium
C011473,4,N,medium,0,medium
C011474,2,N,short,0,medium
C011475,4,Y,medium,1,high
C011476,4,N,medium,0,medium
C011477,2,N,short,0,medium
C011478,2,N,short,0,medium
C011479,3,N,medium,0,medium
C011480,4,N,medium,0,medium
C011481,4,N,medium,0,medium
C011482,3,N,medium,0,medium
C011483,2,N,short,0,medium
C011484,3,N,medium,0,medium
C011485,3,N,medium,0,medium
C011486,3,Y,medium,1,high
C011487,4,N,medium,0,medium
C011488,2,N,short,0,medium
C011489,3,N,medium,0,medium
C011490,4,N,medium,0,medium
C011491,3,N,medium,0,medium
C011492,2,N,short,0,medium
C011493,2,N,short,0,medium
C011494,2,N,short,0,medium
C011495,2,N,short,0,medium
C011496,2,N,short,0,medium
C011497,4,N,medium,0,medium
C011498,4,Y,medium,1,high
C011499,2,Y,short,1,high
C011500,4,Y,medium,1,high
C011501,4,Y,medium,1,high
C011502,3,N,medium,0,medium
C011503,4,N,medium,0,medium
C011504,4,N,medium,0,medium
C011505,4,N,medium,0,medium
C011506,3,N,medium,0,medium
C011507,3,N,medium,0,medium
C011508,2,N,short,0,medium
C011509,4,N,medium,0,medium
C011510,4,N,medium,0,medium
C011511,3,N,medium,0,medium
C011512,4,N,medium,0,medium
C011513,2,N,short,0,medium
C011514,2,N,short,0,medium
C011515,2,N,short,0,medium
C011516,2,N,short,0,medium
C011517,4,N,medium,0,medium
C011518,4,N,medium,0,medium
C011519,2,N,short,0,medium
C011520,2,Y,short,1,high
C011521,4,Y,medium,1,high
C011522,2,N,short,0,medium
C011523,2,N,short,0,medium
C011524,2,N,short,0,medium
C011525,4,N,medium,0,medium
C011526,4,N,medium,0,medium
C011527,3,Y,medium,1,high
C011528,2,N,short,0,medium
C011529,3,N,medium,0,medium
C011530,4,N,medium,0,medium
C011531,4,Y,medium,1,high
C011532,2,N,short,0,medium
C011533,2,N,short,0,medium
C011534,3,Y,medium,1,high
C011535,3,N,medium,0,medium
C011536,3,N,medium,0,medium
C011537,3,N,medium,0,medium
C011538,2,N,short,0,medium
C011539,2,N,short,0,medium
C011540,3,N,medium,0,medium
C011541,2,N,short,0,medium
C011542,3,N,medium,0,medium
C011543,3,N,medium,0,medium
C011544,4,Y,medium,1,high
C011545,2,N,short,0,medium
C011546,4,N,medium,0,medium
C011547,3,Y,medium,1,high
C011548,3,Y,medium,1,high
C011549,3,N,medium,0,medium
C011550,3,N,medium,0,medium
C011551,4,N,medium,0,medium
C011552,3,N,medium,0,medium
C011553,2,N,short,0,medium
C011554,4,N,medium,0,medium
C011555,2,N,short,0,medium
C011556,2,N,short,0,medium
C011557,4,N,medium,0,medium
C011558,3,N,medium,0,medium
C011559,2,N,short,0,medium
C011560,4,N,medium,0,medium
C011561,3,N,medium,0,medium
C011562,3,Y,medium,1,high
C011563,4,N,medium,0,medium
C011564,4,N,medium,0,medium
C011565,3,N,medium,0,medium
C011566,2,N,short,0,medium
C011567,4,N,medium,0,medium
C011568,4,N,medium,0,medium
C011569,3,N,medium,0,medium
C011570,2,Y,short,1,high
C011571,3,N,medium,0,medium
C011572,2,Y,short,1,high
C011573,3,N,medium,0,medium
C011574,4,N,medium,0,medium
C011575,2,N,short,0,medium
C011576,4,N,medium,0,medium
C011577,4,N,medium,0,medium
C011578,4,N,medium,0,medium
C011579,2,Y,short,1,high
C011580,3,N,medium,0,medium
C011581,4,N,medium,0,medium
C011582,2,Y,short,1,high
C011583,2,N,short,0,medium
C011584,2,N,short,0,medium
C011585,4,N,medium,0,medium
C011586,2,N,short,0,medium
C011587,3,N,medium,0,medium
C011588,2,N,short,0,medium
C011589,3,N,medium,0,medium
C011590,4,N,medium,0,medium
C011591,4,N,medium,0,medium
C011592,4,N,medium,0,medium
C011593,3,N,medium,0,medium
C011594,3,N,medium,0,medium
C011595,2,N,short,0,medium
C011596,3,Y,medium,1,high
C011597,3,N,medium,0,medium
C011598,3,N,medium,0,medium
C011599,3,N,medium,0,medium
C011600,2,N,short,0,medium
C011601,4,Y,medium,1,high
C011602,4,N,medium,0,medium
C011603,2,N,short,0,medium
C011604,3,N,medium,0,medium
C011605,4,N,medium,0,medium
C011606,3,N,medium,0,medium
C011607,4,N,medium,0,medium
C011608,3,Y,medium,1,high
C011609,4,N,medium,0,medium
C011610,4,N,medium,0,medium
C011611,2,N,short,0,medium
C011612,2,N,short,0,medium
C011613,2,N,short,0,medium
C011614,2,N,short,0,medium
C011615,2,N,short,0,medium
C011616,2,Y,short,1,high
C011617,2,N,short,0,medium
C011618,3,N,medium,0,medium
C011619,3,N,medium,0,medium
C011620,4,N,medium,0,medium
C011621,2,Y,short,1,high
C011622,3,N,medium,0,medium
C011623,2,Y,short,1,high
C011624,4,N,medium,0,medium
C011625,2,N,short,0,medium
C011626,2,N,short,0,medium
C011627,2,N,short,0,medium
C011628,2,N,short,0,medium
C011629,3,N,medium,0,medium
C011630,2,Y,short,1,high
C011631,3,N,medium,0,medium
C011632,2,N,short,0,medium
C011633,3,N,medium,0,medium
C011634,4,N,medium,0,medium
C011635,3,N,medium,0,medium
C011636,2,N,short,0,medium
C011637,4,N,medium,0,medium
C011638,4,N,medium,0,medium
C011639,2,N,short,0,medium
C011640,2,N,short,0,medium
C011641,3,N,medium,0,medium
C011642,2,N,short,0,medium
C011643,4,N,medium,0,medium
C011644,3,N,medium,0,medium
C011645,3,N,medium,0,medium
C011646,2,N,short,0,medium
C011647,2,N,short,0,medium
C011648,4,Y,medium,1,high
C011649,3,Y,medium,1,high
C011650,4,N,medium,0,medium
C011651,2,Y,short,1,high
C011652,3,N,medium,0,medium
C011653,3,N,medium,0,medium
C011654,3,N,medium,0,medium
C011655,3,N,medium,0,medium
C011656,4,N,medium,0,medium
C011657,3,N,medium,0,medium
C011658,3,N,medium,0,medium
C011659,2,N,short,0,medium
C011660,2,N,short,0,medium
C011661,3,N,medium,0,medium
C011662,2,Y,short,1,high
C011663,3,N,medium,0,medium
C011664,3,N,medium,0,medium
C011665,4,N,medium,0,medium
C011666,4,N,medium,0,medium
C011667,3,N,medium,0,medium
C011668,3,N,medium,0,medium
C011669,4,N,medium,0,medium
C011670,2,N,short,0,medium
C011671,2,N,short,0,medium
C011672,2,N,short,0,medium
C011673,4,N,medium,0,medium
C011674,3,Y,medium,1,high
C011675,4,N,medium,0,medium
C011676,4,N,medium,0,medium
C011677,2,N,short,0,medium
C011678,4,N,medium,0,medium
C011679,3,N,medium,0,medium
C011680,4,N,medium,0,medium
C011681,2,N,short,0,medium
C011682,3,N,medium,0,medium
C011683,4,N,medium,0,medium
C011684,4,N,medium,0,medium
C011685,3,N,medium,0,medium
C011686,4,N,medium,0,medium
C011687,4,N,medium,0,medium
C011688,4,N,medium,0,medium
C011689,3,N,medium,0,medium
C011690,3,Y,medium,1,high
C011691,2,N,short,0,medium
C011692,4,N,medium,0,medium
C011693,3,N,medium,0,medium
C011694,2,Y,short,1,high
C011695,2,N,short,0,medium
C011696,4,N,medium,0,medium
C011697,4,N,medium,0,medium
C011698,2,Y,short,1,high
C011699,4,N,medium,0,medium
C011700,4,N,medium,0,medium
C011701,3,N,medium,0,medium
C011702,4,N,medium,0,medium
C011703,2,N,short,0,medium
C011704,4,N,medium,0,medium
C011705,2,N,short,0,medium
C011706,2,N,short,0,medium
C011707,4,N,medium,0,medium
C011708,4,N,medium,0,medium
C011709,4,N,medium,0,medium
C011710,3,N,medium,0,medium
C011711,4,Y,medium,1,high
C011712,2,N,short,0,medium
C011713,3,N,medium,0,medium
C011714,3,Y,medium,1,high
C011715,4,N,medium,0,medium
C011716,2,N,short,0,medium
C011717,2,N,short,0,medium
C011718,3,N,medium,0,medium
C011719,2,N,short,0,medium
C011720,4,N,medium,0,medium
C011721,4,N,medium,0,medium
C011722,3,N,medium,0,medium
C011723,3,N,medium,0,medium
C011724,4,N,medium,0,medium
C011725,3,N,medium,0,medium
C011726,2,N,short,0,medium
C011727,2,N,short,0,medium
C011728,2,N,short,0,medium
C011729,4,Y,medium,1,high
C011730,3,N,medium,0,medium
C011731,2,N,short,0,medium
C011732,3,N,medium,0,medium
C011733,4,N,medium,0,medium
C011734,4,Y,medium,1,high
C011735,2,N,short,0,medium
C011736,2,N,short,0,medium
C011737,4,N,medium,0,medium
C011738,3,N,medium,0,medium
C011739,4,N,medium,0,medium
C011740,2,N,short,0,medium
C011741,2,N,short,0,medium
C011742,3,N,medium,0,medium
C011743,2,N,short,0,medium
C011744,4,Y,medium,1,high
C011745,4,N,medium,0,medium
C011746,2,N,short,0,medium
C011747,4,Y,medium,1,high
C011748,2,N,short,0,medium
C011749,3,Y,medium,1,high
C011750,4,N,medium,0,medium
C011751,3,N,medium,0,medium
C011752,4,Y,medium,1,high
C011753,2,Y,short,1,high
C011754,3,N,medium,0,medium
C011755,2,N,short,0,medium
C011756,4,N,medium,0,medium
C011757,4,N,medium,0,medium
C011758,3,N,medium,0,medium
C011759,4,N,medium,0,medium
C011760,2,N,short,0,medium
C011761,4,N,medium,0,medium
C011762,2,N,short,0,medium
C011763,3,N,medium,0,medium
C011764,4,N,medium,0,medium
C011765,4,N,medium,0,medium
C011766,4,N,medium,0,medium
C011767,2,N,short,0,medium
C011768,3,N,medium,0,medium
C011769,2,N,short,0,medium
C011770,3,N,medium,0,medium
C011771,3,N,medium,0,medium
C011772,2,N,short,0,medium
C011773,2,N,short,0,medium
C011774,3,N,medium,0,medium
C011775,4,N,medium,0,medium
C011776,4,N,medium,0,medium
C011777,4,N,medium,0,medium
C011778,4,N,medium,0,medium
C011779,2,N,short,0,medium
C011780,2,N,short,0,medium
C011781,4,Y,medium,1,high
C011782,2,N,short,0,medium
C011783,2,N,short,0,medium
C011784,4,N,medium,0,medium
C011785,2,N,short,0,medium
C011786,4,Y,medium,1,high
C011787,4,N,medium,0,medium
C011788,3,N,medium,0,medium
C011789,2,N,short,0,medium
C011790,2,N,short,0,medium
C011791,3,N,medium,0,medium
C011792,3,N,medium,0,medium
C011793,3,Y,medium,1,high
C011794,4,N,medium,0,medium
C011795,3,N,medium,0,medium
C011796,3,N,medium,0,medium
C011797,3,N,medium,0,medium
C011798,2,N,short,0,medium
C011799,2,Y,short,1,high
C011800,4,N,medium,0,medium
C011801,3,N,medium,0,medium
C011802,3,N,medium,0,medium
C011803,2,N,short,0,medium
C011804,3,N,medium,0,medium
C011805,3,N,medium,0,medium
C011806,2,N,short,0,medium
C011807,4,N,medium,0,medium
C011808,4,N,medium,0,medium
C011809,2,N,short,0,medium
C011810,2,Y,short,1,high
C011811,3,N,medium,0,medium
C011812,2,Y,short,1,high
C011813,4,N,medium,0,medium
C011814,3,Y,medium,1,high
C011815,3,N,medium,0,medium
C011816,4,N,medium,0,medium
C011817,4,N,medium,0,medium
C011818,2,N,short,0,medium
C011819,3,N,medium,0,medium
C011820,2,N,short,0,medium
C011821,3,N,medium,0,medium
C011822,2,N,short,0,medium
C011823,2,N,short,0,medium
C011824,2,N,short,0,medium
C011825,4,N,medium,0,medium
C011826,3,N,medium,0,medium
C011827,4,N,medium,0,medium
C011828,3,Y,medium,1,high
C011829,2,N,short,0,medium
C011830,2,N,short,0,medium
C011831,2,N,short,0,medium
C011832,4,Y,medium,1,high
C011833,2,N,short,0,medium
C011834,2,N,short,0,medium
C011835,3,N,medium,0,medium
C011836,2,N,short,0,medium
C011837,3,N,medium,0,medium
C011838,3,N,medium,0,medium
C011839,4,N,medium,0,medium
C011840,2,N,short,0,medium
C011841,4,N,medium,0,medium
C011842,3,N,medium,0,medium
C011843,3,N,medium,0,medium
C011844,4,Y,medium,1,high
C011845,4,N,medium,0,medium
C011846,4,Y,medium,1,high
C011847,2,N,short,0,medium
C011848,3,Y,medium,1,high
C011849,4,N,medium,0,medium
C011850,4,N,medium,0,medium
C011851,4,Y,medium,1,high
C011852,2,N,short,0,medium
C011853,4,N,medium,0,medium
C011854,2,N,short,0,medium
C011855,4,N,medium,0,medium
C011856,4,N,medium,0,medium
C011857,2,Y,short,1,high
C011858,3,Y,medium,1,high
C011859,4,N,medium,0,medium
C011860,4,N,medium,0,medium
C011861,4,N,medium,0,medium
C011862,2,N,short,0,medium
C011863,2,N,short,0,medium
C011864,2,Y,short,1,high
C011865,4,N,medium,0,medium
C011866,4,N,medium,0,medium
C011867,2,N,short,0,medium
C011868,3,N,medium,0,medium
C011869,2,N,short,0,medium
C011870,4,N,medium,0,medium
C011871,2,N,short,0,medium
C011872,3,N,medium,0,medium
C011873,2,N,short,0,medium
C011874,3,N,medium,0,medium
C011875,3,N,medium,0,medium
C011876,2,N,short,0,medium
C011877,3,N,medium,0,medium
C011878,3,N,medium,0,medium
C011879,2,N,short,0,medium
C011880,4,N,medium,0,medium
C011881,2,Y,short,1,high
C011882,4,Y,medium,1,high
C011883,3,N,medium,0,medium
C011884,4,N,medium,0,medium
C011885,3,Y,medium,1,high
C011886,2,N,short,0,medium
C011887,3,N,medium,0,medium
C011888,3,N,medium,0,medium
C011889,3,N,medium,0,medium
C011890,2,N,short,0,medium
C011891,3,Y,medium,1,high
C011892,2,N,short,0,medium
C011893,2,Y,short,1,high
C011894,3,N,medium,0,medium
C011895,4,N,medium,0,medium
C011896,2,N,short,0,medium
C011897,3,N,medium,0,medium
C011898,4,N,medium,0,medium
C011899,2,N,short,0,medium
C011900,3,Y,medium,1,high
C011901,3,N,medium,0,medium
C011902,2,N,short,0,medium
C011903,2,N,short,0,medium
C011904,2,N,short,0,medium
C011905,4,N,medium,0,medium
C011906,2,Y,short,1,high
C011907,3,N,medium,0,medium
C011908,3,N,medium,0,medium
C011909,3,N,medium,0,medium
C011910,3,N,medium,0,medium
C011911,4,Y,medium,1,high
C011912,4,Y,medium,1,high
C011913,2,N,short,0,medium
C011914,3,N,medium,0,medium
C011915,4,N,medium,0,medium
C011916,4,N,medium,0,medium
C011917,2,Y,short,1,high
C011918,2,N,short,0,medium
C011919,4,N,medium,0,medium
C011920,2,N,short,0,medium
C011921,4,Y,medium,1,high
C011922,3,N,medium,0,medium
C011923,3,N,medium,0,medium
C011924,4,Y,medium,1,high
C011925,3,N,medium,0,medium
C011926,2,N,short,0,medium
C011927,4,N,medium,0,medium
C011928,4,Y,medium,1,high
C011929,3,Y,medium,1,high
C011930,2,N,short,0,medium
C011931,4,N,medium,0,medium
C011932,2,N,short,0,medium
C011933,4,Y,medium,1,high
C011934,3,N,medium,0,medium
C011935,4,Y,medium,1,high
C011936,3,N,medium,0,medium
C011937,4,N,medium,0,medium
C011938,2,N,short,0,medium
C011939,4,N,medium,0,medium
C011940,4,N,medium,0,medium
C011941,2,N,short,0,medium
C011942,2,N,short,0,medium
C011943,4,N,medium,0,medium
C011944,4,N,medium,0,medium
C011945,4,N,medium,0,medium
C011946,2,N,short,0,medium
C011947,3,N,medium,0,medium
C011948,2,N,short,0,medium
C011949,2,N,short,0,medium
C011950,3,Y,medium,1,high
C011951,4,N,medium,0,medium
C011952,2,N,short,0,medium
C011953,4,N,medium,0,medium
C011954,3,N,medium,0,medium
C011955,2,N,short,0,medium
C011956,3,N,medium,0,medium
C011957,4,N,medium,0,medium
C011958,3,N,medium,0,medium
C011959,2,N,short,0,medium
C011960,2,N,short,0,medium
C011961,4,N,medium,0,medium
C011962,4,Y,medium,1,high
C011963,2,N,short,0,medium
C011964,4,N,medium,0,medium
C011965,4,N,medium,0,medium
C011966,3,N,medium,0,medium
C011967,3,N,medium,0,medium
C011968,4,N,medium,0,medium
C011969,4,N,medium,0,medium
C011970,2,N,short,0,medium
C011971,3,N,medium,0,medium
C011972,3,N,medium,0,medium
C011973,4,N,medium,0,medium
C011974,2,N,short,0,medium
C011975,4,N,medium,0,medium
C011976,4,N,medium,0,medium
C011977,2,N,short,0,medium
C011978,2,N,short,0,medium
C011979,3,N,medium,0,medium
C011980,2,Y,short,1,high
C011981,3,Y,medium,1,high
C011982,3,Y,medium,1,high
C011983,3,N,medium,0,medium
C011984,3,Y,medium,1,high
C011985,4,N,medium,0,medium
C011986,3,N,medium,0,medium
C011987,3,N,medium,0,medium
C011988,3,Y,medium,1,high
C011989,2,Y,short,1,high
C011990,4,N,medium,0,medium
C011991,2,N,short,0,medium
C011992,2,Y,short,1,high
C011993,3,N,medium,0,medium
C011994,4,N,medium,0,medium
C011995,2,Y,short,1,high
C011996,3,N,medium,0,medium
C011997,4,N,medium,0,medium
C011998,3,N,medium,0,medium
C011999,4,N,medium,0,medium
C012000,3,N,medium,0,medium
C012001,4,N,medium,0,medium
C012002,4,N,medium,0,medium
C012003,3,N,medium,0,medium
C012004,3,N,medium,0,medium
C012005,2,N,short,0,medium
C012006,3,N,medium,0,medium
C012007,2,N,short,0,medium
C012008,2,Y,short,1,high
C012009,2,N,short,0,medium
C012010,2,N,short,0,medium
C012011,3,N,medium,0,medium
C012012,2,N,short,0,medium
C012013,2,N,short,0,medium
C012014,2,N,short,0,medium
C012015,4,N,medium,0,medium
C012016,3,N,medium,0,medium
C012017,3,N,medium,0,medium
C012018,3,N,medium,0,medium
C012019,4,N,medium,0,medium
C012020,3,N,medium,0,medium
C012021,4,N,medium,0,medium
C012022,3,N,medium,0,medium
C012023,3,Y,medium,1,high
C012024,2,N,short,0,medium
C012025,2,Y,short,1,high
C012026,2,N,short,0,medium
C012027,4,N,medium,0,medium
C012028,4,N,medium,0,medium
C012029,3,N,medium,0,medium
C012030,4,Y,medium,1,high
C012031,4,N,medium,0,medium
C012032,4,N,medium,0,medium
C012033,2,N,short,0,medium
C012034,4,N,medium,0,medium
C012035,2,N,short,0,medium
C012036,3,N,medium,0,medium
C012037,3,N,medium,0,medium
C012038,4,N,medium,0,medium
C012039,3,N,medium,0,medium
C012040,4,N,medium,0,medium
C012041,2,N,short,0,medium
C012042,4,N,medium,0,medium
C012043,3,N,medium,0,medium
C012044,2,N,short,0,medium
C012045,2,N,short,0,medium
C012046,2,Y,short,1,high
C012047,2,N,short,0,medium
C012048,2,N,short,0,medium
C012049,3,N,medium,0,medium
C012050,4,N,medium,0,medium
C012051,2,N,short,0,medium
C012052,4,N,medium,0,medium
C012053,3,N,medium,0,medium
C012054,4,N,medium,0,medium
C012055,3,N,medium,0,medium
C012056,2,N,short,0,medium
C012057,2,N,short,0,medium
C012058,2,Y,short,1,high
C012059,4,Y,medium,1,high
C012060,4,Y,medium,1,high
C012061,2,N,short,0,medium
C012062,3,N,medium,0,medium
C012063,4,Y,medium,1,high
C012064,3,N,medium,0,medium
C012065,4,Y,medium,1,high
C012066,4,N,medium,0,medium
C012067,3,N,medium,0,medium
C012068,2,N,short,0,medium
C012069,2,N,short,0,medium
C012070,3,N,medium,0,medium
C012071,4,Y,medium,1,high
C012072,4,Y,medium,1,high
C012073,3,Y,medium,1,high
C012074,3,N,medium,0,medium
C012075,3,Y,medium,1,high
C012076,2,N,short,0,medium
C012077,3,N,medium,0,medium
C012078,3,N,medium,0,medium
C012079,3,N,medium,0,medium
C012080,2,N,short,0,medium
C012081,4,N,medium,0,medium
C012082,3,N,medium,0,medium
C012083,4,N,medium,0,medium
C012084,3,N,medium,0,medium
C012085,3,Y,medium,1,high
C012086,4,N,medium,0,medium
C012087,3,Y,medium,1,high
C012088,2,N,short,0,medium
C012089,4,N,medium,0,medium
C012090,3,N,medium,0,medium
C012091,3,N,medium,0,medium
C012092,2,N,short,0,medium
C012093,3,Y,medium,1,high
C012094,3,N,medium,0,medium
C012095,4,N,medium,0,medium
C012096,4,Y,medium,1,high
C012097,4,N,medium,0,medium
C012098,2,N,short,0,medium
C012099,3,N,medium,0,medium
C012100,2,N,short,0,medium
C012101,3,Y,medium,1,high
C012102,3,N,medium,0,medium
C012103,3,N,medium,0,medium
C012104,4,N,medium,0,medium
C012105,2,N,short,0,medium
C012106,2,N,short,0,medium
C012107,3,Y,medium,1,high
C012108,3,N,medium,0,medium
C012109,3,Y,medium,1,high
C012110,2,N,short,0,medium
C012111,4,N,medium,0,medium
C012112,4,N,medium,0,medium
C012113,2,N,short,0,medium
C012114,3,N,medium,0,medium
C012115,3,N,medium,0,medium
C012116,2,N,short,0,medium
C012117,2,N,short,0,medium
C012118,3,N,medium,0,medium
C012119,3,N,medium,0,medium
C012120,2,N,short,0,medium
C012121,2,N,short,0,medium
C012122,2,N,short,0,medium
C012123,3,N,medium,0,medium
C012124,4,N,medium,0,medium
C012125,4,N,medium,0,medium
C012126,3,N,medium,0,medium
C012127,2,N,short,0,medium
C012128,2,N,short,0,medium
C012129,3,N,medium,0,medium
C012130,2,N,short,0,medium
C012131,2,N,short,0,medium
C012132,3,Y,medium,1,high
C012133,2,N,short,0,medium
C012134,3,N,medium,0,medium
C012135,3,N,medium,0,medium
C012136,2,N,short,0,medium
C012137,3,N,medium,0,medium
C012138,4,N,medium,0,medium
C012139,2,N,short,0,medium
C012140,4,N,medium,0,medium
C012141,4,N,medium,0,medium
C012142,2,N,short,0,medium
C012143,2,N,short,0,medium
C012144,4,N,medium,0,medium
C012145,4,N,medium,0,medium
C012146,4,N,medium,0,medium
C012147,4,N,medium,0,medium
C012148,3,N,medium,0,medium
C012149,2,N,short,0,medium
C012150,2,N,short,0,medium
C012151,3,N,medium,0,medium
C012152,4,Y,medium,1,high
C012153,2,N,short,0,medium
C012154,4,N,medium,0,medium
C012155,4,N,medium,0,medium
C012156,2,N,short,0,medium
C012157,2,N,short,0,medium
C012158,3,Y,medium,1,high
C012159,4,N,medium,0,medium
C012160,3,Y,medium,1,high
C012161,2,Y,short,1,high
C012162,2,N,short,0,medium
C012163,3,N,medium,0,medium
C012164,3,N,medium,0,medium
C012165,3,N,medium,0,medium
C012166,2,N,short,0,medium
C012167,4,N,medium,0,medium
C012168,3,Y,medium,1,high
C012169,4,N,medium,0,medium
C012170,2,N,short,0,medium
C012171,2,N,short,0,medium
C012172,4,N,medium,0,medium
C012173,2,N,short,0,medium
C012174,2,N,short,0,medium
C012175,4,N,medium,0,medium
C012176,4,Y,medium,1,high
C012177,4,N,medium,0,medium
C012178,3,N,medium,0,medium
C012179,2,N,short,0,medium
C012180,2,N,short,0,medium
C012181,3,N,medium,0,medium
C012182,4,Y,medium,1,high
C012183,3,N,medium,0,medium
C012184,2,N,short,0,medium
C012185,2,N,short,0,medium
C012186,2,N,short,0,medium
C012187,4,Y,medium,1,high
C012188,2,N,short,0,medium
C012189,3,N,medium,0,medium
C012190,2,Y,short,1,high
C012191,4,N,medium,0,medium
C012192,3,N,medium,0,medium
C012193,3,N,medium,0,medium
C012194,3,N,medium,0,medium
C012195,3,N,medium,0,medium
C012196,3,N,medium,0,medium
C012197,2,Y,short,1,high
C012198,3,N,medium,0,medium
C012199,3,N,medium,0,medium
C012200,3,N,medium,0,medium
C012201,4,N,medium,0,medium
C012202,3,N,medium,0,medium
C012203,3,N,medium,0,medium
C012204,2,N,short,0,medium
C012205,2,N,short,0,medium
C012206,2,N,short,0,medium
C012207,3,Y,medium,1,high
C012208,3,N,medium,0,medium
C012209,4,N,medium,0,medium
C012210,4,N,medium,0,medium
C012211,3,N,medium,0,medium
C012212,4,N,medium,0,medium
C012213,3,N,medium,0,medium
C012214,4,N,medium,0,medium
C012215,4,N,medium,0,medium
C012216,4,N,medium,0,medium
C012217,3,N,medium,0,medium
C012218,2,N,short,0,medium
C012219,4,N,medium,0,medium
C012220,3,Y,medium,1,high
C012221,3,N,medium,0,medium
C012222,4,N,medium,0,medium
C012223,2,N,short,0,medium
C012224,2,N,short,0,medium
C012225,2,N,short,0,medium
C012226,3,N,medium,0,medium
C012227,2,N,short,0,medium
C012228,2,Y,short,1,high
C012229,4,N,medium,0,medium
C012230,4,N,medium,0,medium
C012231,2,N,short,0,medium
C012232,3,N,medium,0,medium
C012233,3,N,medium,0,medium
C012234,4,Y,medium,1,high
C012235,2,Y,short,1,high
C012236,3,N,medium,0,medium
C012237,4,N,medium,0,medium
C012238,4,Y,medium,1,high
C012239,2,N,short,0,medium
C012240,3,N,medium,0,medium
C012241,4,N,medium,0,medium
C012242,3,Y,medium,1,high
C012243,2,Y,short,1,high
C012244,4,Y,medium,1,high
C012245,4,N,medium,0,medium
C012246,3,N,medium,0,medium
C012247,4,N,medium,0,medium
C012248,4,N,medium,0,medium
C012249,4,N,medium,0,medium
C012250,2,N,short,0,medium
C012251,3,N,medium,0,medium
C012252,3,N,medium,0,medium
C012253,4,N,medium,0,medium
C012254,2,N,short,0,medium
C012255,4,N,medium,0,medium
C012256,4,N,medium,0,medium
C012257,2,N,short,0,medium
C012258,3,N,medium,0,medium
C012259,4,N,medium,0,medium
C012260,3,N,medium,0,medium
C012261,4,N,medium,0,medium
C012262,3,N,medium,0,medium
C012263,3,N,medium,0,medium
C012264,2,N,short,0,medium
C012265,2,Y,short,1,high
C012266,2,N,short,0,medium
C012267,3,N,medium,0,medium
C012268,4,Y,medium,1,high
C012269,2,N,short,0,medium
C012270,3,Y,medium,1,high
C012271,2,N,short,0,medium
C012272,3,Y,medium,1,high
C012273,2,N,short,0,medium
C012274,3,Y,medium,1,high
C012275,4,N,medium,0,medium
C012276,4,N,medium,0,medium
C012277,2,N,short,0,medium
C012278,2,Y,short,1,high
C012279,4,N,medium,0,medium
C012280,3,Y,medium,1,high
C012281,3,N,medium,0,medium
C012282,4,Y,medium,1,high
C012283,4,N,medium,0,medium
C012284,3,Y,medium,1,high
C012285,4,N,medium,0,medium
C012286,3,N,medium,0,medium
C012287,3,N,medium,0,medium
C012288,3,N,medium,0,medium
C012289,3,N,medium,0,medium
C012290,3,N,medium,0,medium
C012291,4,N,medium,0,medium
C012292,2,N,short,0,medium
C012293,3,N,medium,0,medium
C012294,2,N,short,0,medium
C012295,3,N,medium,0,medium
C012296,4,N,medium,0,medium
C012297,3,Y,medium,1,high
C012298,4,N,medium,0,medium
C012299,4,N,medium,0,medium
C012300,2,N,short,0,medium
C012301,4,Y,medium,1,high
C012302,4,Y,medium,1,high
C012303,4,N,medium,0,medium
C012304,4,N,medium,0,medium
C012305,2,N,short,0,medium
C012306,3,N,medium,0,medium
C012307,3,N,medium,0,medium
C012308,2,Y,short,1,high
C012309,2,N,short,0,medium
C012310,3,N,medium,0,medium
C012311,2,N,short,0,medium
C012312,4,Y,medium,1,high
C012313,2,Y,short,1,high
C012314,2,N,short,0,medium
C012315,4,N,medium,0,medium
C012316,2,N,short,0,medium
C012317,2,Y,short,1,high
C012318,3,Y,medium,1,high
C012319,3,N,medium,0,medium
C012320,2,N,short,0,medium
C012321,2,Y,short,1,high
C012322,4,Y,medium,1,high
C012323,3,N,medium,0,medium
C012324,4,N,medium,0,medium
C012325,4,N,medium,0,medium
C012326,3,Y,medium,1,high
C012327,3,N,medium,0,medium
C012328,3,N,medium,0,medium
C012329,3,N,medium,0,medium
C012330,3,N,medium,0,medium
C012331,4,N,medium,0,medium
C012332,3,N,medium,0,medium
C012333,2,N,short,0,medium
C012334,4,N,medium,0,medium
C012335,4,N,medium,0,medium
C012336,3,N,medium,0,medium
C012337,3,Y,medium,1,high
C012338,4,N,medium,0,medium
C012339,2,N,short,0,medium
C012340,3,N,medium,0,medium
C012341,2,N,short,0,medium
C012342,2,N,short,0,medium
C012343,2,N,short,0,medium
C012344,4,N,medium,0,medium
C012345,2,Y,short,1,high
C012346,3,N,medium,0,medium
C012347,3,N,medium,0,medium
C012348,2,N,short,0,medium
C012349,4,N,medium,0,medium
C012350,3,N,medium,0,medium
C012351,4,N,medium,0,medium
C012352,3,N,medium,0,medium
C012353,4,N,medium,0,medium
C012354,3,N,medium,0,medium
C012355,4,N,medium,0,medium
C012356,4,N,medium,0,medium
C012357,2,N,short,0,medium
C012358,4,N,medium,0,medium
C012359,2,N,short,0,medium
C012360,2,N,short,0,medium
C012361,3,N,medium,0,medium
C012362,3,N,medium,0,medium
C012363,4,N,medium,0,medium
C012364,4,N,medium,0,medium
C012365,4,N,medium,0,medium
C012366,3,N,medium,0,medium
C012367,2,N,short,0,medium
C012368,2,N,short,0,medium
C012369,2,N,short,0,medium
C012370,2,Y,short,1,high
C012371,3,Y,medium,1,high
C012372,4,N,medium,0,medium
C012373,2,N,short,0,medium
C012374,4,Y,medium,1,high
C012375,4,N,medium,0,medium
C012376,3,N,medium,0,medium
C012377,3,Y,medium,1,high
C012378,3,N,medium,0,medium
C012379,3,N,medium,0,medium
C012380,2,N,short,0,medium
C012381,3,N,medium,0,medium
C012382,2,N,short,0,medium
C012383,2,N,short,0,medium
C012384,2,N,short,0,medium
C012385,4,N,medium,0,medium
C012386,4,N,medium,0,medium
C012387,3,N,medium,0,medium
C012388,4,N,medium,0,medium
C012389,2,N,short,0,medium
C012390,3,N,medium,0,medium
C012391,4,N,medium,0,medium
C012392,2,N,short,0,medium
C012393,3,N,medium,0,medium
C012394,2,N,short,0,medium
C012395,3,N,medium,0,medium
C012396,4,N,medium,0,medium
C012397,3,N,medium,0,medium
C012398,3,N,medium,0,medium
C012399,2,N,short,0,medium
C012400,3,N,medium,0,medium
C012401,3,N,medium,0,medium
C012402,4,Y,medium,1,high
C012403,3,N,medium,0,medium
C012404,3,N,medium,0,medium
C012405,2,N,short,0,medium
C012406,4,N,medium,0,medium
C012407,4,N,medium,0,medium
C012408,3,Y,medium,1,high
C012409,4,N,medium,0,medium
C012410,3,N,medium,0,medium
C012411,3,N,medium,0,medium
C012412,2,N,short,0,medium
C012413,3,N,medium,0,medium
C012414,3,N,medium,0,medium
C012415,4,N,medium,0,medium
C012416,2,Y,short,1,high
C012417,2,N,short,0,medium
C012418,3,N,medium,0,medium
C012419,2,N,short,0,medium
C012420,2,N,short,0,medium
C012421,3,N,medium,0,medium
C012422,3,N,medium,0,medium
C012423,2,N,short,0,medium
C012424,3,N,medium,0,medium
C012425,2,N,short,0,medium
C012426,2,N,short,0,medium
C012427,2,Y,short,1,high
C012428,4,Y,medium,1,high
C012429,4,N,medium,0,medium
C012430,2,Y,short,1,high
C012431,3,N,medium,0,medium
C012432,4,N,medium,0,medium
C012433,4,N,medium,0,medium
C012434,4,N,medium,0,medium
C012435,2,N,short,0,medium
C012436,3,N,medium,0,medium
C012437,2,N,short,0,medium
C012438,4,Y,medium,1,high
C012439,2,Y,short,1,high
C012440,4,N,medium,0,medium
C012441,3,N,medium,0,medium
C012442,2,Y,short,1,high
C012443,4,N,medium,0,medium
C012444,2,N,short,0,medium
C012445,3,Y,medium,1,high
C012446,2,N,short,0,medium
C012447,4,N,medium,0,medium
C012448,4,N,medium,0,medium
C012449,2,N,short,0,medium
C012450,2,N,short,0,medium
C012451,4,N,medium,0,medium
C012452,4,N,medium,0,medium
C012453,2,N,short,0,medium
C012454,3,N,medium,0,medium
C012455,2,N,short,0,medium
C012456,4,N,medium,0,medium
C012457,3,N,medium,0,medium
C012458,2,N,short,0,medium
C012459,2,N,short,0,medium
C012460,4,N,medium,0,medium
C012461,3,N,medium,0,medium
C012462,4,N,medium,0,medium
C012463,4,N,medium,0,medium
C012464,4,Y,medium,1,high
C012465,3,N,medium,0,medium
C012466,3,N,medium,0,medium
C012467,2,N,short,0,medium
C012468,3,N,medium,0,medium
C012469,4,N,medium,0,medium
C012470,2,N,short,0,medium
C012471,3,N,medium,0,medium
C012472,4,N,medium,0,medium
C012473,4,N,medium,0,medium
C012474,3,N,medium,0,medium
C012475,3,N,medium,0,medium
C012476,3,N,medium,0,medium
C012477,3,Y,medium,1,high
C012478,3,N,medium,0,medium
C012479,4,N,medium,0,medium
C012480,4,N,medium,0,medium
C012481,2,Y,short,1,high
C012482,3,N,medium,0,medium
C012483,3,N,medium,0,medium
C012484,2,Y,short,1,high
C012485,2,N,short,0,medium
C012486,3,Y,medium,1,high
C012487,3,Y,medium,1,high
C012488,3,N,medium,0,medium
C012489,3,N,medium,0,medium
C012490,3,N,medium,0,medium
C012491,3,N,medium,0,medium
C012492,2,Y,short,1,high
C012493,3,Y,medium,1,high
C012494,3,N,medium,0,medium
C012495,4,N,medium,0,medium
C012496,3,Y,medium,1,high
C012497,2,N,short,0,medium
C012498,2,Y,short,1,high
C012499,2,N,short,0,medium
C012500,3,N,medium,0,medium
C012501,2,N,short,0,medium
C012502,2,N,short,0,medium
C012503,2,N,short,0,medium
C012504,3,N,medium,0,medium
C012505,4,N,medium,0,medium
C012506,3,N,medium,0,medium
C012507,2,N,short,0,medium
C012508,2,N,short,0,medium
C012509,4,N,medium,0,medium
C012510,2,N,short,0,medium
C012511,3,N,medium,0,medium
C012512,3,Y,medium,1,high
C012513,2,Y,short,1,high
C012514,4,N,medium,0,medium
C012515,3,Y,medium,1,high
C012516,2,Y,short,1,high
C012517,2,N,short,0,medium
C012518,2,N,short,0,medium
C012519,2,Y,short,1,high
C012520,3,N,medium,0,medium
C012521,3,N,medium,0,medium
C012522,4,Y,medium,1,high
C012523,2,Y,short,1,high
C012524,3,N,medium,0,medium
C012525,3,N,medium,0,medium
C012526,3,N,medium,0,medium
C012527,4,N,medium,0,medium
C012528,3,N,medium,0,medium
C012529,4,Y,medium,1,high
C012530,3,N,medium,0,medium
C012531,3,N,medium,0,medium
C012532,3,N,medium,0,medium
C012533,2,N,short,0,medium
C012534,3,Y,medium,1,high
C012535,2,N,short,0,medium
C012536,2,N,short,0,medium
C012537,3,N,medium,0,medium
C012538,4,N,medium,0,medium
C012539,2,N,short,0,medium
C012540,2,N,short,0,medium
C012541,4,N,medium,0,medium
C012542,4,N,medium,0,medium
C012543,3,N,medium,0,medium
C012544,4,N,medium,0,medium
C012545,4,N,medium,0,medium
C012546,4,N,medium,0,medium
C012547,3,N,medium,0,medium
C012548,3,N,medium,0,medium
C012549,3,N,medium,0,medium
C012550,3,N,medium,0,medium
C012551,3,Y,medium,1,high
C012552,3,N,medium,0,medium
C012553,3,N,medium,0,medium
C012554,4,Y,medium,1,high
C012555,3,N,medium,0,medium
C012556,4,N,medium,0,medium
C012557,3,N,medium,0,medium
C012558,2,N,short,0,medium
C012559,2,N,short,0,medium
C012560,4,N,medium,0,medium
C012561,4,N,medium,0,medium
C012562,4,Y,medium,1,high
C012563,4,N,medium,0,medium
C012564,2,N,short,0,medium
C012565,4,N,medium,0,medium
C012566,2,N,short,0,medium
C012567,3,N,medium,0,medium
C012568,2,N,short,0,medium
C012569,2,N,short,0,medium
C012570,3,N,medium,0,medium
C012571,2,Y,short,1,high
C012572,4,Y,medium,1,high
C012573,4,N,medium,0,medium
C012574,3,Y,medium,1,high
C012575,3,N,medium,0,medium
C012576,2,N,short,0,medium
C012577,4,N,medium,0,medium
C012578,2,N,short,0,medium
C012579,2,N,short,0,medium
C012580,4,Y,medium,1,high
C012581,2,N,short,0,medium
C012582,3,N,medium,0,medium
C012583,2,Y,short,1,high
C012584,3,N,medium,0,medium
C012585,4,N,medium,0,medium
C012586,3,N,medium,0,medium
C012587,3,N,medium,0,medium
C012588,3,N,medium,0,medium
C012589,3,N,medium,0,medium
C012590,2,Y,short,1,high
C012591,2,Y,short,1,high
C012592,2,N,short,0,medium
C012593,2,N,short,0,medium
C012594,4,N,medium,0,medium
C012595,4,N,medium,0,medium
C012596,3,Y,medium,1,high
C012597,2,Y,short,1,high
C012598,3,N,medium,0,medium
C012599,4,N,medium,0,medium
C012600,4,N,medium,0,medium
C012601,4,N,medium,0,medium
C012602,2,N,short,0,medium
C012603,3,N,medium,0,medium
C012604,3,N,medium,0,medium
C012605,3,N,medium,0,medium
C012606,4,N,medium,0,medium
C012607,3,Y,medium,1,high
C012608,3,N,medium,0,medium
C012609,2,N,short,0,medium
C012610,3,N,medium,0,medium
C012611,4,Y,medium,1,high
C012612,2,N,short,0,medium
C012613,2,N,short,0,medium
C012614,3,N,medium,0,medium
C012615,3,Y,medium,1,high
C012616,4,N,medium,0,medium
C012617,3,N,medium,0,medium
C012618,2,N,short,0,medium
C012619,3,N,medium,0,medium
C012620,3,N,medium,0,medium
C012621,2,N,short,0,medium
C012622,4,N,medium,0,medium
C012623,3,N,medium,0,medium
C012624,2,Y,short,1,high
C012625,4,N,medium,0,medium
C012626,2,N,short,0,medium
C012627,2,N,short,0,medium
C012628,4,N,medium,0,medium
C012629,4,N,medium,0,medium
C012630,3,N,medium,0,medium
C012631,4,N,medium,0,medium
C012632,2,N,short,0,medium
C012633,3,N,medium,0,medium
C012634,3,N,medium,0,medium
C012635,4,N,medium,0,medium
C012636,2,N,short,0,medium
C012637,2,N,short,0,medium
C012638,3,N,medium,0,medium
C012639,2,N,short,0,medium
C012640,4,N,medium,0,medium
C012641,2,N,short,0,medium
C012642,2,Y,short,1,high
C012643,3,N,medium,0,medium
C012644,2,N,short,0,medium
C012645,2,Y,short,1,high
C012646,2,N,short,0,medium
C012647,4,N,medium,0,medium
C012648,4,N,medium,0,medium
C012649,3,N,medium,0,medium
C012650,4,N,medium,0,medium
C012651,4,N,medium,0,medium
C012652,2,N,short,0,medium
C012653,4,N,medium,0,medium
C012654,3,N,medium,0,medium
C012655,3,N,medium,0,medium
C012656,3,N,medium,0,medium
C012657,4,N,medium,0,medium
C012658,4,N,medium,0,medium
C012659,2,N,short,0,medium
C012660,2,N,short,0,medium
C012661,4,N,medium,0,medium
C012662,2,Y,short,1,high
C012663,3,N,medium,0,medium
C012664,4,N,medium,0,medium
C012665,2,N,short,0,medium
C012666,2,N,short,0,medium
C012667,4,N,medium,0,medium
C012668,3,N,medium,0,medium
C012669,2,N,short,0,medium
C012670,4,N,medium,0,medium
C012671,3,N,medium,0,medium
C012672,3,N,medium,0,medium
C012673,2,N,short,0,medium
C012674,4,N,medium,0,medium
C012675,4,N,medium,0,medium
C012676,2,N,short,0,medium
C012677,3,N,medium,0,medium
C012678,2,Y,short,1,high
C012679,3,N,medium,0,medium
C012680,3,N,medium,0,medium
C012681,4,N,medium,0,medium
C012682,2,N,short,0,medium
C012683,3,N,medium,0,medium
C012684,4,N,medium,0,medium
C012685,3,N,medium,0,medium
C012686,4,N,medium,0,medium
C012687,3,N,medium,0,medium
C012688,2,N,short,0,medium
C012689,2,N,short,0,medium
C012690,4,N,medium,0,medium
C012691,2,N,short,0,medium
C012692,3,N,medium,0,medium
C012693,4,N,medium,0,medium
C012694,4,N,medium,0,medium
C012695,2,N,short,0,medium
C012696,4,N,medium,0,medium
C012697,4,N,medium,0,medium
C012698,4,N,medium,0,medium
C012699,2,Y,short,1,high
C012700,3,N,medium,0,medium
C012701,2,N,short,0,medium
C012702,2,Y,short,1,high
C012703,4,Y,medium,1,high
C012704,2,N,short,0,medium
C012705,3,Y,medium,1,high
C012706,4,N,medium,0,medium
C012707,2,N,short,0,medium
C012708,4,N,medium,0,medium
C012709,4,N,medium,0,medium
C012710,3,N,medium,0,medium
C012711,3,N,medium,0,medium
C012712,4,N,medium,0,medium
C012713,2,N,short,0,medium
C012714,2,Y,short,1,high
C012715,4,N,medium,0,medium
C012716,4,N,medium,0,medium
C012717,2,N,short,0,medium
C012718,4,Y,medium,1,high
C012719,4,N,medium,0,medium
C012720,4,Y,medium,1,high
C012721,3,Y,medium,1,high
C012722,2,N,short,0,medium
C012723,4,N,medium,0,medium
C012724,2,N,short,0,medium
C012725,2,Y,short,1,high
C012726,2,N,short,0,medium
C012727,3,N,medium,0,medium
C012728,3,N,medium,0,medium
C012729,4,N,medium,0,medium
C012730,4,N,medium,0,medium
C012731,4,Y,medium,1,high
C012732,3,N,medium,0,medium
C012733,3,N,medium,0,medium
C012734,2,N,short,0,medium
C012735,2,N,short,0,medium
C012736,2,N,short,0,medium
C012737,4,N,medium,0,medium
C012738,2,N,short,0,medium
C012739,4,N,medium,0,medium
C012740,4,N,medium,0,medium
C012741,3,N,medium,0,medium
C012742,3,N,medium,0,medium
C012743,3,N,medium,0,medium
C012744,4,N,medium,0,medium
C012745,3,N,medium,0,medium
C012746,4,N,medium,0,medium
C012747,2,Y,short,1,high
C012748,4,N,medium,0,medium
C012749,4,N,medium,0,medium
C012750,3,N,medium,0,medium
C012751,2,Y,short,1,high
C012752,2,N,short,0,medium
C012753,4,N,medium,0,medium
C012754,3,N,medium,0,medium
C012755,2,N,short,0,medium
C012756,2,N,short,0,medium
C012757,3,N,medium,0,medium
C012758,3,N,medium,0,medium
C012759,3,Y,medium,1,high
C012760,3,Y,medium,1,high
C012761,4,N,medium,0,medium
C012762,4,N,medium,0,medium
C012763,4,Y,medium,1,high
C012764,3,Y,medium,1,high
C012765,2,Y,short,1,high
C012766,4,N,medium,0,medium
C012767,4,Y,medium,1,high
C012768,3,Y,medium,1,high
C012769,2,N,short,0,medium
C012770,4,N,medium,0,medium
C012771,2,N,short,0,medium
C012772,2,N,short,0,medium
C012773,4,Y,medium,1,high
C012774,4,N,medium,0,medium
C012775,4,Y,medium,1,high
C012776,2,N,short,0,medium
C012777,3,N,medium,0,medium
C012778,2,N,short,0,medium
C012779,4,Y,medium,1,high
C012780,3,N,medium,0,medium
C012781,4,N,medium,0,medium
C012782,4,N,medium,0,medium
C012783,4,N,medium,0,medium
C012784,4,N,medium,0,medium
C012785,2,N,short,0,medium
C012786,3,N,medium,0,medium
C012787,2,N,short,0,medium
C012788,2,N,short,0,medium
C012789,3,N,medium,0,medium
C012790,2,N,short,0,medium
C012791,4,N,medium,0,medium
C012792,4,N,medium,0,medium
C012793,3,N,medium,0,medium
C012794,2,N,short,0,medium
C012795,4,N,medium,0,medium
C012796,2,N,short,0,medium
C012797,3,N,medium,0,medium
C012798,3,N,medium,0,medium
C012799,4,N,medium,0,medium
C012800,4,Y,medium,1,high
C012801,2,N,short,0,medium
C012802,4,N,medium,0,medium
C012803,4,N,medium,0,medium
C012804,2,N,short,0,medium
C012805,3,N,medium,0,medium
C012806,3,N,medium,0,medium
C012807,3,N,medium,0,medium
C012808,2,N,short,0,medium
C012809,3,Y,medium,1,high
C012810,2,N,short,0,medium
C012811,4,Y,medium,1,high
C012812,4,N,medium,0,medium
C012813,3,N,medium,0,medium
C012814,3,N,medium,0,medium
C012815,3,N,medium,0,medium
C012816,3,N,medium,0,medium
C012817,2,N,short,0,medium
C012818,2,N,short,0,medium
C012819,2,N,short,0,medium
C012820,4,N,medium,0,medium
C012821,3,N,medium,0,medium
C012822,3,N,medium,0,medium
C012823,4,N,medium,0,medium
C012824,2,N,short,0,medium
C012825,3,N,medium,0,medium
C012826,4,N,medium,0,medium
C012827,4,N,medium,0,medium
C012828,4,N,medium,0,medium
C012829,4,N,medium,0,medium
C012830,2,N,short,0,medium
C012831,3,N,medium,0,medium
C012832,2,N,short,0,medium
C012833,2,N,short,0,medium
C012834,3,N,medium,0,medium
C012835,4,N,medium,0,medium
C012836,3,N,medium,0,medium
C012837,2,N,short,0,medium
C012838,3,N,medium,0,medium
C012839,4,N,medium,0,medium
C012840,4,N,medium,0,medium
C012841,3,Y,medium,1,high
C012842,3,N,medium,0,medium
C012843,2,N,short,0,medium
C012844,4,N,medium,0,medium
C012845,4,N,medium,0,medium
C012846,3,N,medium,0,medium
C012847,4,N,medium,0,medium
C012848,2,Y,short,1,high
C012849,2,N,short,0,medium
C012850,2,Y,short,1,high
C012851,4,N,medium,0,medium
C012852,4,N,medium,0,medium
C012853,2,N,short,0,medium
C012854,4,N,medium,0,medium
C012855,2,N,short,0,medium
C012856,4,Y,medium,1,high
C012857,4,N,medium,0,medium
C012858,4,Y,medium,1,high
C012859,4,Y,medium,1,high
C012860,3,N,medium,0,medium
C012861,2,N,short,0,medium
C012862,2,N,short,0,medium
C012863,4,N,medium,0,medium
C012864,3,N,medium,0,medium
C012865,2,N,short,0,medium
C012866,2,N,short,0,medium
C012867,2,Y,short,1,high
C012868,2,Y,short,1,high
C012869,2,N,short,0,medium
C012870,3,Y,medium,1,high
C012871,3,N,medium,0,medium
C012872,3,N,medium,0,medium
C012873,4,N,medium,0,medium
C012874,2,Y,short,1,high
C012875,3,N,medium,0,medium
C012876,3,N,medium,0,medium
C012877,3,N,medium,0,medium
C012878,4,N,medium,0,medium
C012879,2,Y,short,1,high
C012880,2,N,short,0,medium
C012881,3,N,medium,0,medium
C012882,2,N,short,0,medium
C012883,2,N,short,0,medium
C012884,4,N,medium,0,medium
C012885,3,N,medium,0,medium
C012886,2,N,short,0,medium
C012887,3,N,medium,0,medium
C012888,3,N,medium,0,medium
C012889,4,N,medium,0,medium
C012890,3,N,medium,0,medium
C012891,3,N,medium,0,medium
C012892,3,N,medium,0,medium
C012893,3,N,medium,0,medium
C012894,2,N,short,0,medium
C012895,4,Y,medium,1,high
C012896,4,N,medium,0,medium
C012897,2,Y,short,1,high
C012898,3,N,medium,0,medium
C012899,3,Y,medium,1,high
C012900,2,N,short,0,medium
C012901,2,N,short,0,medium
C012902,3,N,medium,0,medium
C012903,2,N,short,0,medium
C012904,4,N,medium,0,medium
C012905,2,Y,short,1,high
C012906,3,N,medium,0,medium
C012907,4,N,medium,0,medium
C012908,4,N,medium,0,medium
C012909,2,N,short,0,medium
C012910,2,N,short,0,medium
C012911,2,Y,short,1,high
C012912,4,N,medium,0,medium
C012913,2,N,short,0,medium
C012914,2,N,short,0,medium
C012915,2,N,short,0,medium
C012916,2,Y,short,1,high
C012917,3,Y,medium,1,high
C012918,2,N,short,0,medium
C012919,2,N,short,0,medium
C012920,2,N,short,0,medium
C012921,2,Y,short,1,high
C012922,4,Y,medium,1,high
C012923,4,N,medium,0,medium
C012924,3,N,medium,0,medium
C012925,2,N,short,0,medium
C012926,3,Y,medium,1,high
C012927,3,N,medium,0,medium
C012928,4,N,medium,0,medium
C012929,4,N,medium,0,medium
C012930,4,N,medium,0,medium
C012931,4,N,medium,0,medium
C012932,2,N,short,0,medium
C012933,4,N,medium,0,medium
C012934,3,N,medium,0,medium
C012935,2,Y,short,1,high
C012936,4,N,medium,0,medium
C012937,4,N,medium,0,medium
C012938,2,N,short,0,medium
C012939,4,N,medium,0,medium
C012940,3,N,medium,0,medium
C012941,3,Y,medium,1,high
C012942,2,N,short,0,medium
C012943,4,N,medium,0,medium
C012944,2,N,short,0,medium
C012945,4,N,medium,0,medium
C012946,3,N,medium,0,medium
C012947,2,N,short,0,medium
C012948,2,N,short,0,medium
C012949,3,N,medium,0,medium
C012950,3,N,medium,0,medium
C012951,2,Y,short,1,high
C012952,4,N,medium,0,medium
C012953,3,N,medium,0,medium
C012954,3,N,medium,0,medium
C012955,4,N,medium,0,medium
C012956,2,N,short,0,medium
C012957,3,N,medium,0,medium
C012958,4,Y,medium,1,high
C012959,4,N,medium,0,medium
C012960,4,Y,medium,1,high
C012961,2,N,short,0,medium
C012962,4,N,medium,0,medium
C012963,4,N,medium,0,medium
C012964,3,N,medium,0,medium
C012965,2,N,short,0,medium
C012966,3,N,medium,0,medium
C012967,3,N,medium,0,medium
C012968,4,N,medium,0,medium
C012969,4,N,medium,0,medium
C012970,3,N,medium,0,medium
C012971,4,N,medium,0,medium
C012972,4,N,medium,0,medium
C012973,4,N,medium,0,medium
C012974,3,N,medium,0,medium
C012975,3,N,medium,0,medium
C012976,4,N,medium,0,medium
C012977,3,N,medium,0,medium
C012978,4,N,medium,0,medium
C012979,3,N,medium,0,medium
C012980,3,Y,medium,1,high
C012981,3,N,medium,0,medium
C012982,2,N,short,0,medium
C012983,3,N,medium,0,medium
C012984,2,N,short,0,medium
C012985,2,N,short,0,medium
C012986,4,N,medium,0,medium
C012987,4,N,medium,0,medium
C012988,2,N,short,0,medium
C012989,3,N,medium,0,medium
C012990,4,N,medium,0,medium
C012991,3,Y,medium,1,high
C012992,4,N,medium,0,medium
C012993,2,N,short,0,medium
C012994,3,N,medium,0,medium
C012995,2,N,short,0,medium
C012996,3,N,medium,0,medium
C012997,3,N,medium,0,medium
C012998,2,N,short,0,medium
C012999,2,Y,short,1,high
C013000,2,N,short,0,medium
C013001,2,N,short,0,medium
C013002,4,N,medium,0,medium
C013003,3,N,medium,0,medium
C013004,4,N,medium,0,medium
C013005,2,N,short,0,medium
C013006,3,N,medium,0,medium
C013007,4,N,medium,0,medium
C013008,3,N,medium,0,medium
C013009,2,N,short,0,medium
C013010,4,N,medium,0,medium
C013011,4,N,medium,0,medium
C013012,2,N,short,0,medium
C013013,4,N,medium,0,medium
C013014,4,N,medium,0,medium
C013015,2,N,short,0,medium
C013016,3,N,medium,0,medium
C013017,4,N,medium,0,medium
C013018,4,Y,medium,1,high
C013019,2,N,short,0,medium
C013020,4,Y,medium,1,high
C013021,3,N,medium,0,medium
C013022,2,N,short,0,medium
C013023,4,N,medium,0,medium
C013024,3,N,medium,0,medium
C013025,3,N,medium,0,medium
C013026,2,N,short,0,medium
C013027,4,N,medium,0,medium
C013028,2,N,short,0,medium
C013029,3,N,medium,0,medium
C013030,4,Y,medium,1,high
C013031,2,Y,short,1,high
C013032,2,N,short,0,medium
C013033,4,N,medium,0,medium
C013034,2,N,short,0,medium
C013035,2,N,short,0,medium
C013036,2,N,short,0,medium
C013037,3,N,medium,0,medium
C013038,3,N,medium,0,medium
C013039,2,Y,short,1,high
C013040,3,Y,medium,1,high
C013041,4,N,medium,0,medium
C013042,2,N,short,0,medium
C013043,3,N,medium,0,medium
C013044,3,N,medium,0,medium
C013045,4,N,medium,0,medium
C013046,3,N,medium,0,medium
C013047,4,N,medium,0,medium
C013048,3,Y,medium,1,high
C013049,2,N,short,0,medium
C013050,3,N,medium,0,medium
C013051,3,Y,medium,1,high
C013052,2,Y,short,1,high
C013053,3,N,medium,0,medium
C013054,3,N,medium,0,medium
C013055,2,N,short,0,medium
C013056,3,N,medium,0,medium
C013057,2,N,short,0,medium
C013058,4,N,medium,0,medium
C013059,4,Y,medium,1,high
C013060,4,N,medium,0,medium
C013061,4,N,medium,0,medium
C013062,2,N,short,0,medium
C013063,3,Y,medium,1,high
C013064,2,N,short,0,medium
C013065,4,N,medium,0,medium
C013066,4,N,medium,0,medium
C013067,3,Y,medium,1,high
C013068,2,N,short,0,medium
C013069,2,Y,short,1,high
C013070,3,N,medium,0,medium
C013071,2,N,short,0,medium
C013072,4,N,medium,0,medium
C013073,3,Y,medium,1,high
C013074,2,N,short,0,medium
C013075,4,Y,medium,1,high
C013076,2,N,short,0,medium
C013077,4,N,medium,0,medium
C013078,4,N,medium,0,medium
C013079,4,N,medium,0,medium
C013080,3,N,medium,0,medium
C013081,3,N,medium,0,medium
C013082,3,N,medium,0,medium
C013083,3,N,medium,0,medium
C013084,2,N,short,0,medium
C013085,3,N,medium,0,medium
C013086,2,Y,short,1,high
C013087,4,N,medium,0,medium
C013088,4,N,medium,0,medium
C013089,2,N,short,0,medium
C013090,3,N,medium,0,medium
C013091,4,N,medium,0,medium
C013092,3,N,medium,0,medium
C013093,4,Y,medium,1,high
C013094,2,Y,short,1,high
C013095,3,N,medium,0,medium
C013096,4,N,medium,0,medium
C013097,3,N,medium,0,medium
C013098,2,N,short,0,medium
C013099,3,N,medium,0,medium
C013100,2,N,short,0,medium
C013101,2,N,short,0,medium
C013102,4,N,medium,0,medium
C013103,4,Y,medium,1,high
C013104,2,N,short,0,medium
C013105,3,N,medium,0,medium
C013106,2,N,short,0,medium
C013107,4,N,medium,0,medium
C013108,4,N,medium,0,medium
C013109,4,N,medium,0,medium
C013110,2,N,short,0,medium
C013111,3,N,medium,0,medium
C013112,4,N,medium,0,medium
C013113,4,N,medium,0,medium
C013114,3,N,medium,0,medium
C013115,4,N,medium,0,medium
C013116,3,N,medium,0,medium
C013117,3,Y,medium,1,high
C013118,3,Y,medium,1,high
C013119,3,Y,medium,1,high
C013120,4,N,medium,0,medium
C013121,2,N,short,0,medium
C013122,3,Y,medium,1,high
C013123,2,N,short,0,medium
C013124,2,N,short,0,medium
C013125,4,N,medium,0,medium
C013126,4,N,medium,0,medium
C013127,2,N,short,0,medium
C013128,4,N,medium,0,medium
C013129,3,N,medium,0,medium
C013130,3,N,medium,0,medium
C013131,4,N,medium,0,medium
C013132,3,N,medium,0,medium
C013133,2,N,short,0,medium
C013134,2,N,short,0,medium
C013135,3,N,medium,0,medium
C013136,2,N,short,0,medium
C013137,2,N,short,0,medium
C013138,3,N,medium,0,medium
C013139,4,N,medium,0,medium
C013140,4,N,medium,0,medium
C013141,4,N,medium,0,medium
C013142,4,N,medium,0,medium
C013143,3,N,medium,0,medium
C013144,4,Y,medium,1,high
C013145,2,N,short,0,medium
C013146,4,N,medium,0,medium
C013147,4,N,medium,0,medium
C013148,3,N,medium,0,medium
C013149,2,Y,short,1,high
C013150,2,N,short,0,medium
C013151,2,N,short,0,medium
C013152,3,Y,medium,1,high
C013153,2,N,short,0,medium
C013154,2,N,short,0,medium
C013155,4,N,medium,0,medium
C013156,2,Y,short,1,high
C013157,2,N,short,0,medium
C013158,2,N,short,0,medium
C013159,3,N,medium,0,medium
C013160,2,Y,short,1,high
C013161,2,N,short,0,medium
C013162,4,Y,medium,1,high
C013163,4,N,medium,0,medium
C013164,2,N,short,0,medium
C013165,4,N,medium,0,medium
C013166,3,N,medium,0,medium
C013167,3,N,medium,0,medium
C013168,2,N,short,0,medium
C013169,4,N,medium,0,medium
C013170,4,N,medium,0,medium
C013171,4,N,medium,0,medium
C013172,2,N,short,0,medium
C013173,4,N,medium,0,medium
C013174,2,N,short,0,medium
C013175,2,N,short,0,medium
C013176,2,N,short,0,medium
C013177,3,Y,medium,1,high
C013178,4,N,medium,0,medium
C013179,2,N,short,0,medium
C013180,4,N,medium,0,medium
C013181,3,Y,medium,1,high
C013182,3,N,medium,0,medium
C013183,3,N,medium,0,medium
C013184,2,N,short,0,medium
C013185,4,N,medium,0,medium
C013186,3,N,medium,0,medium
C013187,2,N,short,0,medium
C013188,4,N,medium,0,medium
C013189,3,N,medium,0,medium
C013190,4,N,medium,0,medium
C013191,4,N,medium,0,medium
C013192,3,N,medium,0,medium
C013193,4,N,medium,0,medium
C013194,4,N,medium,0,medium
C013195,2,Y,short,1,high
C013196,2,N,short,0,medium
C013197,2,Y,short,1,high
C013198,2,N,short,0,medium
C013199,3,N,medium,0,medium
C013200,4,N,medium,0,medium
C013201,2,N,short,0,medium
C013202,3,N,medium,0,medium
C013203,3,N,medium,0,medium
C013204,4,N,medium,0,medium
C013205,3,N,medium,0,medium
C013206,3,N,medium,0,medium
C013207,2,N,short,0,medium
C013208,4,N,medium,0,medium
C013209,3,N,medium,0,medium
C013210,2,N,short,0,medium
C013211,4,N,medium,0,medium
C013212,2,N,short,0,medium
C013213,3,N,medium,0,medium
C013214,3,N,medium,0,medium
C013215,4,N,medium,0,medium
C013216,4,N,medium,0,medium
C013217,2,N,short,0,medium
C013218,2,N,short,0,medium
C013219,4,N,medium,0,medium
C013220,4,N,medium,0,medium
C013221,2,N,short,0,medium
C013222,3,N,medium,0,medium
C013223,4,N,medium,0,medium
C013224,2,N,short,0,medium
C013225,4,N,medium,0,medium
C013226,2,N,short,0,medium
C013227,2,N,short,0,medium
C013228,3,N,medium,0,medium
C013229,3,N,medium,0,medium
C013230,3,N,medium,0,medium
C013231,2,N,short,0,medium
C013232,4,N,medium,0,medium
C013233,3,N,medium,0,medium
C013234,3,N,medium,0,medium
C013235,2,N,short,0,medium
C013236,4,Y,medium,1,high
C013237,4,N,medium,0,medium
C013238,3,N,medium,0,medium
C013239,2,N,short,0,medium
C013240,2,N,short,0,medium
C013241,4,N,medium,0,medium
C013242,4,N,medium,0,medium
C013243,2,N,short,0,medium
C013244,2,N,short,0,medium
C013245,3,Y,medium,1,high
C013246,4,Y,medium,1,high
C013247,2,N,short,0,medium
C013248,2,N,short,0,medium
C013249,4,N,medium,0,medium
C013250,4,N,medium,0,medium
C013251,3,N,medium,0,medium
C013252,2,N,short,0,medium
C013253,4,N,medium,0,medium
C013254,2,N,short,0,medium
C013255,3,N,medium,0,medium
C013256,3,N,medium,0,medium
C013257,3,N,medium,0,medium
C013258,3,N,medium,0,medium
C013259,2,Y,short,1,high
C013260,4,N,medium,0,medium
C013261,3,Y,medium,1,high
C013262,3,N,medium,0,medium
C013263,3,N,medium,0,medium
C013264,3,N,medium,0,medium
C013265,4,N,medium,0,medium
C013266,2,N,short,0,medium
C013267,2,N,short,0,medium
C013268,3,Y,medium,1,high
C013269,4,N,medium,0,medium
C013270,2,N,short,0,medium
C013271,2,Y,short,1,high
C013272,4,N,medium,0,medium
C013273,2,Y,short,1,high
C013274,2,N,short,0,medium
C013275,2,Y,short,1,high
C013276,3,N,medium,0,medium
C013277,4,N,medium,0,medium
C013278,4,N,medium,0,medium
C013279,4,N,medium,0,medium
C013280,4,N,medium,0,medium
C013281,4,N,medium,0,medium
C013282,4,N,medium,0,medium
C013283,4,N,medium,0,medium
C013284,3,N,medium,0,medium
C013285,2,N,short,0,medium
C013286,4,N,medium,0,medium
C013287,3,N,medium,0,medium
C013288,4,N,medium,0,medium
C013289,3,N,medium,0,medium
C013290,4,N,medium,0,medium
C013291,4,N,medium,0,medium
C013292,4,N,medium,0,medium
C013293,3,Y,medium,1,high
C013294,4,N,medium,0,medium
C013295,2,N,short,0,medium
C013296,3,N,medium,0,medium
C013297,2,N,short,0,medium
C013298,4,N,medium,0,medium
C013299,3,N,medium,0,medium
C013300,3,Y,medium,1,high
C013301,3,Y,medium,1,high
C013302,2,N,short,0,medium
C013303,3,N,medium,0,medium
C013304,4,N,medium,0,medium
C013305,4,N,medium,0,medium
C013306,2,N,short,0,medium
C013307,4,N,medium,0,medium
C013308,2,N,short,0,medium
C013309,2,N,short,0,medium
C013310,3,N,medium,0,medium
C013311,4,N,medium,0,medium
C013312,4,N,medium,0,medium
C013313,2,Y,short,1,high
C013314,4,N,medium,0,medium
C013315,4,N,medium,0,medium
C013316,4,N,medium,0,medium
C013317,3,N,medium,0,medium
C013318,3,Y,medium,1,high
C013319,3,N,medium,0,medium
C013320,3,N,medium,0,medium
C013321,4,N,medium,0,medium
C013322,2,Y,short,1,high
C013323,4,N,medium,0,medium
C013324,3,N,medium,0,medium
C013325,4,N,medium,0,medium
C013326,3,N,medium,0,medium
C013327,3,N,medium,0,medium
C013328,3,N,medium,0,medium
C013329,2,N,short,0,medium
C013330,3,N,medium,0,medium
C013331,4,N,medium,0,medium
C013332,3,N,medium,0,medium
C013333,2,N,short,0,medium
C013334,3,Y,medium,1,high
C013335,2,N,short,0,medium
C013336,3,N,medium,0,medium
C013337,4,N,medium,0,medium
C013338,2,N,short,0,medium
C013339,2,Y,short,1,high
C013340,3,Y,medium,1,high
C013341,2,Y,short,1,high
C013342,4,N,medium,0,medium
C013343,4,Y,medium,1,high
C013344,4,N,medium,0,medium
C013345,2,N,short,0,medium
C013346,3,Y,medium,1,high
C013347,4,N,medium,0,medium
C013348,4,N,medium,0,medium
C013349,3,N,medium,0,medium
C013350,2,N,short,0,medium
C013351,2,Y,short,1,high
C013352,3,N,medium,0,medium
C013353,2,N,short,0,medium
C013354,4,N,medium,0,medium
C013355,2,N,short,0,medium
C013356,3,N,medium,0,medium
C013357,4,Y,medium,1,high
C013358,4,N,medium,0,medium
C013359,4,N,medium,0,medium
C013360,2,N,short,0,medium
C013361,2,N,short,0,medium
C013362,4,N,medium,0,medium
C013363,4,N,medium,0,medium
C013364,2,N,short,0,medium
C013365,3,N,medium,0,medium
C013366,4,Y,medium,1,high
C013367,2,N,short,0,medium
C013368,2,N,short,0,medium
C013369,4,N,medium,0,medium
C013370,3,N,medium,0,medium
C013371,2,N,short,0,medium
C013372,2,Y,short,1,high
C013373,4,N,medium,0,medium
C013374,4,Y,medium,1,high
C013375,3,N,medium,0,medium
C013376,3,N,medium,0,medium
C013377,4,Y,medium,1,high
C013378,3,N,medium,0,medium
C013379,2,N,short,0,medium
C013380,4,N,medium,0,medium
C013381,3,N,medium,0,medium
C013382,4,N,medium,0,medium
C013383,2,N,short,0,medium
C013384,2,N,short,0,medium
C013385,4,N,medium,0,medium
C013386,3,N,medium,0,medium
C013387,3,N,medium,0,medium
C013388,3,N,medium,0,medium
C013389,3,N,medium,0,medium
C013390,2,N,short,0,medium
C013391,2,N,short,0,medium
C013392,2,N,short,0,medium
C013393,4,N,medium,0,medium
C013394,4,N,medium,0,medium
C013395,2,N,short,0,medium
C013396,2,N,short,0,medium
C013397,4,Y,medium,1,high
C013398,4,N,medium,0,medium
C013399,3,N,medium,0,medium
C013400,4,N,medium,0,medium
C013401,3,N,medium,0,medium
C013402,4,N,medium,0,medium
C013403,4,N,medium,0,medium
C013404,4,N,medium,0,medium
C013405,4,Y,medium,1,high
C013406,3,N,medium,0,medium
C013407,3,N,medium,0,medium
C013408,3,Y,medium,1,high
C013409,2,N,short,0,medium
C013410,2,N,short,0,medium
C013411,4,N,medium,0,medium
C013412,2,N,short,0,medium
C013413,4,N,medium,0,medium
C013414,2,N,short,0,medium
C013415,4,N,medium,0,medium
C013416,2,Y,short,1,high
C013417,4,N,medium,0,medium
C013418,2,N,short,0,medium
C013419,3,N,medium,0,medium
C013420,4,Y,medium,1,high
C013421,3,N,medium,0,medium
C013422,4,Y,medium,1,high
C013423,2,Y,short,1,high
C013424,3,N,medium,0,medium
C013425,2,N,short,0,medium
C013426,2,Y,short,1,high
C013427,2,N,short,0,medium
C013428,3,Y,medium,1,high
C013429,3,N,medium,0,medium
C013430,2,N,short,0,medium
C013431,2,N,short,0,medium
C013432,2,N,short,0,medium
C013433,4,N,medium,0,medium
C013434,3,Y,medium,1,high
C013435,3,N,medium,0,medium
C013436,2,N,short,0,medium
C013437,2,N,short,0,medium
C013438,3,N,medium,0,medium
C013439,3,N,medium,0,medium
C013440,2,N,short,0,medium
C013441,3,Y,medium,1,high
C013442,3,N,medium,0,medium
C013443,4,N,medium,0,medium
C013444,3,Y,medium,1,high
C013445,2,N,short,0,medium
C013446,3,N,medium,0,medium
C013447,2,N,short,0,medium
C013448,4,Y,medium,1,high
C013449,3,Y,medium,1,high
C013450,2,N,short,0,medium
C013451,3,N,medium,0,medium
C013452,2,N,short,0,medium
C013453,2,N,short,0,medium
C013454,3,N,medium,0,medium
C013455,2,N,short,0,medium
C013456,4,N,medium,0,medium
C013457,2,N,short,0,medium
C013458,2,N,short,0,medium
C013459,2,Y,short,1,high
C013460,4,N,medium,0,medium
C013461,4,Y,medium,1,high
C013462,4,N,medium,0,medium
C013463,2,N,short,0,medium
C013464,2,Y,short,1,high
C013465,4,Y,medium,1,high
C013466,4,N,medium,0,medium
C013467,2,N,short,0,medium
C013468,2,N,short,0,medium
C013469,3,N,medium,0,medium
C013470,3,N,medium,0,medium
C013471,2,Y,short,1,high
C013472,3,Y,medium,1,high
C013473,2,N,short,0,medium
C013474,4,Y,medium,1,high
C013475,2,N,short,0,medium
C013476,3,N,medium,0,medium
C013477,2,N,short,0,medium
C013478,2,N,short,0,medium
C013479,4,N,medium,0,medium
C013480,2,N,short,0,medium
C013481,2,Y,short,1,high
C013482,4,N,medium,0,medium
C013483,4,N,medium,0,medium
C013484,2,Y,short,1,high
C013485,3,Y,medium,1,high
C013486,4,N,medium,0,medium
C013487,2,N,short,0,medium
C013488,2,N,short,0,medium
C013489,2,N,short,0,medium
C013490,4,N,medium,0,medium
C013491,3,Y,medium,1,high
C013492,3,N,medium,0,medium
C013493,4,N,medium,0,medium
C013494,2,N,short,0,medium
C013495,3,N,medium,0,medium
C013496,4,N,medium,0,medium
C013497,2,N,short,0,medium
C013498,3,N,medium,0,medium
C013499,4,N,medium,0,medium
C013500,2,Y,short,1,high
C013501,2,N,short,0,medium
C013502,2,N,short,0,medium
C013503,2,Y,short,1,high
C013504,3,N,medium,0,medium
C013505,3,N,medium,0,medium
C013506,2,N,short,0,medium
C013507,4,N,medium,0,medium
C013508,2,N,short,0,medium
C013509,2,N,short,0,medium
C013510,4,N,medium,0,medium
C013511,4,N,medium,0,medium
C013512,2,N,short,0,medium
C013513,4,Y,medium,1,high
C013514,3,N,medium,0,medium
C013515,2,N,short,0,medium
C013516,2,N,short,0,medium
C013517,4,N,medium,0,medium
C013518,4,N,medium,0,medium
C013519,3,N,medium,0,medium
C013520,2,N,short,0,medium
C013521,3,N,medium,0,medium
C013522,4,N,medium,0,medium
C013523,3,N,medium,0,medium
C013524,3,N,medium,0,medium
C013525,4,N,medium,0,medium
C013526,2,N,short,0,medium
C013527,3,N,medium,0,medium
C013528,2,N,short,0,medium
C013529,4,N,medium,0,medium
C013530,2,N,short,0,medium
C013531,3,N,medium,0,medium
C013532,4,Y,medium,1,high
C013533,2,N,short,0,medium
C013534,4,N,medium,0,medium
C013535,4,N,medium,0,medium
C013536,3,N,medium,0,medium
C013537,4,N,medium,0,medium
C013538,3,N,medium,0,medium
C013539,3,N,medium,0,medium
C013540,3,N,medium,0,medium
C013541,2,N,short,0,medium
C013542,4,N,medium,0,medium
C013543,2,N,short,0,medium
C013544,3,N,medium,0,medium
C013545,2,N,short,0,medium
C013546,3,Y,medium,1,high
C013547,3,N,medium,0,medium
C013548,4,N,medium,0,medium
C013549,2,Y,short,1,high
C013550,4,N,medium,0,medium
C013551,4,Y,medium,1,high
C013552,3,N,medium,0,medium
C013553,2,N,short,0,medium
C013554,2,N,short,0,medium
C013555,4,N,medium,0,medium
C013556,3,N,medium,0,medium
C013557,4,N,medium,0,medium
C013558,3,Y,medium,1,high
C013559,2,N,short,0,medium
C013560,3,N,medium,0,medium
C013561,2,N,short,0,medium
C013562,4,N,medium,0,medium
C013563,2,N,short,0,medium
C013564,4,N,medium,0,medium
C013565,2,N,short,0,medium
C013566,3,N,medium,0,medium
C013567,3,Y,medium,1,high
C013568,3,N,medium,0,medium
C013569,4,Y,medium,1,high
C013570,2,N,short,0,medium
C013571,3,N,medium,0,medium
C013572,2,N,short,0,medium
C013573,4,N,medium,0,medium
C013574,4,N,medium,0,medium
C013575,4,N,medium,0,medium
C013576,4,Y,medium,1,high
C013577,3,N,medium,0,medium
C013578,4,N,medium,0,medium
C013579,2,N,short,0,medium
C013580,4,N,medium,0,medium
C013581,2,N,short,0,medium
C013582,2,N,short,0,medium
C013583,3,Y,medium,1,high
C013584,4,N,medium,0,medium
C013585,2,N,short,0,medium
C013586,2,N,short,0,medium
C013587,3,N,medium,0,medium
C013588,2,N,short,0,medium
C013589,3,Y,medium,1,high
C013590,4,N,medium,0,medium
C013591,2,N,short,0,medium
C013592,3,N,medium,0,medium
C013593,4,N,medium,0,medium
C013594,3,N,medium,0,medium
C013595,4,N,medium,0,medium
C013596,2,N,short,0,medium
C013597,2,N,short,0,medium
C013598,2,N,short,0,medium
C013599,4,N,medium,0,medium
C013600,4,N,medium,0,medium
C013601,2,N,short,0,medium
C013602,3,Y,medium,1,high
C013603,4,N,medium,0,medium
C013604,2,N,short,0,medium
C013605,3,N,medium,0,medium
C013606,2,N,short,0,medium
C013607,3,N,medium,0,medium
C013608,4,Y,medium,1,high
C013609,3,N,medium,0,medium
C013610,4,N,medium,0,medium
C013611,4,N,medium,0,medium
C013612,3,N,medium,0,medium
C013613,4,N,medium,0,medium
C013614,4,N,medium,0,medium
C013615,4,N,medium,0,medium
C013616,4,Y,medium,1,high
C013617,4,Y,medium,1,high
C013618,4,N,medium,0,medium
C013619,4,N,medium,0,medium
C013620,4,N,medium,0,medium
C013621,4,N,medium,0,medium
C013622,2,N,short,0,medium
C013623,2,N,short,0,medium
C013624,4,N,medium,0,medium
C013625,4,N,medium,0,medium
C013626,2,Y,short,1,high
C013627,2,N,short,0,medium
C013628,2,N,short,0,medium
C013629,4,N,medium,0,medium
C013630,2,N,short,0,medium
C013631,4,Y,medium,1,high
C013632,3,Y,medium,1,high
C013633,3,N,medium,0,medium
C013634,3,N,medium,0,medium
C013635,2,N,short,0,medium
C013636,3,N,medium,0,medium
C013637,3,Y,medium,1,high
C013638,3,N,medium,0,medium
C013639,3,N,medium,0,medium
C013640,2,Y,short,1,high
C013641,2,Y,short,1,high
C013642,3,Y,medium,1,high
C013643,2,N,short,0,medium
C013644,2,Y,short,1,high
C013645,3,N,medium,0,medium
C013646,4,N,medium,0,medium
C013647,2,N,short,0,medium
C013648,4,N,medium,0,medium
C013649,4,Y,medium,1,high
C013650,3,N,medium,0,medium
C013651,2,N,short,0,medium
C013652,3,N,medium,0,medium
C013653,3,Y,medium,1,high
C013654,2,Y,short,1,high
C013655,2,N,short,0,medium
C013656,4,N,medium,0,medium
C013657,4,Y,medium,1,high
C013658,4,Y,medium,1,high
C013659,2,N,short,0,medium
C013660,4,N,medium,0,medium
C013661,4,N,medium,0,medium
C013662,3,N,medium,0,medium
C013663,4,N,medium,0,medium
C013664,3,N,medium,0,medium
C013665,2,N,short,0,medium
C013666,4,N,medium,0,medium
C013667,4,N,medium,0,medium
C013668,4,Y,medium,1,high
C013669,4,N,medium,0,medium
C013670,2,N,short,0,medium
C013671,2,N,short,0,medium
C013672,2,N,short,0,medium
C013673,3,N,medium,0,medium
C013674,4,Y,medium,1,high
C013675,2,N,short,0,medium
C013676,4,N,medium,0,medium
C013677,3,Y,medium,1,high
C013678,3,N,medium,0,medium
C013679,4,N,medium,0,medium
C013680,2,Y,short,1,high
C013681,3,N,medium,0,medium
C013682,4,Y,medium,1,high
C013683,3,N,medium,0,medium
C013684,2,N,short,0,medium
C013685,2,N,short,0,medium
C013686,3,N,medium,0,medium
C013687,4,N,medium,0,medium
C013688,2,N,short,0,medium
C013689,3,Y,medium,1,high
C013690,3,N,medium,0,medium
C013691,2,N,short,0,medium
C013692,3,N,medium,0,medium
C013693,4,Y,medium,1,high
C013694,4,N,medium,0,medium
C013695,3,N,medium,0,medium
C013696,3,N,medium,0,medium
C013697,4,N,medium,0,medium
C013698,4,N,medium,0,medium
C013699,3,N,medium,0,medium
C013700,4,N,medium,0,medium
C013701,4,N,medium,0,medium
C013702,2,N,short,0,medium
C013703,2,N,short,0,medium
C013704,3,N,medium,0,medium
C013705,4,N,medium,0,medium
C013706,2,N,short,0,medium
C013707,4,N,medium,0,medium
C013708,4,Y,medium,1,high
C013709,3,N,medium,0,medium
C013710,4,N,medium,0,medium
C013711,2,N,short,0,medium
C013712,4,N,medium,0,medium
C013713,4,N,medium,0,medium
C013714,4,N,medium,0,medium
C013715,2,Y,short,1,high
C013716,3,N,medium,0,medium
C013717,4,N,medium,0,medium
C013718,3,N,medium,0,medium
C013719,3,N,medium,0,medium
C013720,2,N,short,0,medium
C013721,3,N,medium,0,medium
C013722,3,N,medium,0,medium
C013723,4,N,medium,0,medium
C013724,3,N,medium,0,medium
C013725,2,N,short,0,medium
C013726,3,N,medium,0,medium
C013727,4,N,medium,0,medium
C013728,2,N,short,0,medium
C013729,4,N,medium,0,medium
C013730,4,N,medium,0,medium
C013731,4,N,medium,0,medium
C013732,4,N,medium,0,medium
C013733,4,N,medium,0,medium
C013734,3,N,medium,0,medium
C013735,2,N,short,0,medium
C013736,2,N,short,0,medium
C013737,3,N,medium,0,medium
C013738,2,Y,short,1,high
C013739,2,N,short,0,medium
C013740,3,N,medium,0,medium
C013741,4,N,medium,0,medium
C013742,4,Y,medium,1,high
C013743,4,N,medium,0,medium
C013744,2,N,short,0,medium
C013745,4,N,medium,0,medium
C013746,3,Y,medium,1,high
C013747,4,Y,medium,1,high
C013748,3,N,medium,0,medium
C013749,4,N,medium,0,medium
C013750,4,N,medium,0,medium
C013751,2,Y,short,1,high
C013752,3,N,medium,0,medium
C013753,3,N,medium,0,medium
C013754,2,Y,short,1,high
C013755,3,N,medium,0,medium
C013756,4,N,medium,0,medium
C013757,3,N,medium,0,medium
C013758,3,N,medium,0,medium
C013759,4,N,medium,0,medium
C013760,2,N,short,0,medium
C013761,4,N,medium,0,medium
C013762,3,N,medium,0,medium
C013763,3,N,medium,0,medium
C013764,4,N,medium,0,medium
C013765,3,N,medium,0,medium
C013766,3,N,medium,0,medium
C013767,4,N,medium,0,medium
C013768,2,N,short,0,medium
C013769,3,N,medium,0,medium
C013770,3,N,medium,0,medium
C013771,4,N,medium,0,medium
C013772,2,N,short,0,medium
C013773,3,N,medium,0,medium
C013774,4,N,medium,0,medium
C013775,2,N,short,0,medium
C013776,3,N,medium,0,medium
C013777,3,N,medium,0,medium
C013778,3,N,medium,0,medium
C013779,2,N,short,0,medium
C013780,3,N,medium,0,medium
C013781,4,N,medium,0,medium
C013782,4,N,medium,0,medium
C013783,3,Y,medium,1,high
C013784,4,N,medium,0,medium
C013785,3,Y,medium,1,high
C013786,3,Y,medium,1,high
C013787,3,N,medium,0,medium
C013788,4,N,medium,0,medium
C013789,3,N,medium,0,medium
C013790,3,N,medium,0,medium
C013791,4,N,medium,0,medium
C013792,4,N,medium,0,medium
C013793,2,N,short,0,medium
C013794,4,N,medium,0,medium
C013795,2,N,short,0,medium
C013796,4,N,medium,0,medium
C013797,2,N,short,0,medium
C013798,3,N,medium,0,medium
C013799,2,N,short,0,medium
C013800,4,Y,medium,1,high
C013801,4,N,medium,0,medium
C013802,2,N,short,0,medium
C013803,3,N,medium,0,medium
C013804,3,N,medium,0,medium
C013805,2,N,short,0,medium
C013806,4,N,medium,0,medium
C013807,3,Y,medium,1,high
C013808,3,N,medium,0,medium
C013809,4,N,medium,0,medium
C013810,4,N,medium,0,medium
C013811,4,Y,medium,1,high
C013812,2,N,short,0,medium
C013813,2,N,short,0,medium
C013814,3,N,medium,0,medium
C013815,2,N,short,0,medium
C013816,3,N,medium,0,medium
C013817,2,N,short,0,medium
C013818,3,N,medium,0,medium
C013819,2,N,short,0,medium
C013820,4,N,medium,0,medium
C013821,4,N,medium,0,medium
C013822,3,N,medium,0,medium
C013823,3,Y,medium,1,high
C013824,4,N,medium,0,medium
C013825,4,N,medium,0,medium
C013826,3,Y,medium,1,high
C013827,3,N,medium,0,medium
C013828,3,N,medium,0,medium
C013829,3,N,medium,0,medium
C013830,4,N,medium,0,medium
C013831,4,N,medium,0,medium
C013832,4,N,medium,0,medium
C013833,4,N,medium,0,medium
C013834,4,Y,medium,1,high
C013835,2,N,short,0,medium
C013836,2,Y,short,1,high
C013837,2,N,short,0,medium
C013838,2,Y,short,1,high
C013839,4,Y,medium,1,high
C013840,2,N,short,0,medium
C013841,2,N,short,0,medium
C013842,4,N,medium,0,medium
C013843,2,N,short,0,medium
C013844,3,N,medium,0,medium
C013845,3,N,medium,0,medium
C013846,2,N,short,0,medium
C013847,4,N,medium,0,medium
C013848,4,N,medium,0,medium
C013849,2,N,short,0,medium
C013850,4,N,medium,0,medium
C013851,3,N,medium,0,medium
C013852,2,N,short,0,medium
C013853,2,N,short,0,medium
C013854,4,N,medium,0,medium
C013855,2,Y,short,1,high
C013856,4,N,medium,0,medium
C013857,2,N,short,0,medium
C013858,4,N,medium,0,medium
C013859,4,N,medium,0,medium
C013860,2,N,short,0,medium
C013861,3,Y,medium,1,high
C013862,4,N,medium,0,medium
C013863,3,N,medium,0,medium
C013864,4,N,medium,0,medium
C013865,3,N,medium,0,medium
C013866,3,Y,medium,1,high
C013867,4,N,medium,0,medium
C013868,4,N,medium,0,medium
C013869,3,N,medium,0,medium
C013870,3,N,medium,0,medium
C013871,4,Y,medium,1,high
C013872,3,N,medium,0,medium
C013873,2,N,short,0,medium
C013874,2,N,short,0,medium
C013875,3,Y,medium,1,high
C013876,3,N,medium,0,medium
C013877,3,Y,medium,1,high
C013878,2,N,short,0,medium
C013879,2,Y,short,1,high
C013880,4,Y,medium,1,high
C013881,2,N,short,0,medium
C013882,2,Y,short,1,high
C013883,2,N,short,0,medium
C013884,2,N,short,0,medium
C013885,3,N,medium,0,medium
C013886,2,Y,short,1,high
C013887,2,N,short,0,medium
C013888,2,N,short,0,medium
C013889,3,N,medium,0,medium
C013890,3,N,medium,0,medium
C013891,3,N,medium,0,medium
C013892,3,N,medium,0,medium
C013893,3,N,medium,0,medium
C013894,3,N,medium,0,medium
C013895,3,Y,medium,1,high
C013896,3,N,medium,0,medium
C013897,3,N,medium,0,medium
C013898,3,N,medium,0,medium
C013899,3,N,medium,0,medium
C013900,3,N,medium,0,medium
C013901,4,N,medium,0,medium
C013902,2,N,short,0,medium
C013903,4,N,medium,0,medium
C013904,3,N,medium,0,medium
C013905,3,Y,medium,1,high
C013906,4,N,medium,0,medium
C013907,3,N,medium,0,medium
C013908,4,N,medium,0,medium
C013909,2,N,short,0,medium
C013910,2,N,short,0,medium
C013911,3,N,medium,0,medium
C013912,2,N,short,0,medium
C013913,4,N,medium,0,medium
C013914,3,N,medium,0,medium
C013915,2,Y,short,1,high
C013916,2,N,short,0,medium
C013917,3,N,medium,0,medium
C013918,4,N,medium,0,medium
C013919,4,N,medium,0,medium
C013920,2,N,short,0,medium
C013921,4,N,medium,0,medium
C013922,3,N,medium,0,medium
C013923,3,N,medium,0,medium
C013924,3,Y,medium,1,high
C013925,3,N,medium,0,medium
C013926,3,N,medium,0,medium
C013927,4,N,medium,0,medium
C013928,4,N,medium,0,medium
C013929,4,N,medium,0,medium
C013930,2,N,short,0,medium
C013931,3,N,medium,0,medium
C013932,4,N,medium,0,medium
C013933,3,N,medium,0,medium
C013934,2,N,short,0,medium
C013935,2,N,short,0,medium
C013936,4,N,medium,0,medium
C013937,2,N,short,0,medium
C013938,3,N,medium,0,medium
C013939,4,N,medium,0,medium
C013940,2,N,short,0,medium
C013941,3,N,medium,0,medium
C013942,2,N,short,0,medium
C013943,4,N,medium,0,medium
C013944,4,Y,medium,1,high
C013945,2,N,short,0,medium
C013946,3,N,medium,0,medium
C013947,2,N,short,0,medium
C013948,3,N,medium,0,medium
C013949,3,N,medium,0,medium
C013950,2,N,short,0,medium
C013951,3,N,medium,0,medium
C013952,3,N,medium,0,medium
C013953,2,N,short,0,medium
C013954,2,N,short,0,medium
C013955,2,N,short,0,medium
C013956,3,Y,medium,1,high
C013957,4,N,medium,0,medium
C013958,2,N,short,0,medium
C013959,4,N,medium,0,medium
C013960,3,Y,medium,1,high
C013961,2,N,short,0,medium
C013962,4,N,medium,0,medium
C013963,2,N,short,0,medium
C013964,2,N,short,0,medium
C013965,4,Y,medium,1,high
C013966,4,N,medium,0,medium
C013967,3,Y,medium,1,high
C013968,3,Y,medium,1,high
C013969,2,N,short,0,medium
C013970,2,N,short,0,medium
C013971,4,Y,medium,1,high
C013972,4,N,medium,0,medium
C013973,4,N,medium,0,medium
C013974,3,N,medium,0,medium
C013975,4,N,medium,0,medium
C013976,2,N,short,0,medium
C013977,3,N,medium,0,medium
C013978,2,N,short,0,medium
C013979,3,N,medium,0,medium
C013980,2,N,short,0,medium
C013981,3,N,medium,0,medium
C013982,4,N,medium,0,medium
C013983,2,N,short,0,medium
C013984,4,N,medium,0,medium
C013985,4,N,medium,0,medium
C013986,4,N,medium,0,medium
C013987,3,Y,medium,1,high
C013988,4,N,medium,0,medium
C013989,2,N,short,0,medium
C013990,2,N,short,0,medium
C013991,3,N,medium,0,medium
C013992,2,N,short,0,medium
C013993,3,N,medium,0,medium
C013994,4,N,medium,0,medium
C013995,3,N,medium,0,medium
C013996,2,N,short,0,medium
C013997,4,N,medium,0,medium
C013998,3,Y,medium,1,high
C013999,4,N,medium,0,medium
C014000,2,N,short,0,medium
C014001,2,N,short,0,medium
C014002,3,N,medium,0,medium
C014003,3,N,medium,0,medium
C014004,4,N,medium,0,medium
C014005,3,N,medium,0,medium
C014006,4,N,medium,0,medium
C014007,3,N,medium,0,medium
C014008,2,N,short,0,medium
C014009,3,N,medium,0,medium
C014010,4,N,medium,0,medium
C014011,3,N,medium,0,medium
C014012,3,N,medium,0,medium
C014013,4,N,medium,0,medium
C014014,2,Y,short,1,high
C014015,3,N,medium,0,medium
C014016,3,N,medium,0,medium
C014017,2,Y,short,1,high
C014018,3,N,medium,0,medium
C014019,3,N,medium,0,medium
C014020,2,N,short,0,medium
C014021,4,N,medium,0,medium
C014022,2,N,short,0,medium
C014023,3,N,medium,0,medium
C014024,4,N,medium,0,medium
C014025,2,N,short,0,medium
C014026,3,N,medium,0,medium
C014027,4,Y,medium,1,high
C014028,2,Y,short,1,high
C014029,2,N,short,0,medium
C014030,4,N,medium,0,medium
C014031,4,N,medium,0,medium
C014032,3,N,medium,0,medium
C014033,4,N,medium,0,medium
C014034,2,N,short,0,medium
C014035,4,N,medium,0,medium
C014036,2,N,short,0,medium
C014037,4,N,medium,0,medium
C014038,2,N,short,0,medium
C014039,4,N,medium,0,medium
C014040,2,Y,short,1,high
C014041,4,N,medium,0,medium
C014042,4,Y,medium,1,high
C014043,4,N,medium,0,medium
C014044,2,N,short,0,medium
C014045,4,N,medium,0,medium
C014046,2,N,short,0,medium
C014047,2,Y,short,1,high
C014048,2,N,short,0,medium
C014049,3,N,medium,0,medium
C014050,2,N,short,0,medium
C014051,2,N,short,0,medium
C014052,3,Y,medium,1,high
C014053,2,N,short,0,medium
C014054,4,Y,medium,1,high
C014055,2,N,short,0,medium
C014056,3,N,medium,0,medium
C014057,2,N,short,0,medium
C014058,4,N,medium,0,medium
C014059,2,N,short,0,medium
C014060,2,Y,short,1,high
C014061,4,N,medium,0,medium
C014062,3,N,medium,0,medium
C014063,2,N,short,0,medium
C014064,3,N,medium,0,medium
C014065,4,N,medium,0,medium
C014066,3,N,medium,0,medium
C014067,2,N,short,0,medium
C014068,4,N,medium,0,medium
C014069,3,N,medium,0,medium
C014070,2,N,short,0,medium
C014071,2,Y,short,1,high
C014072,3,N,medium,0,medium
C014073,2,N,short,0,medium
C014074,4,N,medium,0,medium
C014075,4,N,medium,0,medium
C014076,2,N,short,0,medium
C014077,3,N,medium,0,medium
C014078,2,Y,short,1,high
C014079,4,N,medium,0,medium
C014080,2,N,short,0,medium
C014081,3,N,medium,0,medium
C014082,3,N,medium,0,medium
C014083,2,N,short,0,medium
C014084,4,N,medium,0,medium
C014085,2,N,short,0,medium
C014086,4,N,medium,0,medium
C014087,4,N,medium,0,medium
C014088,2,N,short,0,medium
C014089,3,N,medium,0,medium
C014090,2,N,short,0,medium
C014091,4,N,medium,0,medium
C014092,2,N,short,0,medium
C014093,3,N,medium,0,medium
C014094,4,Y,medium,1,high
C014095,2,N,short,0,medium
C014096,4,N,medium,0,medium
C014097,2,Y,short,1,high
C014098,4,N,medium,0,medium
C014099,4,N,medium,0,medium
C014100,4,N,medium,0,medium
C014101,2,N,short,0,medium
C014102,2,N,short,0,medium
C014103,3,N,medium,0,medium
C014104,4,N,medium,0,medium
C014105,2,Y,short,1,high
C014106,3,N,medium,0,medium
C014107,4,N,medium,0,medium
C014108,3,Y,medium,1,high
C014109,3,N,medium,0,medium
C014110,3,N,medium,0,medium
C014111,4,N,medium,0,medium
C014112,4,N,medium,0,medium
C014113,2,N,short,0,medium
C014114,2,N,short,0,medium
C014115,4,N,medium,0,medium
C014116,2,Y,short,1,high
C014117,4,N,medium,0,medium
C014118,4,N,medium,0,medium
C014119,3,N,medium,0,medium
C014120,3,N,medium,0,medium
C014121,3,N,medium,0,medium
C014122,3,N,medium,0,medium
C014123,4,Y,medium,1,high
C014124,2,Y,short,1,high
C014125,2,Y,short,1,high
C014126,4,Y,medium,1,high
C014127,2,Y,short,1,high
C014128,2,N,short,0,medium
C014129,4,N,medium,0,medium
C014130,3,N,medium,0,medium
C014131,2,N,short,0,medium
C014132,3,N,medium,0,medium
C014133,3,N,medium,0,medium
C014134,4,Y,medium,1,high
C014135,4,Y,medium,1,high
C014136,3,N,medium,0,medium
C014137,4,N,medium,0,medium
C014138,2,N,short,0,medium
C014139,2,N,short,0,medium
C014140,2,N,short,0,medium
C014141,3,N,medium,0,medium
C014142,2,Y,short,1,high
C014143,3,N,medium,0,medium
C014144,4,Y,medium,1,high
C014145,3,N,medium,0,medium
C014146,3,N,medium,0,medium
C014147,2,N,short,0,medium
C014148,3,N,medium,0,medium
C014149,4,N,medium,0,medium
C014150,2,N,short,0,medium
C014151,2,N,short,0,medium
C014152,3,N,medium,0,medium
C014153,4,N,medium,0,medium
C014154,3,Y,medium,1,high
C014155,3,N,medium,0,medium
C014156,3,N,medium,0,medium
C014157,2,N,short,0,medium
C014158,2,N,short,0,medium
C014159,2,N,short,0,medium
C014160,2,N,short,0,medium
C014161,2,N,short,0,medium
C014162,4,N,medium,0,medium
C014163,4,N,medium,0,medium
C014164,3,N,medium,0,medium
C014165,4,N,medium,0,medium
C014166,4,N,medium,0,medium
C014167,3,N,medium,0,medium
C014168,3,N,medium,0,medium
C014169,4,N,medium,0,medium
C014170,3,N,medium,0,medium
C014171,3,N,medium,0,medium
C014172,3,Y,medium,1,high
C014173,3,N,medium,0,medium
C014174,3,N,medium,0,medium
C014175,3,N,medium,0,medium
C014176,2,Y,short,1,high
C014177,4,N,medium,0,medium
C014178,2,N,short,0,medium
C014179,4,Y,medium,1,high
C014180,4,N,medium,0,medium
C014181,2,N,short,0,medium
C014182,2,N,short,0,medium
C014183,4,Y,medium,1,high
C014184,3,N,medium,0,medium
C014185,4,N,medium,0,medium
C014186,4,N,medium,0,medium
C014187,3,N,medium,0,medium
C014188,4,N,medium,0,medium
C014189,4,N,medium,0,medium
C014190,4,Y,medium,1,high
C014191,4,N,medium,0,medium
C014192,4,N,medium,0,medium
C014193,2,N,short,0,medium
C014194,2,N,short,0,medium
C014195,3,N,medium,0,medium
C014196,3,Y,medium,1,high
C014197,2,N,short,0,medium
C014198,3,Y,medium,1,high
C014199,4,N,medium,0,medium
C014200,3,N,medium,0,medium
C014201,3,Y,medium,1,high
C014202,4,Y,medium,1,high
C014203,4,N,medium,0,medium
C014204,4,Y,medium,1,high
C014205,4,N,medium,0,medium
C014206,2,N,short,0,medium
C014207,2,N,short,0,medium
C014208,3,N,medium,0,medium
C014209,4,N,medium,0,medium
C014210,3,N,medium,0,medium
C014211,4,N,medium,0,medium
C014212,3,N,medium,0,medium
C014213,3,N,medium,0,medium
C014214,2,Y,short,1,high
C014215,3,N,medium,0,medium
C014216,2,Y,short,1,high
C014217,2,N,short,0,medium
C014218,3,N,medium,0,medium
C014219,4,N,medium,0,medium
C014220,4,N,medium,0,medium
C014221,3,Y,medium,1,high
C014222,3,N,medium,0,medium
C014223,4,N,medium,0,medium
C014224,3,N,medium,0,medium
C014225,2,N,short,0,medium
C014226,3,N,medium,0,medium
C014227,3,N,medium,0,medium
C014228,4,N,medium,0,medium
C014229,4,N,medium,0,medium
C014230,3,N,medium,0,medium
C014231,4,N,medium,0,medium
C014232,3,N,medium,0,medium
C014233,2,N,short,0,medium
C014234,3,Y,medium,1,high
C014235,4,N,medium,0,medium
C014236,2,N,short,0,medium
C014237,3,N,medium,0,medium
C014238,2,N,short,0,medium
C014239,2,Y,short,1,high
C014240,3,N,medium,0,medium
C014241,3,N,medium,0,medium
C014242,4,N,medium,0,medium
C014243,3,N,medium,0,medium
C014244,2,N,short,0,medium
C014245,4,N,medium,0,medium
C014246,3,N,medium,0,medium
C014247,2,N,short,0,medium
C014248,3,N,medium,0,medium
C014249,3,N,medium,0,medium
C014250,3,Y,medium,1,high
C014251,2,N,short,0,medium
C014252,3,N,medium,0,medium
C014253,3,N,medium,0,medium
C014254,4,Y,medium,1,high
C014255,4,Y,medium,1,high
C014256,4,N,medium,0,medium
C014257,3,N,medium,0,medium
C014258,2,N,short,0,medium
C014259,4,N,medium,0,medium
C014260,3,Y,medium,1,high
C014261,2,Y,short,1,high
C014262,2,N,short,0,medium
C014263,2,N,short,0,medium
C014264,4,N,medium,0,medium
C014265,4,Y,medium,1,high
C014266,3,N,medium,0,medium
C014267,2,Y,short,1,high
C014268,3,N,medium,0,medium
C014269,2,N,short,0,medium
C014270,2,Y,short,1,high
C014271,2,N,short,0,medium
C014272,3,N,medium,0,medium
C014273,3,N,medium,0,medium
C014274,3,N,medium,0,medium
C014275,3,N,medium,0,medium
C014276,4,N,medium,0,medium
C014277,4,N,medium,0,medium
C014278,2,N,short,0,medium
C014279,4,Y,medium,1,high
C014280,2,N,short,0,medium
C014281,4,N,medium,0,medium
C014282,2,N,short,0,medium
C014283,3,Y,medium,1,high
C014284,4,N,medium,0,medium
C014285,4,Y,medium,1,high
C014286,4,N,medium,0,medium
C014287,3,Y,medium,1,high
C014288,2,N,short,0,medium
C014289,2,N,short,0,medium
C014290,2,N,short,0,medium
C014291,4,N,medium,0,medium
C014292,3,N,medium,0,medium
C014293,2,N,short,0,medium
C014294,2,N,short,0,medium
C014295,2,N,short,0,medium
C014296,3,N,medium,0,medium
C014297,2,N,short,0,medium
C014298,2,N,short,0,medium
C014299,4,Y,medium,1,high
C014300,3,N,medium,0,medium
C014301,4,N,medium,0,medium
C014302,2,N,short,0,medium
C014303,3,N,medium,0,medium
C014304,3,Y,medium,1,high
C014305,3,N,medium,0,medium
C014306,2,N,short,0,medium
C014307,2,N,short,0,medium
C014308,3,N,medium,0,medium
C014309,4,N,medium,0,medium
C014310,4,N,medium,0,medium
C014311,2,Y,short,1,high
C014312,3,N,medium,0,medium
C014313,4,N,medium,0,medium
C014314,3,N,medium,0,medium
C014315,2,N,short,0,medium
C014316,4,N,medium,0,medium
C014317,2,N,short,0,medium
C014318,3,Y,medium,1,high
C014319,2,N,short,0,medium
C014320,2,N,short,0,medium
C014321,4,N,medium,0,medium
C014322,3,N,medium,0,medium
C014323,2,N,short,0,medium
C014324,4,N,medium,0,medium
C014325,3,N,medium,0,medium
C014326,3,N,medium,0,medium
C014327,3,N,medium,0,medium
C014328,2,N,short,0,medium
C014329,4,N,medium,0,medium
C014330,4,N,medium,0,medium
C014331,4,N,medium,0,medium
C014332,3,Y,medium,1,high
C014333,3,N,medium,0,medium
C014334,3,N,medium,0,medium
C014335,4,N,medium,0,medium
C014336,2,Y,short,1,high
C014337,3,N,medium,0,medium
C014338,3,N,medium,0,medium
C014339,2,N,short,0,medium
C014340,4,N,medium,0,medium
C014341,2,N,short,0,medium
C014342,4,N,medium,0,medium
C014343,4,N,medium,0,medium
C014344,2,N,short,0,medium
C014345,3,N,medium,0,medium
C014346,4,N,medium,0,medium
C014347,3,Y,medium,1,high
C014348,4,N,medium,0,medium
C014349,3,N,medium,0,medium
C014350,3,N,medium,0,medium
C014351,2,N,short,0,medium
C014352,2,Y,short,1,high
C014353,2,Y,short,1,high
C014354,2,N,short,0,medium
C014355,3,Y,medium,1,high
C014356,3,N,medium,0,medium
C014357,4,Y,medium,1,high
C014358,4,N,medium,0,medium
C014359,2,N,short,0,medium
C014360,3,N,medium,0,medium
C014361,2,N,short,0,medium
C014362,3,N,medium,0,medium
C014363,3,N,medium,0,medium
C014364,3,N,medium,0,medium
C014365,2,N,short,0,medium
C014366,3,N,medium,0,medium
C014367,4,Y,medium,1,high
C014368,2,Y,short,1,high
C014369,3,N,medium,0,medium
C014370,2,N,short,0,medium
C014371,3,Y,medium,1,high
C014372,2,N,short,0,medium
C014373,3,N,medium,0,medium
C014374,4,Y,medium,1,high
C014375,3,N,medium,0,medium
C014376,3,N,medium,0,medium
C014377,3,N,medium,0,medium
C014378,2,N,short,0,medium
C014379,2,N,short,0,medium
C014380,4,N,medium,0,medium
C014381,2,Y,short,1,high
C014382,3,N,medium,0,medium
C014383,2,N,short,0,medium
C014384,2,N,short,0,medium
C014385,4,N,medium,0,medium
C014386,4,N,medium,0,medium
C014387,3,N,medium,0,medium
C014388,2,Y,short,1,high
C014389,3,Y,medium,1,high
C014390,4,N,medium,0,medium
C014391,2,N,short,0,medium
C014392,3,N,medium,0,medium
C014393,2,Y,short,1,high
C014394,3,N,medium,0,medium
C014395,2,N,short,0,medium
C014396,4,N,medium,0,medium
C014397,2,N,short,0,medium
C014398,3,N,medium,0,medium
C014399,4,N,medium,0,medium
C014400,4,N,medium,0,medium
C014401,3,N,medium,0,medium
C014402,4,N,medium,0,medium
C014403,4,N,medium,0,medium
C014404,4,Y,medium,1,high
C014405,3,Y,medium,1,high
C014406,4,N,medium,0,medium
C014407,4,N,medium,0,medium
C014408,4,Y,medium,1,high
C014409,4,N,medium,0,medium
C014410,2,N,short,0,medium
C014411,4,N,medium,0,medium
C014412,2,N,short,0,medium
C014413,3,N,medium,0,medium
C014414,3,N,medium,0,medium
C014415,3,N,medium,0,medium
C014416,3,N,medium,0,medium
C014417,2,N,short,0,medium
C014418,2,N,short,0,medium
C014419,2,N,short,0,medium
C014420,4,N,medium,0,medium
C014421,2,N,short,0,medium
C014422,2,Y,short,1,high
C014423,2,N,short,0,medium
C014424,4,N,medium,0,medium
C014425,4,N,medium,0,medium
C014426,2,Y,short,1,high
C014427,3,N,medium,0,medium
C014428,2,N,short,0,medium
C014429,3,N,medium,0,medium
C014430,3,Y,medium,1,high
C014431,3,N,medium,0,medium
C014432,3,N,medium,0,medium
C014433,4,N,medium,0,medium
C014434,4,N,medium,0,medium
C014435,4,Y,medium,1,high
C014436,4,Y,medium,1,high
C014437,4,N,medium,0,medium
C014438,4,N,medium,0,medium
C014439,4,N,medium,0,medium
C014440,4,Y,medium,1,high
C014441,3,N,medium,0,medium
C014442,3,N,medium,0,medium
C014443,3,Y,medium,1,high
C014444,2,N,short,0,medium
C014445,2,N,short,0,medium
C014446,4,N,medium,0,medium
C014447,4,N,medium,0,medium
C014448,3,N,medium,0,medium
C014449,2,N,short,0,medium
C014450,3,N,medium,0,medium
C014451,2,N,short,0,medium
C014452,4,N,medium,0,medium
C014453,3,Y,medium,1,high
C014454,2,N,short,0,medium
C014455,4,N,medium,0,medium
C014456,3,N,medium,0,medium
C014457,2,N,short,0,medium
C014458,3,Y,medium,1,high
C014459,3,N,medium,0,medium
C014460,2,N,short,0,medium
C014461,4,Y,medium,1,high
C014462,2,Y,short,1,high
C014463,4,N,medium,0,medium
C014464,4,N,medium,0,medium
C014465,2,N,short,0,medium
C014466,3,N,medium,0,medium
C014467,2,Y,short,1,high
C014468,4,N,medium,0,medium
C014469,3,N,medium,0,medium
C014470,2,N,short,0,medium
C014471,2,N,short,0,medium
C014472,2,N,short,0,medium
C014473,4,N,medium,0,medium
C014474,3,N,medium,0,medium
C014475,3,N,medium,0,medium
C014476,4,N,medium,0,medium
C014477,2,N,short,0,medium
C014478,2,N,short,0,medium
C014479,4,N,medium,0,medium
C014480,4,N,medium,0,medium
C014481,2,Y,short,1,high
C014482,3,Y,medium,1,high
C014483,3,N,medium,0,medium
C014484,4,N,medium,0,medium
C014485,2,N,short,0,medium
C014486,2,N,short,0,medium
C014487,2,N,short,0,medium
C014488,3,N,medium,0,medium
C014489,2,N,short,0,medium
C014490,2,N,short,0,medium
C014491,2,N,short,0,medium
C014492,4,N,medium,0,medium
C014493,3,N,medium,0,medium
C014494,4,Y,medium,1,high
C014495,3,N,medium,0,medium
C014496,3,N,medium,0,medium
C014497,4,N,medium,0,medium
C014498,2,N,short,0,medium
C014499,4,N,medium,0,medium
C014500,2,N,short,0,medium
C014501,4,N,medium,0,medium
C014502,4,N,medium,0,medium
C014503,3,N,medium,0,medium
C014504,2,N,short,0,medium
C014505,3,Y,medium,1,high
C014506,4,N,medium,0,medium
C014507,4,N,medium,0,medium
C014508,2,N,short,0,medium
C014509,2,N,short,0,medium
C014510,2,N,short,0,medium
C014511,2,N,short,0,medium
C014512,3,N,medium,0,medium
C014513,3,N,medium,0,medium
C014514,2,Y,short,1,high
C014515,2,N,short,0,medium
C014516,2,N,short,0,medium
C014517,4,N,medium,0,medium
C014518,3,N,medium,0,medium
C014519,4,N,medium,0,medium
C014520,2,N,short,0,medium
C014521,2,N,short,0,medium
C014522,2,N,short,0,medium
C014523,4,N,medium,0,medium
C014524,4,N,medium,0,medium
C014525,4,N,medium,0,medium
C014526,3,N,medium,0,medium
C014527,3,N,medium,0,medium
C014528,4,N,medium,0,medium
C014529,3,N,medium,0,medium
C014530,4,N,medium,0,medium
C014531,2,N,short,0,medium
C014532,3,N,medium,0,medium
C014533,3,N,medium,0,medium
C014534,4,N,medium,0,medium
C014535,2,N,short,0,medium
C014536,3,N,medium,0,medium
C014537,2,N,short,0,medium
C014538,3,N,medium,0,medium
C014539,4,N,medium,0,medium
C014540,2,N,short,0,medium
C014541,2,N,short,0,medium
C014542,2,N,short,0,medium
C014543,4,N,medium,0,medium
C014544,2,N,short,0,medium
C014545,2,N,short,0,medium
C014546,4,Y,medium,1,high
C014547,3,N,medium,0,medium
C014548,4,N,medium,0,medium
C014549,4,Y,medium,1,high
C014550,3,N,medium,0,medium
C014551,3,N,medium,0,medium
C014552,3,N,medium,0,medium
C014553,4,N,medium,0,medium
C014554,2,N,short,0,medium
C014555,3,N,medium,0,medium
C014556,4,N,medium,0,medium
C014557,3,N,medium,0,medium
C014558,4,N,medium,0,medium
C014559,3,N,medium,0,medium
C014560,4,N,medium,0,medium
C014561,4,N,medium,0,medium
C014562,2,N,short,0,medium
C014563,3,N,medium,0,medium
C014564,4,N,medium,0,medium
C014565,3,N,medium,0,medium
C014566,4,N,medium,0,medium
C014567,2,N,short,0,medium
C014568,2,Y,short,1,high
C014569,3,N,medium,0,medium
C014570,2,N,short,0,medium
C014571,4,Y,medium,1,high
C014572,3,N,medium,0,medium
C014573,2,N,short,0,medium
C014574,2,Y,short,1,high
C014575,3,N,medium,0,medium
C014576,4,Y,medium,1,high
C014577,2,Y,short,1,high
C014578,4,N,medium,0,medium
C014579,2,N,short,0,medium
C014580,2,Y,short,1,high
C014581,4,N,medium,0,medium
C014582,2,N,short,0,medium
C014583,2,N,short,0,medium
C014584,3,N,medium,0,medium
C014585,2,N,short,0,medium
C014586,3,N,medium,0,medium
C014587,4,N,medium,0,medium
C014588,3,N,medium,0,medium
C014589,3,N,medium,0,medium
C014590,3,N,medium,0,medium
C014591,4,N,medium,0,medium
C014592,4,N,medium,0,medium
C014593,3,N,medium,0,medium
C014594,2,Y,short,1,high
C014595,4,N,medium,0,medium
C014596,3,N,medium,0,medium
C014597,3,Y,medium,1,high
C014598,4,N,medium,0,medium
C014599,4,N,medium,0,medium
C014600,2,N,short,0,medium
C014601,3,N,medium,0,medium
C014602,3,N,medium,0,medium
C014603,4,N,medium,0,medium
C014604,4,N,medium,0,medium
C014605,2,Y,short,1,high
C014606,3,N,medium,0,medium
C014607,4,N,medium,0,medium
C014608,3,Y,medium,1,high
C014609,4,N,medium,0,medium
C014610,2,N,short,0,medium
C014611,2,N,short,0,medium
C014612,2,N,short,0,medium
C014613,4,Y,medium,1,high
C014614,2,Y,short,1,high
C014615,4,N,medium,0,medium
C014616,2,Y,short,1,high
C014617,2,N,short,0,medium
C014618,4,N,medium,0,medium
C014619,2,N,short,0,medium
C014620,4,N,medium,0,medium
C014621,2,Y,short,1,high
C014622,4,N,medium,0,medium
C014623,2,N,short,0,medium
C014624,2,N,short,0,medium
C014625,4,N,medium,0,medium
C014626,3,N,medium,0,medium
C014627,4,N,medium,0,medium
C014628,4,N,medium,0,medium
C014629,4,N,medium,0,medium
C014630,2,N,short,0,medium
C014631,4,N,medium,0,medium
C014632,2,N,short,0,medium
C014633,2,N,short,0,medium
C014634,2,N,short,0,medium
C014635,4,N,medium,0,medium
C014636,3,N,medium,0,medium
C014637,2,N,short,0,medium
C014638,3,N,medium,0,medium
C014639,3,N,medium,0,medium
C014640,4,N,medium,0,medium
C014641,3,Y,medium,1,high
C014642,3,Y,medium,1,high
C014643,4,N,medium,0,medium
C014644,3,Y,medium,1,high
C014645,3,N,medium,0,medium
C014646,3,N,medium,0,medium
C014647,3,N,medium,0,medium
C014648,3,N,medium,0,medium
C014649,4,N,medium,0,medium
C014650,2,N,short,0,medium
C014651,4,N,medium,0,medium
C014652,3,Y,medium,1,high
C014653,3,N,medium,0,medium
C014654,2,N,short,0,medium
C014655,2,N,short,0,medium
C014656,2,Y,short,1,high
C014657,3,N,medium,0,medium
C014658,4,N,medium,0,medium
C014659,3,N,medium,0,medium
C014660,4,N,medium,0,medium
C014661,3,N,medium,0,medium
C014662,3,N,medium,0,medium
C014663,3,Y,medium,1,high
C014664,2,N,short,0,medium
C014665,3,N,medium,0,medium
C014666,3,N,medium,0,medium
C014667,3,Y,medium,1,high
C014668,3,N,medium,0,medium
C014669,2,N,short,0,medium
C014670,4,N,medium,0,medium
C014671,3,N,medium,0,medium
C014672,4,N,medium,0,medium
C014673,3,Y,medium,1,high
C014674,2,N,short,0,medium
C014675,3,N,medium,0,medium
C014676,3,N,medium,0,medium
C014677,4,N,medium,0,medium
C014678,4,Y,medium,1,high
C014679,2,N,short,0,medium
C014680,3,N,medium,0,medium
C014681,4,N,medium,0,medium
C014682,2,Y,short,1,high
C014683,4,N,medium,0,medium
C014684,3,N,medium,0,medium
C014685,4,N,medium,0,medium
C014686,3,N,medium,0,medium
C014687,3,N,medium,0,medium
C014688,3,Y,medium,1,high
C014689,3,N,medium,0,medium
C014690,3,Y,medium,1,high
C014691,4,Y,medium,1,high
C014692,4,Y,medium,1,high
C014693,3,N,medium,0,medium
C014694,2,N,short,0,medium
C014695,3,N,medium,0,medium
C014696,4,N,medium,0,medium
C014697,4,N,medium,0,medium
C014698,3,Y,medium,1,high
C014699,4,N,medium,0,medium
C014700,3,N,medium,0,medium
C014701,4,N,medium,0,medium
C014702,3,N,medium,0,medium
C014703,3,N,medium,0,medium
C014704,4,N,medium,0,medium
C014705,4,N,medium,0,medium
C014706,4,N,medium,0,medium
C014707,4,N,medium,0,medium
C014708,3,N,medium,0,medium
C014709,2,N,short,0,medium
C014710,3,N,medium,0,medium
C014711,3,N,medium,0,medium
C014712,3,N,medium,0,medium
C014713,4,N,medium,0,medium
C014714,2,Y,short,1,high
C014715,3,Y,medium,1,high
C014716,3,Y,medium,1,high
C014717,3,N,medium,0,medium
C014718,4,N,medium,0,medium
C014719,3,Y,medium,1,high
C014720,4,N,medium,0,medium
C014721,4,Y,medium,1,high
C014722,4,N,medium,0,medium
C014723,2,N,short,0,medium
C014724,2,N,short,0,medium
C014725,2,N,short,0,medium
C014726,2,Y,short,1,high
C014727,4,N,medium,0,medium
C014728,3,N,medium,0,medium
C014729,4,N,medium,0,medium
C014730,3,N,medium,0,medium
C014731,4,Y,medium,1,high
C014732,4,N,medium,0,medium
C014733,2,N,short,0,medium
C014734,4,Y,medium,1,high
C014735,4,N,medium,0,medium
C014736,4,N,medium,0,medium
C014737,3,N,medium,0,medium
C014738,3,N,medium,0,medium
C014739,4,N,medium,0,medium
C014740,4,N,medium,0,medium
C014741,2,N,short,0,medium
C014742,2,N,short,0,medium
C014743,3,N,medium,0,medium
C014744,3,N,medium,0,medium
C014745,3,N,medium,0,medium
C014746,2,N,short,0,medium
C014747,4,N,medium,0,medium
C014748,4,N,medium,0,medium
C014749,2,N,short,0,medium
C014750,4,N,medium,0,medium
C014751,4,N,medium,0,medium
C014752,4,N,medium,0,medium
C014753,4,N,medium,0,medium
C014754,2,Y,short,1,high
C014755,2,N,short,0,medium
C014756,2,N,short,0,medium
C014757,4,N,medium,0,medium
C014758,2,N,short,0,medium
C014759,4,Y,medium,1,high
C014760,4,N,medium,0,medium
C014761,3,N,medium,0,medium
C014762,4,N,medium,0,medium
C014763,3,N,medium,0,medium
C014764,3,N,medium,0,medium
C014765,3,N,medium,0,medium
C014766,2,N,short,0,medium
C014767,3,Y,medium,1,high
C014768,3,N,medium,0,medium
C014769,2,N,short,0,medium
C014770,2,N,short,0,medium
C014771,4,N,medium,0,medium
C014772,4,N,medium,0,medium
C014773,2,N,short,0,medium
C014774,3,N,medium,0,medium
C014775,2,N,short,0,medium
C014776,2,N,short,0,medium
C014777,2,N,short,0,medium
C014778,2,N,short,0,medium
C014779,2,N,short,0,medium
C014780,4,N,medium,0,medium
C014781,4,Y,medium,1,high
C014782,3,Y,medium,1,high
C014783,4,N,medium,0,medium
C014784,4,N,medium,0,medium
C014785,4,N,medium,0,medium
C014786,3,N,medium,0,medium
C014787,2,N,short,0,medium
C014788,4,Y,medium,1,high
C014789,4,N,medium,0,medium
C014790,4,N,medium,0,medium
C014791,4,N,medium,0,medium
C014792,4,N,medium,0,medium
C014793,2,N,short,0,medium
C014794,3,N,medium,0,medium
C014795,3,N,medium,0,medium
C014796,3,N,medium,0,medium
C014797,2,Y,short,1,high
C014798,2,N,short,0,medium
C014799,3,N,medium,0,medium
C014800,4,N,medium,0,medium
C014801,4,N,medium,0,medium
C014802,3,N,medium,0,medium
C014803,2,N,short,0,medium
C014804,4,N,medium,0,medium
C014805,2,N,short,0,medium
C014806,4,Y,medium,1,high
C014807,4,N,medium,0,medium
C014808,2,Y,short,1,high
C014809,2,N,short,0,medium
C014810,4,N,medium,0,medium
C014811,3,N,medium,0,medium
C014812,4,N,medium,0,medium
C014813,3,Y,medium,1,high
C014814,3,N,medium,0,medium
C014815,3,N,medium,0,medium
C014816,2,N,short,0,medium
C014817,2,Y,short,1,high
C014818,4,Y,medium,1,high
C014819,4,N,medium,0,medium
C014820,2,N,short,0,medium
C014821,3,N,medium,0,medium
C014822,2,Y,short,1,high
C014823,3,Y,medium,1,high
C014824,2,N,short,0,medium
C014825,4,N,medium,0,medium
C014826,4,N,medium,0,medium
C014827,4,N,medium,0,medium
C014828,3,N,medium,0,medium
C014829,4,N,medium,0,medium
C014830,3,N,medium,0,medium
C014831,4,N,medium,0,medium
C014832,4,Y,medium,1,high
C014833,4,Y,medium,1,high
C014834,4,N,medium,0,medium
C014835,4,N,medium,0,medium
C014836,2,N,short,0,medium
C014837,4,N,medium,0,medium
C014838,2,N,short,0,medium
C014839,2,N,short,0,medium
C014840,2,N,short,0,medium
C014841,4,N,medium,0,medium
C014842,2,N,short,0,medium
C014843,4,N,medium,0,medium
C014844,4,N,medium,0,medium
C014845,4,N,medium,0,medium
C014846,3,N,medium,0,medium
C014847,2,Y,short,1,high
C014848,2,N,short,0,medium
C014849,2,N,short,0,medium
C014850,4,N,medium,0,medium
C014851,3,N,medium,0,medium
C014852,3,N,medium,0,medium
C014853,4,N,medium,0,medium
C014854,2,N,short,0,medium
C014855,4,N,medium,0,medium
C014856,4,N,medium,0,medium
C014857,4,N,medium,0,medium
C014858,3,N,medium,0,medium
C014859,4,N,medium,0,medium
C014860,3,N,medium,0,medium
C014861,4,N,medium,0,medium
C014862,4,Y,medium,1,high
C014863,2,Y,short,1,high
C014864,4,N,medium,0,medium
C014865,2,N,short,0,medium
C014866,4,N,medium,0,medium
C014867,3,N,medium,0,medium
C014868,3,Y,medium,1,high
C014869,4,N,medium,0,medium
C014870,2,N,short,0,medium
C014871,2,N,short,0,medium
C014872,3,Y,medium,1,high
C014873,2,N,short,0,medium
C014874,2,Y,short,1,high
C014875,4,N,medium,0,medium
C014876,4,N,medium,0,medium
C014877,2,N,short,0,medium
C014878,3,N,medium,0,medium
C014879,2,Y,short,1,high
C014880,3,N,medium,0,medium
C014881,2,N,short,0,medium
C014882,2,N,short,0,medium
C014883,3,N,medium,0,medium
C014884,3,N,medium,0,medium
C014885,2,N,short,0,medium
C014886,4,N,medium,0,medium
C014887,2,N,short,0,medium
C014888,3,N,medium,0,medium
C014889,3,N,medium,0,medium
C014890,2,Y,short,1,high
C014891,3,N,medium,0,medium
C014892,2,Y,short,1,high
C014893,2,N,short,0,medium
C014894,4,N,medium,0,medium
C014895,2,N,short,0,medium
C014896,4,N,medium,0,medium
C014897,2,N,short,0,medium
C014898,2,N,short,0,medium
C014899,2,N,short,0,medium
C014900,4,N,medium,0,medium
C014901,2,N,short,0,medium
C014902,3,N,medium,0,medium
C014903,2,N,short,0,medium
C014904,3,N,medium,0,medium
C014905,4,N,medium,0,medium
C014906,3,N,medium,0,medium
C014907,4,N,medium,0,medium
C014908,4,N,medium,0,medium
C014909,3,N,medium,0,medium
C014910,2,N,short,0,medium
C014911,3,N,medium,0,medium
C014912,4,N,medium,0,medium
C014913,3,N,medium,0,medium
C014914,4,N,medium,0,medium
C014915,3,N,medium,0,medium
C014916,4,Y,medium,1,high
C014917,2,N,short,0,medium
C014918,2,N,short,0,medium
C014919,2,N,short,0,medium
C014920,2,N,short,0,medium
C014921,2,N,short,0,medium
C014922,3,N,medium,0,medium
C014923,4,N,medium,0,medium
C014924,2,Y,short,1,high
C014925,3,N,medium,0,medium
C014926,4,Y,medium,1,high
C014927,3,N,medium,0,medium
C014928,4,Y,medium,1,high
C014929,3,N,medium,0,medium
C014930,2,N,short,0,medium
C014931,2,N,short,0,medium
C014932,4,N,medium,0,medium
C014933,2,N,short,0,medium
C014934,3,N,medium,0,medium
C014935,3,Y,medium,1,high
C014936,4,N,medium,0,medium
C014937,3,N,medium,0,medium
C014938,4,N,medium,0,medium
C014939,4,N,medium,0,medium
C014940,4,N,medium,0,medium
C014941,3,N,medium,0,medium
C014942,3,N,medium,0,medium
C014943,2,N,short,0,medium
C014944,3,N,medium,0,medium
C014945,4,N,medium,0,medium
C014946,3,N,medium,0,medium
C014947,4,N,medium,0,medium
C014948,2,N,short,0,medium
C014949,4,N,medium,0,medium
C014950,4,N,medium,0,medium
C014951,3,N,medium,0,medium
C014952,3,N,medium,0,medium
C014953,4,N,medium,0,medium
C014954,4,N,medium,0,medium
C014955,4,N,medium,0,medium
C014956,2,N,short,0,medium
C014957,3,N,medium,0,medium
C014958,4,N,medium,0,medium
C014959,2,N,short,0,medium
C014960,4,N,medium,0,medium
C014961,2,Y,short,1,high
C014962,4,N,medium,0,medium
C014963,3,N,medium,0,medium
C014964,3,N,medium,0,medium
C014965,2,N,short,0,medium
C014966,4,N,medium,0,medium
C014967,2,Y,short,1,high
C014968,2,N,short,0,medium
C014969,4,N,medium,0,medium
C014970,4,Y,medium,1,high
C014971,2,Y,short,1,high
C014972,4,N,medium,0,medium
C014973,3,N,medium,0,medium
C014974,3,N,medium,0,medium
C014975,3,N,medium,0,medium
C014976,2,N,short,0,medium
C014977,3,N,medium,0,medium
C014978,4,N,medium,0,medium
C014979,3,N,medium,0,medium
C014980,2,N,short,0,medium
C014981,2,N,short,0,medium
C014982,2,N,short,0,medium
C014983,4,N,medium,0,medium
C014984,4,N,medium,0,medium
C014985,2,N,short,0,medium
C014986,3,N,medium,0,medium
C014987,4,Y,medium,1,high
C014988,4,Y,medium,1,high
C014989,3,N,medium,0,medium
C014990,3,N,medium,0,medium
C014991,2,N,short,0,medium
C014992,4,N,medium,0,medium
C014993,3,N,medium,0,medium
C014994,4,Y,medium,1,high
C014995,2,N,short,0,medium
C014996,2,N,short,0,medium
C014997,2,N,short,0,medium
C014998,3,N,medium,0,medium
C014999,4,N,medium,0,medium
C015000,2,Y,short,1,high
C015001,4,N,medium,0,medium
C015002,3,N,medium,0,medium
C015003,3,Y,medium,1,high
C015004,4,N,medium,0,medium
C015005,3,N,medium,0,medium
C015006,3,N,medium,0,medium
C015007,3,N,medium,0,medium
C015008,2,N,short,0,medium
C015009,2,N,short,0,medium
C015010,3,N,medium,0,medium
C015011,3,N,medium,0,medium
C015012,2,N,short,0,medium
C015013,3,N,medium,0,medium
C015014,2,Y,short,1,high
C015015,2,Y,short,1,high
C015016,2,N,short,0,medium
C015017,2,N,short,0,medium
C015018,2,N,short,0,medium
C015019,3,N,medium,0,medium
C015020,2,Y,short,1,high
C015021,3,N,medium,0,medium
C015022,4,N,medium,0,medium
C015023,2,N,short,0,medium
C015024,3,N,medium,0,medium
C015025,3,N,medium,0,medium
C015026,3,N,medium,0,medium
C015027,3,N,medium,0,medium
C015028,2,Y,short,1,high
C015029,3,Y,medium,1,high
C015030,3,N,medium,0,medium
C015031,2,Y,short,1,high
C015032,2,N,short,0,medium
C015033,4,N,medium,0,medium
C015034,2,N,short,0,medium
C015035,4,N,medium,0,medium
C015036,3,N,medium,0,medium
C015037,4,Y,medium,1,high
C015038,3,N,medium,0,medium
C015039,4,N,medium,0,medium
C015040,2,N,short,0,medium
C015041,3,N,medium,0,medium
C015042,3,N,medium,0,medium
C015043,3,N,medium,0,medium
C015044,2,Y,short,1,high
C015045,2,N,short,0,medium
C015046,3,N,medium,0,medium
C015047,3,N,medium,0,medium
C015048,3,Y,medium,1,high
C015049,3,Y,medium,1,high
C015050,3,N,medium,0,medium
C015051,3,N,medium,0,medium
C015052,3,N,medium,0,medium
C015053,2,N,short,0,medium
C015054,3,N,medium,0,medium
C015055,2,N,short,0,medium
C015056,3,N,medium,0,medium
C015057,2,N,short,0,medium
C015058,4,Y,medium,1,high
C015059,3,Y,medium,1,high
C015060,3,N,medium,0,medium
C015061,2,N,short,0,medium
C015062,3,N,medium,0,medium
C015063,4,Y,medium,1,high
C015064,4,N,medium,0,medium
C015065,3,N,medium,0,medium
C015066,2,N,short,0,medium
C015067,4,N,medium,0,medium
C015068,2,N,short,0,medium
C015069,4,N,medium,0,medium
C015070,3,N,medium,0,medium
C015071,2,N,short,0,medium
C015072,4,N,medium,0,medium
C015073,4,Y,medium,1,high
C015074,3,N,medium,0,medium
C015075,4,N,medium,0,medium
C015076,4,Y,medium,1,high
C015077,4,N,medium,0,medium
C015078,2,Y,short,1,high
C015079,4,N,medium,0,medium
C015080,2,N,short,0,medium
C015081,3,N,medium,0,medium
C015082,2,Y,short,1,high
C015083,3,N,medium,0,medium
C015084,4,N,medium,0,medium
C015085,2,N,short,0,medium
C015086,4,N,medium,0,medium
C015087,4,N,medium,0,medium
C015088,2,N,short,0,medium
C015089,2,Y,short,1,high
C015090,2,N,short,0,medium
C015091,3,Y,medium,1,high
C015092,4,N,medium,0,medium
C015093,3,Y,medium,1,high
C015094,2,N,short,0,medium
C015095,2,N,short,0,medium
C015096,4,N,medium,0,medium
C015097,2,N,short,0,medium
C015098,2,N,short,0,medium
C015099,3,N,medium,0,medium
C015100,4,N,medium,0,medium
C015101,4,Y,medium,1,high
C015102,4,N,medium,0,medium
C015103,2,N,short,0,medium
C015104,3,N,medium,0,medium
C015105,4,N,medium,0,medium
C015106,2,Y,short,1,high
C015107,2,N,short,0,medium
C015108,3,N,medium,0,medium
C015109,3,N,medium,0,medium
C015110,2,N,short,0,medium
C015111,2,N,short,0,medium
C015112,3,Y,medium,1,high
C015113,3,N,medium,0,medium
C015114,2,Y,short,1,high
C015115,3,Y,medium,1,high
C015116,4,N,medium,0,medium
C015117,4,Y,medium,1,high
C015118,4,N,medium,0,medium
C015119,2,N,short,0,medium
C015120,2,N,short,0,medium
C015121,4,N,medium,0,medium
C015122,4,N,medium,0,medium
C015123,3,N,medium,0,medium
C015124,3,N,medium,0,medium
C015125,4,N,medium,0,medium
C015126,2,N,short,0,medium
C015127,4,N,medium,0,medium
C015128,2,N,short,0,medium
C015129,4,N,medium,0,medium
C015130,4,N,medium,0,medium
C015131,3,N,medium,0,medium
C015132,2,Y,short,1,high
C015133,2,N,short,0,medium
C015134,4,Y,medium,1,high
C015135,3,N,medium,0,medium
C015136,4,N,medium,0,medium
C015137,3,N,medium,0,medium
C015138,4,N,medium,0,medium
C015139,4,N,medium,0,medium
C015140,4,N,medium,0,medium
C015141,4,N,medium,0,medium
C015142,4,N,medium,0,medium
C015143,3,N,medium,0,medium
C015144,4,N,medium,0,medium
C015145,3,N,medium,0,medium
C015146,4,N,medium,0,medium
C015147,3,Y,medium,1,high
C015148,2,N,short,0,medium
C015149,3,N,medium,0,medium
C015150,3,N,medium,0,medium
C015151,2,N,short,0,medium
C015152,2,Y,short,1,high
C015153,2,N,short,0,medium
C015154,2,Y,short,1,high
C015155,2,N,short,0,medium
C015156,4,N,medium,0,medium
C015157,4,N,medium,0,medium
C015158,3,N,medium,0,medium
C015159,3,N,medium,0,medium
C015160,3,N,medium,0,medium
C015161,4,N,medium,0,medium
C015162,4,N,medium,0,medium
C015163,2,N,short,0,medium
C015164,3,N,medium,0,medium
C015165,2,Y,short,1,high
C015166,2,N,short,0,medium
C015167,3,Y,medium,1,high
C015168,3,N,medium,0,medium
C015169,3,N,medium,0,medium
C015170,3,N,medium,0,medium
C015171,4,Y,medium,1,high
C015172,2,N,short,0,medium
C015173,2,N,short,0,medium
C015174,4,N,medium,0,medium
C015175,3,N,medium,0,medium
C015176,4,Y,medium,1,high
C015177,2,N,short,0,medium
C015178,2,N,short,0,medium
C015179,2,N,short,0,medium
C015180,2,Y,short,1,high
C015181,4,N,medium,0,medium
C015182,4,N,medium,0,medium
C015183,3,N,medium,0,medium
C015184,3,N,medium,0,medium
C015185,2,N,short,0,medium
C015186,2,N,short,0,medium
C015187,2,Y,short,1,high
C015188,2,Y,short,1,high
C015189,3,Y,medium,1,high
C015190,2,N,short,0,medium
C015191,4,N,medium,0,medium
C015192,3,N,medium,0,medium
C015193,3,N,medium,0,medium
C015194,2,N,short,0,medium
C015195,3,Y,medium,1,high
C015196,3,Y,medium,1,high
C015197,4,Y,medium,1,high
C015198,4,N,medium,0,medium
C015199,2,N,short,0,medium
C015200,2,N,short,0,medium
C015201,4,N,medium,0,medium
C015202,3,N,medium,0,medium
C015203,2,N,short,0,medium
C015204,3,N,medium,0,medium
C015205,3,N,medium,0,medium
C015206,3,N,medium,0,medium
C015207,3,Y,medium,1,high
C015208,2,N,short,0,medium
C015209,3,N,medium,0,medium
C015210,4,N,medium,0,medium
C015211,3,N,medium,0,medium
C015212,2,N,short,0,medium
C015213,2,N,short,0,medium
C015214,4,N,medium,0,medium
C015215,4,Y,medium,1,high
C015216,4,N,medium,0,medium
C015217,2,N,short,0,medium
C015218,2,N,short,0,medium
C015219,4,N,medium,0,medium
C015220,2,N,short,0,medium
C015221,2,N,short,0,medium
C015222,4,N,medium,0,medium
C015223,2,Y,short,1,high
C015224,4,N,medium,0,medium
C015225,4,Y,medium,1,high
C015226,3,Y,medium,1,high
C015227,2,N,short,0,medium
C015228,2,N,short,0,medium
C015229,4,N,medium,0,medium
C015230,4,N,medium,0,medium
C015231,2,N,short,0,medium
C015232,3,Y,medium,1,high
C015233,2,N,short,0,medium
C015234,4,N,medium,0,medium
C015235,4,N,medium,0,medium
C015236,4,N,medium,0,medium
C015237,2,N,short,0,medium
C015238,4,N,medium,0,medium
C015239,3,N,medium,0,medium
C015240,2,N,short,0,medium
C015241,4,N,medium,0,medium
C015242,3,N,medium,0,medium
C015243,4,N,medium,0,medium
C015244,2,Y,short,1,high
C015245,3,N,medium,0,medium
C015246,2,N,short,0,medium
C015247,3,N,medium,0,medium
C015248,2,N,short,0,medium
C015249,4,N,medium,0,medium
C015250,3,N,medium,0,medium
C015251,4,N,medium,0,medium
C015252,4,N,medium,0,medium
C015253,3,N,medium,0,medium
C015254,4,N,medium,0,medium
C015255,2,N,short,0,medium
C015256,4,N,medium,0,medium
C015257,2,N,short,0,medium
C015258,2,N,short,0,medium
C015259,2,N,short,0,medium
C015260,3,N,medium,0,medium
C015261,3,Y,medium,1,high
C015262,3,Y,medium,1,high
C015263,3,Y,medium,1,high
C015264,4,N,medium,0,medium
C015265,3,N,medium,0,medium
C015266,4,N,medium,0,medium
C015267,2,N,short,0,medium
C015268,4,Y,medium,1,high
C015269,2,N,short,0,medium
C015270,3,Y,medium,1,high
C015271,3,N,medium,0,medium
C015272,3,N,medium,0,medium
C015273,3,N,medium,0,medium
C015274,2,N,short,0,medium
C015275,2,Y,short,1,high
C015276,3,Y,medium,1,high
C015277,4,N,medium,0,medium
C015278,4,Y,medium,1,high
C015279,2,N,short,0,medium
C015280,3,Y,medium,1,high
C015281,3,N,medium,0,medium
C015282,3,N,medium,0,medium
C015283,2,N,short,0,medium
C015284,3,N,medium,0,medium
C015285,4,N,medium,0,medium
C015286,3,N,medium,0,medium
C015287,4,N,medium,0,medium
C015288,3,N,medium,0,medium
C015289,4,N,medium,0,medium
C015290,2,N,short,0,medium
C015291,2,N,short,0,medium
C015292,3,Y,medium,1,high
C015293,3,N,medium,0,medium
C015294,2,N,short,0,medium
C015295,3,Y,medium,1,high
C015296,2,N,short,0,medium
C015297,4,Y,medium,1,high
C015298,2,N,short,0,medium
C015299,2,N,short,0,medium
C015300,4,N,medium,0,medium
C015301,3,N,medium,0,medium
C015302,3,Y,medium,1,high
C015303,3,N,medium,0,medium
C015304,2,Y,short,1,high
C015305,3,N,medium,0,medium
C015306,3,N,medium,0,medium
C015307,2,Y,short,1,high
C015308,3,N,medium,0,medium
C015309,2,N,short,0,medium
C015310,4,N,medium,0,medium
C015311,3,N,medium,0,medium
C015312,4,Y,medium,1,high
C015313,3,N,medium,0,medium
C015314,2,N,short,0,medium
C015315,2,N,short,0,medium
C015316,3,N,medium,0,medium
C015317,3,Y,medium,1,high
C015318,4,Y,medium,1,high
C015319,4,N,medium,0,medium
C015320,4,Y,medium,1,high
C015321,2,N,short,0,medium
C015322,4,N,medium,0,medium
C015323,3,Y,medium,1,high
C015324,3,N,medium,0,medium
C015325,3,N,medium,0,medium
C015326,3,N,medium,0,medium
C015327,2,N,short,0,medium
C015328,4,Y,medium,1,high
C015329,2,N,short,0,medium
C015330,3,N,medium,0,medium
C015331,4,N,medium,0,medium
C015332,2,N,short,0,medium
C015333,4,Y,medium,1,high
C015334,4,N,medium,0,medium
C015335,2,N,short,0,medium
C015336,4,N,medium,0,medium
C015337,3,N,medium,0,medium
C015338,3,N,medium,0,medium
C015339,4,N,medium,0,medium
C015340,3,N,medium,0,medium
C015341,4,N,medium,0,medium
C015342,2,N,short,0,medium
C015343,4,N,medium,0,medium
C015344,3,N,medium,0,medium
C015345,4,Y,medium,1,high
C015346,4,N,medium,0,medium
C015347,4,N,medium,0,medium
C015348,3,N,medium,0,medium
C015349,2,Y,short,1,high
C015350,3,N,medium,0,medium
C015351,2,N,short,0,medium
C015352,3,N,medium,0,medium
C015353,3,N,medium,0,medium
C015354,4,Y,medium,1,high
C015355,4,N,medium,0,medium
C015356,3,Y,medium,1,high
C015357,4,N,medium,0,medium
C015358,3,N,medium,0,medium
C015359,2,N,short,0,medium
C015360,2,N,short,0,medium
C015361,2,N,short,0,medium
C015362,2,N,short,0,medium
C015363,2,N,short,0,medium
C015364,2,N,short,0,medium
C015365,2,N,short,0,medium
C015366,2,N,short,0,medium
C015367,4,Y,medium,1,high
C015368,2,N,short,0,medium
C015369,3,N,medium,0,medium
C015370,4,N,medium,0,medium
C015371,4,N,medium,0,medium
C015372,3,N,medium,0,medium
C015373,4,N,medium,0,medium
C015374,2,N,short,0,medium
C015375,4,N,medium,0,medium
C015376,3,N,medium,0,medium
C015377,3,Y,medium,1,high
C015378,2,N,short,0,medium
C015379,2,N,short,0,medium
C015380,2,N,short,0,medium
C015381,2,Y,short,1,high
C015382,3,N,medium,0,medium
C015383,4,N,medium,0,medium
C015384,2,Y,short,1,high
C015385,4,N,medium,0,medium
C015386,2,N,short,0,medium
C015387,3,N,medium,0,medium
C015388,2,N,short,0,medium
C015389,4,N,medium,0,medium
C015390,2,N,short,0,medium
C015391,2,N,short,0,medium
C015392,3,N,medium,0,medium
C015393,3,Y,medium,1,high
C015394,3,N,medium,0,medium
C015395,3,N,medium,0,medium
C015396,3,N,medium,0,medium
C015397,3,N,medium,0,medium
C015398,2,N,short,0,medium
C015399,3,N,medium,0,medium
C015400,3,N,medium,0,medium
C015401,4,N,medium,0,medium
C015402,3,N,medium,0,medium
C015403,4,N,medium,0,medium
C015404,4,N,medium,0,medium
C015405,3,N,medium,0,medium
C015406,3,N,medium,0,medium
C015407,2,Y,short,1,high
C015408,2,N,short,0,medium
C015409,4,N,medium,0,medium
C015410,3,Y,medium,1,high
C015411,2,N,short,0,medium
C015412,3,N,medium,0,medium
C015413,3,N,medium,0,medium
C015414,3,N,medium,0,medium
C015415,3,N,medium,0,medium
C015416,3,N,medium,0,medium
C015417,2,N,short,0,medium
C015418,2,Y,short,1,high
C015419,2,N,short,0,medium
C015420,4,N,medium,0,medium
C015421,3,Y,medium,1,high
C015422,3,N,medium,0,medium
C015423,2,N,short,0,medium
C015424,2,N,short,0,medium
C015425,2,N,short,0,medium
C015426,2,N,short,0,medium
C015427,2,N,short,0,medium
C015428,3,N,medium,0,medium
C015429,3,N,medium,0,medium
C015430,3,N,medium,0,medium
C015431,4,N,medium,0,medium
C015432,3,N,medium,0,medium
C015433,4,Y,medium,1,high
C015434,4,N,medium,0,medium
C015435,3,N,medium,0,medium
C015436,4,N,medium,0,medium
C015437,2,N,short,0,medium
C015438,4,Y,medium,1,high
C015439,3,Y,medium,1,high
C015440,4,N,medium,0,medium
C015441,3,Y,medium,1,high
C015442,4,N,medium,0,medium
C015443,4,Y,medium,1,high
C015444,4,Y,medium,1,high
C015445,4,N,medium,0,medium
C015446,4,N,medium,0,medium
C015447,4,N,medium,0,medium
C015448,4,N,medium,0,medium
C015449,2,N,short,0,medium
C015450,3,Y,medium,1,high
C015451,3,Y,medium,1,high
C015452,2,N,short,0,medium
C015453,3,N,medium,0,medium
C015454,3,Y,medium,1,high
C015455,3,N,medium,0,medium
C015456,3,N,medium,0,medium
C015457,4,N,medium,0,medium
C015458,2,N,short,0,medium
C015459,4,N,medium,0,medium
C015460,2,N,short,0,medium
C015461,2,N,short,0,medium
C015462,2,N,short,0,medium
C015463,3,Y,medium,1,high
C015464,3,N,medium,0,medium
C015465,4,N,medium,0,medium
C015466,3,Y,medium,1,high
C015467,3,N,medium,0,medium
C015468,3,N,medium,0,medium
C015469,2,N,short,0,medium
C015470,4,N,medium,0,medium
C015471,4,N,medium,0,medium
C015472,3,N,medium,0,medium
C015473,4,N,medium,0,medium
C015474,2,Y,short,1,high
C015475,3,N,medium,0,medium
C015476,2,N,short,0,medium
C015477,2,N,short,0,medium
C015478,4,Y,medium,1,high
C015479,3,Y,medium,1,high
C015480,2,Y,short,1,high
C015481,2,N,short,0,medium
C015482,4,N,medium,0,medium
C015483,4,N,medium,0,medium
C015484,3,N,medium,0,medium
C015485,3,N,medium,0,medium
C015486,2,N,short,0,medium
C015487,3,N,medium,0,medium
C015488,3,N,medium,0,medium
C015489,3,N,medium,0,medium
C015490,2,N,short,0,medium
C015491,4,N,medium,0,medium
C015492,3,N,medium,0,medium
C015493,4,N,medium,0,medium
C015494,3,Y,medium,1,high
C015495,3,N,medium,0,medium
C015496,4,N,medium,0,medium
C015497,3,Y,medium,1,high
C015498,3,N,medium,0,medium
C015499,3,Y,medium,1,high
C015500,3,N,medium,0,medium
C015501,4,N,medium,0,medium
C015502,4,N,medium,0,medium
C015503,3,N,medium,0,medium
C015504,2,N,short,0,medium
C015505,3,N,medium,0,medium
C015506,3,Y,medium,1,high
C015507,2,N,short,0,medium
C015508,3,Y,medium,1,high
C015509,4,N,medium,0,medium
C015510,3,N,medium,0,medium
C015511,4,N,medium,0,medium
C015512,3,Y,medium,1,high
C015513,3,N,medium,0,medium
C015514,4,Y,medium,1,high
C015515,4,N,medium,0,medium
C015516,4,Y,medium,1,high
C015517,2,N,short,0,medium
C015518,2,N,short,0,medium
C015519,4,N,medium,0,medium
C015520,3,N,medium,0,medium
C015521,3,N,medium,0,medium
C015522,4,N,medium,0,medium
C015523,3,N,medium,0,medium
C015524,3,N,medium,0,medium
C015525,2,N,short,0,medium
C015526,4,N,medium,0,medium
C015527,4,N,medium,0,medium
C015528,3,N,medium,0,medium
C015529,2,N,short,0,medium
C015530,3,Y,medium,1,high
C015531,4,N,medium,0,medium
C015532,3,N,medium,0,medium
C015533,2,N,short,0,medium
C015534,2,N,short,0,medium
C015535,3,N,medium,0,medium
C015536,2,N,short,0,medium
C015537,3,N,medium,0,medium
C015538,4,N,medium,0,medium
C015539,4,N,medium,0,medium
C015540,3,N,medium,0,medium
C015541,4,N,medium,0,medium
C015542,4,N,medium,0,medium
C015543,2,Y,short,1,high
C015544,3,N,medium,0,medium
C015545,2,N,short,0,medium
C015546,3,N,medium,0,medium
C015547,2,N,short,0,medium
C015548,2,N,short,0,medium
C015549,2,N,short,0,medium
C015550,3,N,medium,0,medium
C015551,3,N,medium,0,medium
C015552,2,N,short,0,medium
C015553,4,N,medium,0,medium
C015554,2,N,short,0,medium
C015555,4,N,medium,0,medium
C015556,4,N,medium,0,medium
C015557,4,N,medium,0,medium
C015558,2,N,short,0,medium
C015559,2,N,short,0,medium
C015560,4,N,medium,0,medium
C015561,3,N,medium,0,medium
C015562,4,N,medium,0,medium
C015563,4,N,medium,0,medium
C015564,4,N,medium,0,medium
C015565,2,N,short,0,medium
C015566,2,Y,short,1,high
C015567,2,N,short,0,medium
C015568,2,N,short,0,medium
C015569,4,N,medium,0,medium
C015570,2,N,short,0,medium
C015571,3,Y,medium,1,high
C015572,2,Y,short,1,high
C015573,2,Y,short,1,high
C015574,3,N,medium,0,medium
C015575,2,N,short,0,medium
C015576,4,N,medium,0,medium
C015577,3,N,medium,0,medium
C015578,3,N,medium,0,medium
C015579,3,N,medium,0,medium
C015580,3,N,medium,0,medium
C015581,2,N,short,0,medium
C015582,3,N,medium,0,medium
C015583,4,N,medium,0,medium
C015584,4,N,medium,0,medium
C015585,2,N,short,0,medium
C015586,2,N,short,0,medium
C015587,3,N,medium,0,medium
C015588,3,Y,medium,1,high
C015589,3,N,medium,0,medium
C015590,2,N,short,0,medium
C015591,4,N,medium,0,medium
C015592,3,N,medium,0,medium
C015593,4,N,medium,0,medium
C015594,3,N,medium,0,medium
C015595,4,N,medium,0,medium
C015596,4,Y,medium,1,high
C015597,4,Y,medium,1,high
C015598,3,N,medium,0,medium
C015599,3,N,medium,0,medium
C015600,4,N,medium,0,medium
C015601,2,N,short,0,medium
C015602,4,N,medium,0,medium
C015603,3,N,medium,0,medium
C015604,2,N,short,0,medium
C015605,2,N,short,0,medium
C015606,4,N,medium,0,medium
C015607,4,N,medium,0,medium
C015608,4,Y,medium,1,high
C015609,3,N,medium,0,medium
C015610,3,N,medium,0,medium
C015611,3,N,medium,0,medium
C015612,4,Y,medium,1,high
C015613,4,N,medium,0,medium
C015614,3,N,medium,0,medium
C015615,3,N,medium,0,medium
C015616,2,Y,short,1,high
C015617,2,Y,short,1,high
C015618,3,N,medium,0,medium
C015619,4,Y,medium,1,high
C015620,4,N,medium,0,medium
C015621,3,N,medium,0,medium
C015622,2,N,short,0,medium
C015623,4,N,medium,0,medium
C015624,2,N,short,0,medium
C015625,2,N,short,0,medium
C015626,2,N,short,0,medium
C015627,3,N,medium,0,medium
C015628,2,N,short,0,medium
C015629,3,N,medium,0,medium
C015630,4,Y,medium,1,high
C015631,4,N,medium,0,medium
C015632,4,N,medium,0,medium
C015633,2,N,short,0,medium
C015634,2,N,short,0,medium
C015635,4,N,medium,0,medium
C015636,2,N,short,0,medium
C015637,4,N,medium,0,medium
C015638,3,N,medium,0,medium
C015639,4,N,medium,0,medium
C015640,3,N,medium,0,medium
C015641,4,Y,medium,1,high
C015642,2,N,short,0,medium
C015643,3,N,medium,0,medium
C015644,3,N,medium,0,medium
C015645,2,N,short,0,medium
C015646,4,N,medium,0,medium
C015647,4,N,medium,0,medium
C015648,3,N,medium,0,medium
C015649,3,Y,medium,1,high
C015650,4,N,medium,0,medium
C015651,2,N,short,0,medium
C015652,2,N,short,0,medium
C015653,2,N,short,0,medium
C015654,4,N,medium,0,medium
C015655,4,N,medium,0,medium
C015656,4,Y,medium,1,high
C015657,4,Y,medium,1,high
C015658,3,Y,medium,1,high
C015659,3,Y,medium,1,high
C015660,3,N,medium,0,medium
C015661,2,N,short,0,medium
C015662,4,Y,medium,1,high
C015663,4,N,medium,0,medium
C015664,4,N,medium,0,medium
C015665,4,N,medium,0,medium
C015666,4,Y,medium,1,high
C015667,3,N,medium,0,medium
C015668,4,N,medium,0,medium
C015669,4,N,medium,0,medium
C015670,2,N,short,0,medium
C015671,2,N,short,0,medium
C015672,2,Y,short,1,high
C015673,2,N,short,0,medium
C015674,2,Y,short,1,high
C015675,4,N,medium,0,medium
C015676,2,N,short,0,medium
C015677,3,N,medium,0,medium
C015678,2,N,short,0,medium
C015679,3,N,medium,0,medium
C015680,3,N,medium,0,medium
C015681,2,N,short,0,medium
C015682,3,N,medium,0,medium
C015683,4,N,medium,0,medium
C015684,3,N,medium,0,medium
C015685,4,Y,medium,1,high
C015686,3,N,medium,0,medium
C015687,4,N,medium,0,medium
C015688,4,N,medium,0,medium
C015689,4,N,medium,0,medium
C015690,3,N,medium,0,medium
C015691,4,N,medium,0,medium
C015692,3,Y,medium,1,high
C015693,3,N,medium,0,medium
C015694,3,N,medium,0,medium
C015695,2,N,short,0,medium
C015696,3,N,medium,0,medium
C015697,2,Y,short,1,high
C015698,4,N,medium,0,medium
C015699,3,N,medium,0,medium
C015700,4,Y,medium,1,high
C015701,2,N,short,0,medium
C015702,2,N,short,0,medium
C015703,2,N,short,0,medium
C015704,2,N,short,0,medium
C015705,3,N,medium,0,medium
C015706,2,Y,short,1,high
C015707,4,N,medium,0,medium
C015708,2,Y,short,1,high
C015709,4,N,medium,0,medium
C015710,2,Y,short,1,high
C015711,2,Y,short,1,high
C015712,3,N,medium,0,medium
C015713,2,N,short,0,medium
C015714,4,N,medium,0,medium
C015715,4,Y,medium,1,high
C015716,2,Y,short,1,high
C015717,3,N,medium,0,medium
C015718,2,N,short,0,medium
C015719,3,N,medium,0,medium
C015720,4,N,medium,0,medium
C015721,2,N,short,0,medium
C015722,3,N,medium,0,medium
C015723,2,N,short,0,medium
C015724,3,N,medium,0,medium
C015725,2,Y,short,1,high
C015726,3,Y,medium,1,high
C015727,3,N,medium,0,medium
C015728,4,N,medium,0,medium
C015729,2,N,short,0,medium
C015730,3,N,medium,0,medium
C015731,2,N,short,0,medium
C015732,4,N,medium,0,medium
C015733,3,Y,medium,1,high
C015734,4,N,medium,0,medium
C015735,3,Y,medium,1,high
C015736,2,Y,short,1,high
C015737,4,N,medium,0,medium
C015738,4,N,medium,0,medium
C015739,2,Y,short,1,high
C015740,4,N,medium,0,medium
C015741,3,N,medium,0,medium
C015742,4,Y,medium,1,high
C015743,2,Y,short,1,high
C015744,4,N,medium,0,medium
C015745,4,N,medium,0,medium
C015746,2,N,short,0,medium
C015747,4,N,medium,0,medium
C015748,2,N,short,0,medium
C015749,2,Y,short,1,high
C015750,3,N,medium,0,medium
C015751,2,N,short,0,medium
C015752,3,N,medium,0,medium
C015753,3,N,medium,0,medium
C015754,3,Y,medium,1,high
C015755,4,N,medium,0,medium
C015756,3,N,medium,0,medium
C015757,2,N,short,0,medium
C015758,3,N,medium,0,medium
C015759,4,Y,medium,1,high
C015760,2,N,short,0,medium
C015761,3,N,medium,0,medium
C015762,3,Y,medium,1,high
C015763,4,N,medium,0,medium
C015764,4,N,medium,0,medium
C015765,3,N,medium,0,medium
C015766,2,N,short,0,medium
C015767,2,N,short,0,medium
C015768,2,N,short,0,medium
C015769,3,N,medium,0,medium
C015770,3,N,medium,0,medium
C015771,3,N,medium,0,medium
C015772,4,N,medium,0,medium
C015773,4,Y,medium,1,high
C015774,3,N,medium,0,medium
C015775,4,N,medium,0,medium
C015776,2,Y,short,1,high
C015777,2,N,short,0,medium
C015778,2,N,short,0,medium
C015779,2,N,short,0,medium
C015780,3,N,medium,0,medium
C015781,3,N,medium,0,medium
C015782,2,N,short,0,medium
C015783,2,N,short,0,medium
C015784,2,N,short,0,medium
C015785,2,N,short,0,medium
C015786,4,N,medium,0,medium
C015787,4,N,medium,0,medium
C015788,2,Y,short,1,high
C015789,4,N,medium,0,medium
C015790,2,N,short,0,medium
C015791,4,Y,medium,1,high
C015792,4,N,medium,0,medium
C015793,3,N,medium,0,medium
C015794,3,N,medium,0,medium
C015795,3,N,medium,0,medium
C015796,3,N,medium,0,medium
C015797,3,N,medium,0,medium
C015798,2,N,short,0,medium
C015799,3,N,medium,0,medium
C015800,4,N,medium,0,medium
C015801,3,Y,medium,1,high
C015802,2,Y,short,1,high
C015803,4,N,medium,0,medium
C015804,3,N,medium,0,medium
C015805,3,N,medium,0,medium
C015806,4,N,medium,0,medium
C015807,4,N,medium,0,medium
C015808,2,Y,short,1,high
C015809,4,N,medium,0,medium
C015810,3,N,medium,0,medium
C015811,4,N,medium,0,medium
C015812,4,Y,medium,1,high
C015813,3,N,medium,0,medium
C015814,2,N,short,0,medium
C015815,3,N,medium,0,medium
C015816,2,Y,short,1,high
C015817,4,Y,medium,1,high
C015818,3,N,medium,0,medium
C015819,4,N,medium,0,medium
C015820,3,N,medium,0,medium
C015821,4,N,medium,0,medium
C015822,2,N,short,0,medium
C015823,2,N,short,0,medium
C015824,2,N,short,0,medium
C015825,4,N,medium,0,medium
C015826,3,N,medium,0,medium
C015827,3,N,medium,0,medium
C015828,3,N,medium,0,medium
C015829,4,N,medium,0,medium
C015830,2,N,short,0,medium
C015831,4,N,medium,0,medium
C015832,2,N,short,0,medium
C015833,3,N,medium,0,medium
C015834,3,Y,medium,1,high
C015835,2,N,short,0,medium
C015836,2,N,short,0,medium
C015837,4,Y,medium,1,high
C015838,3,N,medium,0,medium
C015839,3,N,medium,0,medium
C015840,2,N,short,0,medium
C015841,2,N,short,0,medium
C015842,4,N,medium,0,medium
C015843,3,N,medium,0,medium
C015844,2,Y,short,1,high
C015845,2,N,short,0,medium
C015846,2,N,short,0,medium
C015847,2,N,short,0,medium
C015848,3,Y,medium,1,high
C015849,3,N,medium,0,medium
C015850,2,N,short,0,medium
C015851,2,N,short,0,medium
C015852,3,N,medium,0,medium
C015853,3,Y,medium,1,high
C015854,2,N,short,0,medium
C015855,3,N,medium,0,medium
C015856,3,Y,medium,1,high
C015857,4,N,medium,0,medium
C015858,4,Y,medium,1,high
C015859,4,N,medium,0,medium
C015860,2,N,short,0,medium
C015861,4,N,medium,0,medium
C015862,2,N,short,0,medium
C015863,4,N,medium,0,medium
C015864,2,N,short,0,medium
C015865,4,N,medium,0,medium
C015866,3,N,medium,0,medium
C015867,2,N,short,0,medium
C015868,4,N,medium,0,medium
C015869,4,N,medium,0,medium
C015870,3,Y,medium,1,high
C015871,2,N,short,0,medium
C015872,4,N,medium,0,medium
C015873,2,N,short,0,medium
C015874,2,N,short,0,medium
C015875,3,N,medium,0,medium
C015876,2,N,short,0,medium
C015877,3,N,medium,0,medium
C015878,3,N,medium,0,medium
C015879,3,Y,medium,1,high
C015880,4,N,medium,0,medium
C015881,4,Y,medium,1,high
C015882,4,N,medium,0,medium
C015883,2,N,short,0,medium
C015884,3,N,medium,0,medium
C015885,4,N,medium,0,medium
C015886,3,N,medium,0,medium
C015887,4,N,medium,0,medium
C015888,3,N,medium,0,medium
C015889,2,N,short,0,medium
C015890,3,N,medium,0,medium
C015891,2,N,short,0,medium
C015892,2,N,short,0,medium
C015893,2,N,short,0,medium
C015894,2,N,short,0,medium
C015895,4,N,medium,0,medium
C015896,4,N,medium,0,medium
C015897,3,N,medium,0,medium
C015898,4,N,medium,0,medium
C015899,4,Y,medium,1,high
C015900,4,N,medium,0,medium
C015901,3,N,medium,0,medium
C015902,2,Y,short,1,high
C015903,4,Y,medium,1,high
C015904,2,N,short,0,medium
C015905,3,N,medium,0,medium
C015906,4,N,medium,0,medium
C015907,2,N,short,0,medium
C015908,2,N,short,0,medium
C015909,2,Y,short,1,high
C015910,3,N,medium,0,medium
C015911,3,N,medium,0,medium
C015912,2,N,short,0,medium
C015913,2,N,short,0,medium
C015914,4,N,medium,0,medium
C015915,4,N,medium,0,medium
C015916,3,N,medium,0,medium
C015917,4,Y,medium,1,high
C015918,2,N,short,0,medium
C015919,3,N,medium,0,medium
C015920,3,N,medium,0,medium
C015921,2,Y,short,1,high
C015922,4,N,medium,0,medium
C015923,4,N,medium,0,medium
C015924,4,N,medium,0,medium
C015925,3,N,medium,0,medium
C015926,2,N,short,0,medium
C015927,4,N,medium,0,medium
C015928,2,N,short,0,medium
C015929,2,Y,short,1,high
C015930,2,N,short,0,medium
C015931,3,N,medium,0,medium
C015932,2,N,short,0,medium
C015933,2,N,short,0,medium
C015934,4,N,medium,0,medium
C015935,3,N,medium,0,medium
C015936,4,N,medium,0,medium
C015937,3,N,medium,0,medium
C015938,4,N,medium,0,medium
C015939,2,N,short,0,medium
C015940,2,N,short,0,medium
C015941,2,N,short,0,medium
C015942,2,Y,short,1,high
C015943,3,N,medium,0,medium
C015944,2,N,short,0,medium
C015945,2,Y,short,1,high
C015946,4,N,medium,0,medium
C015947,2,N,short,0,medium
C015948,2,N,short,0,medium
C015949,2,N,short,0,medium
C015950,4,N,medium,0,medium
C015951,4,N,medium,0,medium
C015952,3,N,medium,0,medium
C015953,4,N,medium,0,medium
C015954,4,N,medium,0,medium
C015955,3,N,medium,0,medium
C015956,2,N,short,0,medium
C015957,2,N,short,0,medium
C015958,3,Y,medium,1,high
C015959,3,N,medium,0,medium
C015960,4,N,medium,0,medium
C015961,2,Y,short,1,high
C015962,2,Y,short,1,high
C015963,4,Y,medium,1,high
C015964,3,N,medium,0,medium
C015965,4,N,medium,0,medium
C015966,4,N,medium,0,medium
C015967,3,N,medium,0,medium
C015968,2,Y,short,1,high
C015969,3,N,medium,0,medium
C015970,4,N,medium,0,medium
C015971,3,N,medium,0,medium
C015972,2,N,short,0,medium
C015973,2,N,short,0,medium
C015974,3,N,medium,0,medium
C015975,3,N,medium,0,medium
C015976,4,N,medium,0,medium
C015977,4,N,medium,0,medium
C015978,4,Y,medium,1,high
C015979,4,Y,medium,1,high
C015980,3,N,medium,0,medium
C015981,2,N,short,0,medium
C015982,3,N,medium,0,medium
C015983,3,N,medium,0,medium
C015984,4,N,medium,0,medium
C015985,3,Y,medium,1,high
C015986,2,N,short,0,medium
C015987,2,N,short,0,medium
C015988,3,N,medium,0,medium
C015989,3,N,medium,0,medium
C015990,3,N,medium,0,medium
C015991,2,N,short,0,medium
C015992,3,N,medium,0,medium
C015993,4,Y,medium,1,high
C015994,3,Y,medium,1,high
C015995,2,N,short,0,medium
C015996,4,N,medium,0,medium
C015997,3,N,medium,0,medium
C015998,2,N,short,0,medium
C015999,2,N,short,0,medium
C016000,3,N,medium,0,medium
C016001,2,Y,short,1,high
C016002,3,N,medium,0,medium
C016003,3,N,medium,0,medium
C016004,4,N,medium,0,medium
C016005,3,N,medium,0,medium
C016006,3,Y,medium,1,high
C016007,2,N,short,0,medium
C016008,2,N,short,0,medium
C016009,3,N,medium,0,medium
C016010,4,N,medium,0,medium
C016011,4,N,medium,0,medium
C016012,3,N,medium,0,medium
C016013,4,N,medium,0,medium
C016014,4,N,medium,0,medium
C016015,2,N,short,0,medium
C016016,4,N,medium,0,medium
C016017,2,Y,short,1,high
C016018,2,Y,short,1,high
C016019,4,N,medium,0,medium
C016020,2,Y,short,1,high
C016021,3,N,medium,0,medium
C016022,2,N,short,0,medium
C016023,4,N,medium,0,medium
C016024,2,N,short,0,medium
C016025,2,N,short,0,medium
C016026,3,N,medium,0,medium
C016027,2,N,short,0,medium
C016028,3,Y,medium,1,high
C016029,4,N,medium,0,medium
C016030,3,N,medium,0,medium
C016031,2,N,short,0,medium
C016032,2,Y,short,1,high
C016033,3,Y,medium,1,high
C016034,4,Y,medium,1,high
C016035,3,N,medium,0,medium
C016036,3,N,medium,0,medium
C016037,4,Y,medium,1,high
C016038,4,N,medium,0,medium
C016039,3,N,medium,0,medium
C016040,3,Y,medium,1,high
C016041,2,N,short,0,medium
C016042,3,N,medium,0,medium
C016043,2,N,short,0,medium
C016044,4,N,medium,0,medium
C016045,2,N,short,0,medium
C016046,3,N,medium,0,medium
C016047,4,N,medium,0,medium
C016048,2,N,short,0,medium
C016049,4,N,medium,0,medium
C016050,4,Y,medium,1,high
C016051,2,Y,short,1,high
C016052,2,N,short,0,medium
C016053,2,N,short,0,medium
C016054,3,Y,medium,1,high
C016055,4,Y,medium,1,high
C016056,4,N,medium,0,medium
C016057,2,Y,short,1,high
C016058,3,N,medium,0,medium
C016059,3,N,medium,0,medium
C016060,2,N,short,0,medium
C016061,2,N,short,0,medium
C016062,2,N,short,0,medium
C016063,3,N,medium,0,medium
C016064,3,N,medium,0,medium
C016065,4,Y,medium,1,high
C016066,4,N,medium,0,medium
C016067,3,N,medium,0,medium
C016068,4,N,medium,0,medium
C016069,4,N,medium,0,medium
C016070,4,N,medium,0,medium
C016071,4,N,medium,0,medium
C016072,4,N,medium,0,medium
C016073,2,N,short,0,medium
C016074,3,N,medium,0,medium
C016075,3,N,medium,0,medium
C016076,4,N,medium,0,medium
C016077,2,N,short,0,medium
C016078,3,N,medium,0,medium
C016079,2,N,short,0,medium
C016080,4,N,medium,0,medium
C016081,2,N,short,0,medium
C016082,2,N,short,0,medium
C016083,3,N,medium,0,medium
C016084,4,N,medium,0,medium
C016085,3,N,medium,0,medium
C016086,3,N,medium,0,medium
C016087,4,N,medium,0,medium
C016088,3,Y,medium,1,high
C016089,4,N,medium,0,medium
C016090,2,N,short,0,medium
C016091,4,Y,medium,1,high
C016092,4,N,medium,0,medium
C016093,2,N,short,0,medium
C016094,3,Y,medium,1,high
C016095,2,N,short,0,medium
C016096,3,N,medium,0,medium
C016097,3,N,medium,0,medium
C016098,3,N,medium,0,medium
C016099,2,Y,short,1,high
C016100,4,N,medium,0,medium
C016101,3,N,medium,0,medium
C016102,2,N,short,0,medium
C016103,4,N,medium,0,medium
C016104,2,N,short,0,medium
C016105,4,N,medium,0,medium
C016106,4,N,medium,0,medium
C016107,3,N,medium,0,medium
C016108,3,Y,medium,1,high
C016109,4,N,medium,0,medium
C016110,3,N,medium,0,medium
C016111,4,N,medium,0,medium
C016112,4,N,medium,0,medium
C016113,3,Y,medium,1,high
C016114,3,N,medium,0,medium
C016115,2,N,short,0,medium
C016116,3,N,medium,0,medium
C016117,3,N,medium,0,medium
C016118,2,N,short,0,medium
C016119,4,N,medium,0,medium
C016120,3,N,medium,0,medium
C016121,4,N,medium,0,medium
C016122,4,N,medium,0,medium
C016123,3,N,medium,0,medium
C016124,4,N,medium,0,medium
C016125,4,N,medium,0,medium
C016126,2,N,short,0,medium
C016127,3,N,medium,0,medium
C016128,4,Y,medium,1,high
C016129,3,N,medium,0,medium
C016130,4,N,medium,0,medium
C016131,2,N,short,0,medium
C016132,4,N,medium,0,medium
C016133,2,N,short,0,medium
C016134,4,N,medium,0,medium
C016135,4,N,medium,0,medium
C016136,3,N,medium,0,medium
C016137,3,N,medium,0,medium
C016138,4,N,medium,0,medium
C016139,3,N,medium,0,medium
C016140,4,N,medium,0,medium
C016141,3,N,medium,0,medium
C016142,4,N,medium,0,medium
C016143,3,N,medium,0,medium
C016144,2,N,short,0,medium
C016145,3,N,medium,0,medium
C016146,2,N,short,0,medium
C016147,4,N,medium,0,medium
C016148,3,N,medium,0,medium
C016149,2,N,short,0,medium
C016150,4,N,medium,0,medium
C016151,3,N,medium,0,medium
C016152,4,N,medium,0,medium
C016153,4,N,medium,0,medium
C016154,2,N,short,0,medium
C016155,2,Y,short,1,high
C016156,3,N,medium,0,medium
C016157,4,N,medium,0,medium
C016158,2,N,short,0,medium
C016159,4,Y,medium,1,high
C016160,3,N,medium,0,medium
C016161,3,N,medium,0,medium
C016162,3,N,medium,0,medium
C016163,3,Y,medium,1,high
C016164,2,N,short,0,medium
C016165,3,N,medium,0,medium
C016166,4,N,medium,0,medium
C016167,3,N,medium,0,medium
C016168,4,Y,medium,1,high
C016169,3,N,medium,0,medium
C016170,2,Y,short,1,high
C016171,3,N,medium,0,medium
C016172,2,N,short,0,medium
C016173,3,N,medium,0,medium
C016174,4,Y,medium,1,high
C016175,3,N,medium,0,medium
C016176,2,N,short,0,medium
C016177,2,N,short,0,medium
C016178,4,N,medium,0,medium
C016179,2,N,short,0,medium
C016180,2,N,short,0,medium
C016181,2,N,short,0,medium
C016182,4,N,medium,0,medium
C016183,4,N,medium,0,medium
C016184,2,N,short,0,medium
C016185,3,N,medium,0,medium
C016186,3,Y,medium,1,high
C016187,3,Y,medium,1,high
C016188,3,N,medium,0,medium
C016189,3,N,medium,0,medium
C016190,2,N,short,0,medium
C016191,2,N,short,0,medium
C016192,2,N,short,0,medium
C016193,2,N,short,0,medium
C016194,3,Y,medium,1,high
C016195,4,N,medium,0,medium
C016196,4,N,medium,0,medium
C016197,3,N,medium,0,medium
C016198,2,N,short,0,medium
C016199,3,N,medium,0,medium
C016200,4,N,medium,0,medium
C016201,3,Y,medium,1,high
C016202,3,N,medium,0,medium
C016203,2,N,short,0,medium
C016204,4,N,medium,0,medium
C016205,4,N,medium,0,medium
C016206,2,N,short,0,medium
C016207,3,N,medium,0,medium
C016208,2,Y,short,1,high
C016209,2,Y,short,1,high
C016210,4,Y,medium,1,high
C016211,2,Y,short,1,high
C016212,4,N,medium,0,medium
C016213,3,N,medium,0,medium
C016214,4,Y,medium,1,high
C016215,3,N,medium,0,medium
C016216,4,N,medium,0,medium
C016217,4,N,medium,0,medium
C016218,3,Y,medium,1,high
C016219,3,N,medium,0,medium
C016220,3,N,medium,0,medium
C016221,2,N,short,0,medium
C016222,3,N,medium,0,medium
C016223,2,N,short,0,medium
C016224,2,N,short,0,medium
C016225,4,N,medium,0,medium
C016226,3,N,medium,0,medium
C016227,4,N,medium,0,medium
C016228,3,Y,medium,1,high
C016229,4,N,medium,0,medium
C016230,3,N,medium,0,medium
C016231,2,N,short,0,medium
C016232,4,N,medium,0,medium
C016233,4,N,medium,0,medium
C016234,4,N,medium,0,medium
C016235,2,N,short,0,medium
C016236,2,Y,short,1,high
C016237,4,Y,medium,1,high
C016238,4,N,medium,0,medium
C016239,4,N,medium,0,medium
C016240,4,N,medium,0,medium
C016241,2,N,short,0,medium
C016242,4,N,medium,0,medium
C016243,3,Y,medium,1,high
C016244,2,N,short,0,medium
C016245,3,N,medium,0,medium
C016246,3,N,medium,0,medium
C016247,2,N,short,0,medium
C016248,2,N,short,0,medium
C016249,3,N,medium,0,medium
C016250,3,N,medium,0,medium
C016251,4,N,medium,0,medium
C016252,2,Y,short,1,high
C016253,2,N,short,0,medium
C016254,4,N,medium,0,medium
C016255,3,N,medium,0,medium
C016256,4,Y,medium,1,high
C016257,2,N,short,0,medium
C016258,2,N,short,0,medium
C016259,4,N,medium,0,medium
C016260,3,N,medium,0,medium
C016261,4,N,medium,0,medium
C016262,4,Y,medium,1,high
C016263,4,Y,medium,1,high
C016264,2,N,short,0,medium
C016265,2,N,short,0,medium
C016266,2,N,short,0,medium
C016267,2,N,short,0,medium
C016268,3,N,medium,0,medium
C016269,2,N,short,0,medium
C016270,2,N,short,0,medium
C016271,3,N,medium,0,medium
C016272,2,N,short,0,medium
C016273,3,N,medium,0,medium
C016274,4,N,medium,0,medium
C016275,4,N,medium,0,medium
C016276,4,N,medium,0,medium
C016277,4,N,medium,0,medium
C016278,4,N,medium,0,medium
C016279,3,Y,medium,1,high
C016280,2,N,short,0,medium
C016281,2,N,short,0,medium
C016282,4,N,medium,0,medium
C016283,2,N,short,0,medium
C016284,3,N,medium,0,medium
C016285,3,N,medium,0,medium
C016286,3,Y,medium,1,high
C016287,2,N,short,0,medium
C016288,3,N,medium,0,medium
C016289,3,Y,medium,1,high
C016290,2,N,short,0,medium
C016291,4,N,medium,0,medium
C016292,3,N,medium,0,medium
C016293,4,N,medium,0,medium
C016294,3,N,medium,0,medium
C016295,2,N,short,0,medium
C016296,3,N,medium,0,medium
C016297,4,N,medium,0,medium
C016298,4,N,medium,0,medium
C016299,4,N,medium,0,medium
C016300,4,N,medium,0,medium
C016301,2,Y,short,1,high
C016302,3,Y,medium,1,high
C016303,4,N,medium,0,medium
C016304,4,N,medium,0,medium
C016305,3,Y,medium,1,high
C016306,4,N,medium,0,medium
C016307,2,Y,short,1,high
C016308,2,N,short,0,medium
C016309,4,N,medium,0,medium
C016310,4,Y,medium,1,high
C016311,4,N,medium,0,medium
C016312,2,N,short,0,medium
C016313,2,N,short,0,medium
C016314,2,N,short,0,medium
C016315,3,N,medium,0,medium
C016316,4,Y,medium,1,high
C016317,4,N,medium,0,medium
C016318,3,N,medium,0,medium
C016319,2,N,short,0,medium
C016320,3,N,medium,0,medium
C016321,4,N,medium,0,medium
C016322,2,N,short,0,medium
C016323,3,N,medium,0,medium
C016324,4,Y,medium,1,high
C016325,3,N,medium,0,medium
C016326,4,Y,medium,1,high
C016327,3,Y,medium,1,high
C016328,3,N,medium,0,medium
C016329,3,Y,medium,1,high
C016330,2,N,short,0,medium
C016331,3,Y,medium,1,high
C016332,2,Y,short,1,high
C016333,2,N,short,0,medium
C016334,2,N,short,0,medium
C016335,3,N,medium,0,medium
C016336,4,N,medium,0,medium
C016337,3,N,medium,0,medium
C016338,4,N,medium,0,medium
C016339,3,N,medium,0,medium
C016340,2,N,short,0,medium
C016341,2,N,short,0,medium
C016342,4,N,medium,0,medium
C016343,2,N,short,0,medium
C016344,2,N,short,0,medium
C016345,2,N,short,0,medium
C016346,2,N,short,0,medium
C016347,3,Y,medium,1,high
C016348,3,Y,medium,1,high
C016349,3,N,medium,0,medium
C016350,2,N,short,0,medium
C016351,2,N,short,0,medium
C016352,3,N,medium,0,medium
C016353,2,N,short,0,medium
C016354,4,Y,medium,1,high
C016355,3,N,medium,0,medium
C016356,2,Y,short,1,high
C016357,2,Y,short,1,high
C016358,2,N,short,0,medium
C016359,4,Y,medium,1,high
C016360,3,N,medium,0,medium
C016361,3,N,medium,0,medium
C016362,3,N,medium,0,medium
C016363,2,N,short,0,medium
C016364,2,N,short,0,medium
C016365,4,N,medium,0,medium
C016366,3,N,medium,0,medium
C016367,2,N,short,0,medium
C016368,3,N,medium,0,medium
C016369,4,N,medium,0,medium
C016370,4,N,medium,0,medium
C016371,2,N,short,0,medium
C016372,2,N,short,0,medium
C016373,2,N,short,0,medium
C016374,4,N,medium,0,medium
C016375,4,N,medium,0,medium
C016376,4,N,medium,0,medium
C016377,4,N,medium,0,medium
C016378,2,N,short,0,medium
C016379,3,N,medium,0,medium
C016380,4,N,medium,0,medium
C016381,4,N,medium,0,medium
C016382,4,N,medium,0,medium
C016383,2,N,short,0,medium
C016384,3,N,medium,0,medium
C016385,3,N,medium,0,medium
C016386,3,N,medium,0,medium
C016387,2,N,short,0,medium
C016388,3,N,medium,0,medium
C016389,4,N,medium,0,medium
C016390,3,Y,medium,1,high
C016391,4,N,medium,0,medium
C016392,2,Y,short,1,high
C016393,2,N,short,0,medium
C016394,2,N,short,0,medium
C016395,4,N,medium,0,medium
C016396,4,Y,medium,1,high
C016397,4,Y,medium,1,high
C016398,2,N,short,0,medium
C016399,4,Y,medium,1,high
C016400,3,N,medium,0,medium
C016401,3,N,medium,0,medium
C016402,2,N,short,0,medium
C016403,4,N,medium,0,medium
C016404,4,N,medium,0,medium
C016405,4,N,medium,0,medium
C016406,4,N,medium,0,medium
C016407,3,N,medium,0,medium
C016408,3,N,medium,0,medium
C016409,4,N,medium,0,medium
C016410,4,N,medium,0,medium
C016411,2,N,short,0,medium
C016412,4,Y,medium,1,high
C016413,4,N,medium,0,medium
C016414,2,N,short,0,medium
C016415,3,N,medium,0,medium
C016416,3,N,medium,0,medium
C016417,3,N,medium,0,medium
C016418,2,N,short,0,medium
C016419,2,Y,short,1,high
C016420,4,N,medium,0,medium
C016421,3,N,medium,0,medium
C016422,2,N,short,0,medium
C016423,3,N,medium,0,medium
C016424,4,N,medium,0,medium
C016425,3,N,medium,0,medium
C016426,4,N,medium,0,medium
C016427,3,N,medium,0,medium
C016428,4,Y,medium,1,high
C016429,2,N,short,0,medium
C016430,3,N,medium,0,medium
C016431,3,N,medium,0,medium
C016432,4,N,medium,0,medium
C016433,4,Y,medium,1,high
C016434,2,N,short,0,medium
C016435,2,N,short,0,medium
C016436,2,N,short,0,medium
C016437,2,N,short,0,medium
C016438,4,N,medium,0,medium
C016439,4,N,medium,0,medium
C016440,2,N,short,0,medium
C016441,2,N,short,0,medium
C016442,3,N,medium,0,medium
C016443,4,N,medium,0,medium
C016444,4,N,medium,0,medium
C016445,3,N,medium,0,medium
C016446,3,N,medium,0,medium
C016447,2,Y,short,1,high
C016448,3,Y,medium,1,high
C016449,2,N,short,0,medium
C016450,3,N,medium,0,medium
C016451,3,N,medium,0,medium
C016452,4,N,medium,0,medium
C016453,3,N,medium,0,medium
C016454,2,Y,short,1,high
C016455,4,N,medium,0,medium
C016456,2,N,short,0,medium
C016457,2,N,short,0,medium
C016458,2,N,short,0,medium
C016459,2,N,short,0,medium
C016460,2,N,short,0,medium
C016461,3,N,medium,0,medium
C016462,4,N,medium,0,medium
C016463,4,Y,medium,1,high
C016464,4,N,medium,0,medium
C016465,4,N,medium,0,medium
C016466,3,N,medium,0,medium
C016467,2,N,short,0,medium
C016468,3,N,medium,0,medium
C016469,2,N,short,0,medium
C016470,3,N,medium,0,medium
C016471,2,N,short,0,medium
C016472,3,N,medium,0,medium
C016473,2,N,short,0,medium
C016474,3,N,medium,0,medium
C016475,3,N,medium,0,medium
C016476,3,Y,medium,1,high
C016477,2,Y,short,1,high
C016478,2,N,short,0,medium
C016479,4,Y,medium,1,high
C016480,3,Y,medium,1,high
C016481,4,N,medium,0,medium
C016482,4,N,medium,0,medium
C016483,4,N,medium,0,medium
C016484,3,Y,medium,1,high
C016485,4,N,medium,0,medium
C016486,2,N,short,0,medium
C016487,2,Y,short,1,high
C016488,4,N,medium,0,medium
C016489,3,N,medium,0,medium
C016490,2,Y,short,1,high
C016491,2,N,short,0,medium
C016492,4,N,medium,0,medium
C016493,2,N,short,0,medium
C016494,2,N,short,0,medium
C016495,2,N,short,0,medium
C016496,3,N,medium,0,medium
C016497,4,N,medium,0,medium
C016498,4,N,medium,0,medium
C016499,3,N,medium,0,medium
C016500,3,N,medium,0,medium
C016501,2,N,short,0,medium
C016502,3,N,medium,0,medium
C016503,2,N,short,0,medium
C016504,2,N,short,0,medium
C016505,3,N,medium,0,medium
C016506,4,Y,medium,1,high
C016507,2,N,short,0,medium
C016508,3,N,medium,0,medium
C016509,4,Y,medium,1,high
C016510,2,N,short,0,medium
C016511,4,N,medium,0,medium
C016512,3,N,medium,0,medium
C016513,2,Y,short,1,high
C016514,3,Y,medium,1,high
C016515,4,N,medium,0,medium
C016516,3,N,medium,0,medium
C016517,2,N,short,0,medium
C016518,3,Y,medium,1,high
C016519,2,N,short,0,medium
C016520,2,N,short,0,medium
C016521,2,N,short,0,medium
C016522,4,N,medium,0,medium
C016523,2,N,short,0,medium
C016524,2,N,short,0,medium
C016525,4,N,medium,0,medium
C016526,3,Y,medium,1,high
C016527,3,N,medium,0,medium
C016528,3,N,medium,0,medium
C016529,4,N,medium,0,medium
C016530,2,N,short,0,medium
C016531,3,N,medium,0,medium
C016532,2,Y,short,1,high
C016533,2,N,short,0,medium
C016534,4,N,medium,0,medium
C016535,2,N,short,0,medium
C016536,3,N,medium,0,medium
C016537,3,N,medium,0,medium
C016538,3,N,medium,0,medium
C016539,3,Y,medium,1,high
C016540,3,Y,medium,1,high
C016541,3,N,medium,0,medium
C016542,3,N,medium,0,medium
C016543,2,Y,short,1,high
C016544,3,N,medium,0,medium
C016545,3,N,medium,0,medium
C016546,3,Y,medium,1,high
C016547,3,Y,medium,1,high
C016548,4,N,medium,0,medium
C016549,3,N,medium,0,medium
C016550,2,N,short,0,medium
C016551,2,Y,short,1,high
C016552,4,N,medium,0,medium
C016553,4,N,medium,0,medium
C016554,4,N,medium,0,medium
C016555,2,N,short,0,medium
C016556,2,Y,short,1,high
C016557,2,N,short,0,medium
C016558,3,Y,medium,1,high
C016559,2,N,short,0,medium
C016560,3,N,medium,0,medium
C016561,2,N,short,0,medium
C016562,4,Y,medium,1,high
C016563,2,N,short,0,medium
C016564,2,N,short,0,medium
C016565,4,N,medium,0,medium
C016566,2,N,short,0,medium
C016567,3,N,medium,0,medium
C016568,4,N,medium,0,medium
C016569,2,Y,short,1,high
C016570,2,Y,short,1,high
C016571,4,N,medium,0,medium
C016572,4,N,medium,0,medium
C016573,2,N,short,0,medium
C016574,3,Y,medium,1,high
C016575,2,N,short,0,medium
C016576,3,N,medium,0,medium
C016577,4,N,medium,0,medium
C016578,2,N,short,0,medium
C016579,4,N,medium,0,medium
C016580,3,N,medium,0,medium
C016581,3,N,medium,0,medium
C016582,2,N,short,0,medium
C016583,3,N,medium,0,medium
C016584,4,Y,medium,1,high
C016585,4,N,medium,0,medium
C016586,4,N,medium,0,medium
C016587,2,N,short,0,medium
C016588,3,N,medium,0,medium
C016589,2,Y,short,1,high
C016590,3,N,medium,0,medium
C016591,3,N,medium,0,medium
C016592,3,Y,medium,1,high
C016593,3,N,medium,0,medium
C016594,2,N,short,0,medium
C016595,4,N,medium,0,medium
C016596,4,N,medium,0,medium
C016597,4,N,medium,0,medium
C016598,4,N,medium,0,medium
C016599,3,N,medium,0,medium
C016600,3,N,medium,0,medium
C016601,3,N,medium,0,medium
C016602,2,N,short,0,medium
C016603,4,N,medium,0,medium
C016604,2,N,short,0,medium
C016605,3,N,medium,0,medium
C016606,3,Y,medium,1,high
C016607,4,N,medium,0,medium
C016608,2,Y,short,1,high
C016609,4,Y,medium,1,high
C016610,3,N,medium,0,medium
C016611,4,N,medium,0,medium
C016612,2,N,short,0,medium
C016613,3,Y,medium,1,high
C016614,2,N,short,0,medium
C016615,3,N,medium,0,medium
C016616,2,N,short,0,medium
C016617,3,N,medium,0,medium
C016618,2,N,short,0,medium
C016619,2,N,short,0,medium
C016620,4,N,medium,0,medium
C016621,2,N,short,0,medium
C016622,4,N,medium,0,medium
C016623,4,N,medium,0,medium
C016624,3,N,medium,0,medium
C016625,4,N,medium,0,medium
C016626,4,N,medium,0,medium
C016627,3,N,medium,0,medium
C016628,4,N,medium,0,medium
C016629,4,N,medium,0,medium
C016630,4,N,medium,0,medium
C016631,4,N,medium,0,medium
C016632,3,N,medium,0,medium
C016633,3,N,medium,0,medium
C016634,3,N,medium,0,medium
C016635,4,N,medium,0,medium
C016636,2,N,short,0,medium
C016637,4,Y,medium,1,high
C016638,2,N,short,0,medium
C016639,4,N,medium,0,medium
C016640,3,N,medium,0,medium
C016641,2,Y,short,1,high
C016642,4,N,medium,0,medium
C016643,4,N,medium,0,medium
C016644,2,N,short,0,medium
C016645,3,N,medium,0,medium
C016646,4,N,medium,0,medium
C016647,3,Y,medium,1,high
C016648,4,N,medium,0,medium
C016649,3,N,medium,0,medium
C016650,2,N,short,0,medium
C016651,2,N,short,0,medium
C016652,3,N,medium,0,medium
C016653,3,N,medium,0,medium
C016654,3,N,medium,0,medium
C016655,3,N,medium,0,medium
C016656,2,N,short,0,medium
C016657,2,N,short,0,medium
C016658,3,N,medium,0,medium
C016659,2,N,short,0,medium
C016660,4,N,medium,0,medium
C016661,3,Y,medium,1,high
C016662,3,N,medium,0,medium
C016663,4,Y,medium,1,high
C016664,3,N,medium,0,medium
C016665,4,N,medium,0,medium
C016666,2,N,short,0,medium
C016667,2,N,short,0,medium
C016668,4,N,medium,0,medium
C016669,2,Y,short,1,high
C016670,2,Y,short,1,high
C016671,3,N,medium,0,medium
C016672,3,N,medium,0,medium
C016673,4,N,medium,0,medium
C016674,4,N,medium,0,medium
C016675,3,N,medium,0,medium
C016676,4,N,medium,0,medium
C016677,3,N,medium,0,medium
C016678,2,N,short,0,medium
C016679,2,N,short,0,medium
C016680,3,N,medium,0,medium
C016681,2,N,short,0,medium
C016682,3,N,medium,0,medium
C016683,2,N,short,0,medium
C016684,4,N,medium,0,medium
C016685,4,N,medium,0,medium
C016686,3,Y,medium,1,high
C016687,4,N,medium,0,medium
C016688,2,N,short,0,medium
C016689,4,N,medium,0,medium
C016690,4,N,medium,0,medium
C016691,4,N,medium,0,medium
C016692,3,N,medium,0,medium
C016693,2,N,short,0,medium
C016694,3,N,medium,0,medium
C016695,2,N,short,0,medium
C016696,2,N,short,0,medium
C016697,2,N,short,0,medium
C016698,3,N,medium,0,medium
C016699,2,N,short,0,medium
C016700,3,N,medium,0,medium
C016701,4,N,medium,0,medium
C016702,2,N,short,0,medium
C016703,4,N,medium,0,medium
C016704,3,N,medium,0,medium
C016705,2,Y,short,1,high
C016706,2,N,short,0,medium
C016707,2,N,short,0,medium
C016708,4,N,medium,0,medium
C016709,3,N,medium,0,medium
C016710,4,Y,medium,1,high
C016711,2,N,short,0,medium
C016712,4,N,medium,0,medium
C016713,3,N,medium,0,medium
C016714,4,N,medium,0,medium
C016715,4,N,medium,0,medium
C016716,2,N,short,0,medium
C016717,4,N,medium,0,medium
C016718,3,N,medium,0,medium
C016719,2,N,short,0,medium
C016720,2,N,short,0,medium
C016721,2,N,short,0,medium
C016722,2,N,short,0,medium
C016723,4,N,medium,0,medium
C016724,3,N,medium,0,medium
C016725,2,N,short,0,medium
C016726,3,N,medium,0,medium
C016727,2,N,short,0,medium
C016728,2,N,short,0,medium
C016729,4,N,medium,0,medium
C016730,4,N,medium,0,medium
C016731,4,N,medium,0,medium
C016732,4,N,medium,0,medium
C016733,3,N,medium,0,medium
C016734,2,Y,short,1,high
C016735,2,N,short,0,medium
C016736,3,N,medium,0,medium
C016737,2,N,short,0,medium
C016738,3,N,medium,0,medium
C016739,2,N,short,0,medium
C016740,4,N,medium,0,medium
C016741,3,Y,medium,1,high
C016742,3,Y,medium,1,high
C016743,2,N,short,0,medium
C016744,4,N,medium,0,medium
C016745,3,N,medium,0,medium
C016746,4,N,medium,0,medium
C016747,2,N,short,0,medium
C016748,4,N,medium,0,medium
C016749,3,Y,medium,1,high
C016750,4,N,medium,0,medium
C016751,4,N,medium,0,medium
C016752,3,N,medium,0,medium
C016753,4,N,medium,0,medium
C016754,3,N,medium,0,medium
C016755,4,N,medium,0,medium
C016756,3,N,medium,0,medium
C016757,4,N,medium,0,medium
C016758,3,Y,medium,1,high
C016759,4,N,medium,0,medium
C016760,3,N,medium,0,medium
C016761,4,N,medium,0,medium
C016762,4,N,medium,0,medium
C016763,2,N,short,0,medium
C016764,3,N,medium,0,medium
C016765,4,N,medium,0,medium
C016766,3,N,medium,0,medium
C016767,3,N,medium,0,medium
C016768,4,N,medium,0,medium
C016769,4,Y,medium,1,high
C016770,2,N,short,0,medium
C016771,2,N,short,0,medium
C016772,2,N,short,0,medium
C016773,4,N,medium,0,medium
C016774,2,N,short,0,medium
C016775,4,N,medium,0,medium
C016776,3,N,medium,0,medium
C016777,3,N,medium,0,medium
C016778,2,N,short,0,medium
C016779,3,Y,medium,1,high
C016780,3,Y,medium,1,high
C016781,2,N,short,0,medium
C016782,3,N,medium,0,medium
C016783,4,N,medium,0,medium
C016784,2,N,short,0,medium
C016785,2,N,short,0,medium
C016786,3,Y,medium,1,high
C016787,4,N,medium,0,medium
C016788,2,N,short,0,medium
C016789,2,N,short,0,medium
C016790,4,N,medium,0,medium
C016791,4,Y,medium,1,high
C016792,2,N,short,0,medium
C016793,3,Y,medium,1,high
C016794,4,N,medium,0,medium
C016795,4,N,medium,0,medium
C016796,4,N,medium,0,medium
C016797,3,N,medium,0,medium
C016798,3,N,medium,0,medium
C016799,3,N,medium,0,medium
C016800,2,Y,short,1,high
C016801,4,Y,medium,1,high
C016802,2,N,short,0,medium
C016803,3,N,medium,0,medium
C016804,4,N,medium,0,medium
C016805,4,N,medium,0,medium
C016806,3,N,medium,0,medium
C016807,3,N,medium,0,medium
C016808,3,N,medium,0,medium
C016809,3,N,medium,0,medium
C016810,3,N,medium,0,medium
C016811,2,N,short,0,medium
C016812,2,N,short,0,medium
C016813,3,N,medium,0,medium
C016814,2,N,short,0,medium
C016815,3,N,medium,0,medium
C016816,2,N,short,0,medium
C016817,2,Y,short,1,high
C016818,4,N,medium,0,medium
C016819,2,N,short,0,medium
C016820,2,N,short,0,medium
C016821,2,N,short,0,medium
C016822,4,N,medium,0,medium
C016823,4,Y,medium,1,high
C016824,2,N,short,0,medium
C016825,3,N,medium,0,medium
C016826,3,Y,medium,1,high
C016827,2,N,short,0,medium
C016828,3,N,medium,0,medium
C016829,3,Y,medium,1,high
C016830,2,N,short,0,medium
C016831,4,N,medium,0,medium
C016832,4,Y,medium,1,high
C016833,4,N,medium,0,medium
C016834,2,N,short,0,medium
C016835,2,N,short,0,medium
C016836,2,Y,short,1,high
C016837,2,N,short,0,medium
C016838,2,N,short,0,medium
C016839,3,N,medium,0,medium
C016840,3,N,medium,0,medium
C016841,4,N,medium,0,medium
C016842,4,N,medium,0,medium
C016843,2,N,short,0,medium
C016844,4,N,medium,0,medium
C016845,3,Y,medium,1,high
C016846,3,N,medium,0,medium
C016847,4,N,medium,0,medium
C016848,4,N,medium,0,medium
C016849,4,Y,medium,1,high
C016850,3,N,medium,0,medium
C016851,2,N,short,0,medium
C016852,2,Y,short,1,high
C016853,4,N,medium,0,medium
C016854,3,N,medium,0,medium
C016855,3,N,medium,0,medium
C016856,3,Y,medium,1,high
C016857,4,N,medium,0,medium
C016858,2,N,short,0,medium
C016859,4,Y,medium,1,high
C016860,3,N,medium,0,medium
C016861,3,Y,medium,1,high
C016862,4,N,medium,0,medium
C016863,3,N,medium,0,medium
C016864,4,N,medium,0,medium
C016865,4,N,medium,0,medium
C016866,3,N,medium,0,medium
C016867,3,N,medium,0,medium
C016868,4,N,medium,0,medium
C016869,4,Y,medium,1,high
C016870,2,N,short,0,medium
C016871,3,N,medium,0,medium
C016872,3,N,medium,0,medium
C016873,2,N,short,0,medium
C016874,3,N,medium,0,medium
C016875,3,N,medium,0,medium
C016876,4,N,medium,0,medium
C016877,2,N,short,0,medium
C016878,4,Y,medium,1,high
C016879,4,N,medium,0,medium
C016880,4,Y,medium,1,high
C016881,2,N,short,0,medium
C016882,4,N,medium,0,medium
C016883,3,N,medium,0,medium
C016884,2,N,short,0,medium
C016885,2,N,short,0,medium
C016886,3,N,medium,0,medium
C016887,4,N,medium,0,medium
C016888,4,N,medium,0,medium
C016889,2,Y,short,1,high
C016890,3,Y,medium,1,high
C016891,3,N,medium,0,medium
C016892,2,N,short,0,medium
C016893,3,Y,medium,1,high
C016894,3,N,medium,0,medium
C016895,3,Y,medium,1,high
C016896,3,N,medium,0,medium
C016897,2,N,short,0,medium
C016898,2,N,short,0,medium
C016899,2,N,short,0,medium
C016900,4,N,medium,0,medium
C016901,3,N,medium,0,medium
C016902,3,N,medium,0,medium
C016903,3,N,medium,0,medium
C016904,4,N,medium,0,medium
C016905,3,N,medium,0,medium
C016906,3,N,medium,0,medium
C016907,3,N,medium,0,medium
C016908,4,N,medium,0,medium
C016909,3,Y,medium,1,high
C016910,4,Y,medium,1,high
C016911,4,N,medium,0,medium
C016912,2,N,short,0,medium
C016913,3,N,medium,0,medium
C016914,4,N,medium,0,medium
C016915,3,N,medium,0,medium
C016916,2,N,short,0,medium
C016917,4,Y,medium,1,high
C016918,4,N,medium,0,medium
C016919,4,Y,medium,1,high
C016920,4,Y,medium,1,high
C016921,4,Y,medium,1,high
C016922,2,N,short,0,medium
C016923,3,Y,medium,1,high
C016924,2,N,short,0,medium
C016925,4,N,medium,0,medium
C016926,3,Y,medium,1,high
C016927,2,N,short,0,medium
C016928,3,N,medium,0,medium
C016929,3,N,medium,0,medium
C016930,2,N,short,0,medium
C016931,4,N,medium,0,medium
C016932,4,N,medium,0,medium
C016933,2,N,short,0,medium
C016934,4,N,medium,0,medium
C016935,3,N,medium,0,medium
C016936,3,N,medium,0,medium
C016937,2,N,short,0,medium
C016938,2,N,short,0,medium
C016939,3,N,medium,0,medium
C016940,2,Y,short,1,high
C016941,3,Y,medium,1,high
C016942,3,N,medium,0,medium
C016943,3,N,medium,0,medium
C016944,2,Y,short,1,high
C016945,3,N,medium,0,medium
C016946,2,N,short,0,medium
C016947,4,N,medium,0,medium
C016948,4,N,medium,0,medium
C016949,2,Y,short,1,high
C016950,2,N,short,0,medium
C016951,3,N,medium,0,medium
C016952,2,N,short,0,medium
C016953,4,N,medium,0,medium
C016954,2,Y,short,1,high
C016955,3,N,medium,0,medium
C016956,4,N,medium,0,medium
C016957,3,N,medium,0,medium
C016958,2,N,short,0,medium
C016959,3,N,medium,0,medium
C016960,2,N,short,0,medium
C016961,3,N,medium,0,medium
C016962,3,N,medium,0,medium
C016963,3,N,medium,0,medium
C016964,3,N,medium,0,medium
C016965,3,N,medium,0,medium
C016966,4,N,medium,0,medium
C016967,4,N,medium,0,medium
C016968,3,N,medium,0,medium
C016969,3,N,medium,0,medium
C016970,4,N,medium,0,medium
C016971,3,N,medium,0,medium
C016972,4,N,medium,0,medium
C016973,2,N,short,0,medium
C016974,4,Y,medium,1,high
C016975,2,N,short,0,medium
C016976,4,N,medium,0,medium
C016977,4,N,medium,0,medium
C016978,3,N,medium,0,medium
C016979,3,N,medium,0,medium
C016980,3,N,medium,0,medium
C016981,4,N,medium,0,medium
C016982,3,N,medium,0,medium
C016983,3,N,medium,0,medium
C016984,4,N,medium,0,medium
C016985,4,N,medium,0,medium
C016986,3,N,medium,0,medium
C016987,4,N,medium,0,medium
C016988,3,N,medium,0,medium
C016989,4,N,medium,0,medium
C016990,2,N,short,0,medium
C016991,4,N,medium,0,medium
C016992,2,N,short,0,medium
C016993,3,N,medium,0,medium
C016994,4,N,medium,0,medium
C016995,4,N,medium,0,medium
C016996,2,N,short,0,medium
C016997,4,N,medium,0,medium
C016998,4,Y,medium,1,high
C016999,3,N,medium,0,medium
C017000,2,N,short,0,medium
C017001,3,N,medium,0,medium
C017002,4,Y,medium,1,high
C017003,3,N,medium,0,medium
C017004,4,N,medium,0,medium
C017005,2,N,short,0,medium
C017006,3,N,medium,0,medium
C017007,3,N,medium,0,medium
C017008,4,N,medium,0,medium
C017009,2,Y,short,1,high
C017010,4,N,medium,0,medium
C017011,2,Y,short,1,high
C017012,3,N,medium,0,medium
C017013,4,N,medium,0,medium
C017014,3,N,medium,0,medium
C017015,2,Y,short,1,high
C017016,2,N,short,0,medium
C017017,4,N,medium,0,medium
C017018,3,Y,medium,1,high
C017019,2,N,short,0,medium
C017020,2,N,short,0,medium
C017021,4,Y,medium,1,high
C017022,3,N,medium,0,medium
C017023,3,N,medium,0,medium
C017024,3,N,medium,0,medium
C017025,4,N,medium,0,medium
C017026,3,N,medium,0,medium
C017027,3,N,medium,0,medium
C017028,2,N,short,0,medium
C017029,4,N,medium,0,medium
C017030,3,Y,medium,1,high
C017031,2,N,short,0,medium
C017032,3,N,medium,0,medium
C017033,3,N,medium,0,medium
C017034,3,N,medium,0,medium
C017035,4,N,medium,0,medium
C017036,4,N,medium,0,medium
C017037,3,Y,medium,1,high
C017038,4,N,medium,0,medium
C017039,2,N,short,0,medium
C017040,2,N,short,0,medium
C017041,2,N,short,0,medium
C017042,4,N,medium,0,medium
C017043,3,N,medium,0,medium
C017044,3,N,medium,0,medium
C017045,4,N,medium,0,medium
C017046,4,N,medium,0,medium
C017047,3,N,medium,0,medium
C017048,3,N,medium,0,medium
C017049,4,N,medium,0,medium
C017050,3,N,medium,0,medium
C017051,4,N,medium,0,medium
C017052,2,N,short,0,medium
C017053,4,N,medium,0,medium
C017054,2,N,short,0,medium
C017055,2,N,short,0,medium
C017056,2,N,short,0,medium
C017057,2,Y,short,1,high
C017058,2,N,short,0,medium
C017059,2,N,short,0,medium
C017060,4,N,medium,0,medium
C017061,4,Y,medium,1,high
C017062,3,N,medium,0,medium
C017063,4,N,medium,0,medium
C017064,4,N,medium,0,medium
C017065,3,N,medium,0,medium
C017066,3,N,medium,0,medium
C017067,4,N,medium,0,medium
C017068,4,N,medium,0,medium
C017069,4,N,medium,0,medium
C017070,4,N,medium,0,medium
C017071,3,N,medium,0,medium
C017072,3,N,medium,0,medium
C017073,2,N,short,0,medium
C017074,2,N,short,0,medium
C017075,3,N,medium,0,medium
C017076,3,N,medium,0,medium
C017077,4,N,medium,0,medium
C017078,2,N,short,0,medium
C017079,2,Y,short,1,high
C017080,4,N,medium,0,medium
C017081,3,Y,medium,1,high
C017082,2,N,short,0,medium
C017083,3,N,medium,0,medium
C017084,4,N,medium,0,medium
C017085,2,Y,short,1,high
C017086,2,N,short,0,medium
C017087,4,N,medium,0,medium
C017088,3,N,medium,0,medium
C017089,4,N,medium,0,medium
C017090,2,Y,short,1,high
C017091,3,N,medium,0,medium
C017092,3,Y,medium,1,high
C017093,2,N,short,0,medium
C017094,3,N,medium,0,medium
C017095,2,N,short,0,medium
C017096,2,N,short,0,medium
C017097,4,N,medium,0,medium
C017098,4,N,medium,0,medium
C017099,4,N,medium,0,medium
C017100,4,N,medium,0,medium
C017101,2,N,short,0,medium
C017102,3,N,medium,0,medium
C017103,2,Y,short,1,high
C017104,4,Y,medium,1,high
C017105,4,N,medium,0,medium
C017106,3,N,medium,0,medium
C017107,2,Y,short,1,high
C017108,2,N,short,0,medium
C017109,4,N,medium,0,medium
C017110,4,N,medium,0,medium
C017111,3,N,medium,0,medium
C017112,4,N,medium,0,medium
C017113,3,N,medium,0,medium
C017114,4,N,medium,0,medium
C017115,3,N,medium,0,medium
C017116,4,N,medium,0,medium
C017117,2,N,short,0,medium
C017118,2,N,short,0,medium
C017119,4,Y,medium,1,high
C017120,4,N,medium,0,medium
C017121,4,N,medium,0,medium
C017122,2,Y,short,1,high
C017123,3,N,medium,0,medium
C017124,3,N,medium,0,medium
C017125,2,N,short,0,medium
C017126,2,N,short,0,medium
C017127,4,N,medium,0,medium
C017128,4,N,medium,0,medium
C017129,2,Y,short,1,high
C017130,2,N,short,0,medium
C017131,3,N,medium,0,medium
C017132,3,N,medium,0,medium
C017133,4,N,medium,0,medium
C017134,4,N,medium,0,medium
C017135,2,N,short,0,medium
C017136,2,N,short,0,medium
C017137,2,N,short,0,medium
C017138,2,N,short,0,medium
C017139,3,N,medium,0,medium
C017140,2,N,short,0,medium
C017141,4,N,medium,0,medium
C017142,2,N,short,0,medium
C017143,3,N,medium,0,medium
C017144,2,N,short,0,medium
C017145,2,N,short,0,medium
C017146,3,N,medium,0,medium
C017147,4,N,medium,0,medium
C017148,3,Y,medium,1,high
C017149,4,N,medium,0,medium
C017150,2,N,short,0,medium
C017151,3,N,medium,0,medium
C017152,4,N,medium,0,medium
C017153,2,N,short,0,medium
C017154,2,Y,short,1,high
C017155,3,Y,medium,1,high
C017156,2,N,short,0,medium
C017157,3,N,medium,0,medium
C017158,4,N,medium,0,medium
C017159,2,N,short,0,medium
C017160,4,N,medium,0,medium
C017161,2,N,short,0,medium
C017162,3,Y,medium,1,high
C017163,3,N,medium,0,medium
C017164,3,N,medium,0,medium
C017165,2,N,short,0,medium
C017166,4,N,medium,0,medium
C017167,2,N,short,0,medium
C017168,2,N,short,0,medium
C017169,4,N,medium,0,medium
C017170,2,N,short,0,medium
C017171,3,N,medium,0,medium
C017172,4,N,medium,0,medium
C017173,2,N,short,0,medium
C017174,3,N,medium,0,medium
C017175,2,N,short,0,medium
C017176,2,Y,short,1,high
C017177,3,Y,medium,1,high
C017178,3,N,medium,0,medium
C017179,3,N,medium,0,medium
C017180,3,N,medium,0,medium
C017181,4,Y,medium,1,high
C017182,4,N,medium,0,medium
C017183,4,N,medium,0,medium
C017184,2,N,short,0,medium
C017185,3,N,medium,0,medium
C017186,2,N,short,0,medium
C017187,2,N,short,0,medium
C017188,3,N,medium,0,medium
C017189,4,N,medium,0,medium
C017190,3,N,medium,0,medium
C017191,2,N,short,0,medium
C017192,2,N,short,0,medium
C017193,2,N,short,0,medium
C017194,4,N,medium,0,medium
C017195,4,N,medium,0,medium
C017196,2,Y,short,1,high
C017197,4,N,medium,0,medium
C017198,3,N,medium,0,medium
C017199,3,N,medium,0,medium
C017200,4,N,medium,0,medium
C017201,3,N,medium,0,medium
C017202,3,N,medium,0,medium
C017203,3,N,medium,0,medium
C017204,3,N,medium,0,medium
C017205,4,Y,medium,1,high
C017206,4,N,medium,0,medium
C017207,2,N,short,0,medium
C017208,2,N,short,0,medium
C017209,3,N,medium,0,medium
C017210,3,N,medium,0,medium
C017211,2,N,short,0,medium
C017212,2,N,short,0,medium
C017213,2,N,short,0,medium
C017214,3,N,medium,0,medium
C017215,2,N,short,0,medium
C017216,2,N,short,0,medium
C017217,3,N,medium,0,medium
C017218,4,N,medium,0,medium
C017219,2,N,short,0,medium
C017220,2,N,short,0,medium
C017221,2,N,short,0,medium
C017222,3,N,medium,0,medium
C017223,2,N,short,0,medium
C017224,4,N,medium,0,medium
C017225,4,N,medium,0,medium
C017226,2,N,short,0,medium
C017227,2,N,short,0,medium
C017228,3,N,medium,0,medium
C017229,2,N,short,0,medium
C017230,4,N,medium,0,medium
C017231,4,N,medium,0,medium
C017232,3,Y,medium,1,high
C017233,3,Y,medium,1,high
C017234,4,N,medium,0,medium
C017235,3,Y,medium,1,high
C017236,2,N,short,0,medium
C017237,4,N,medium,0,medium
C017238,3,Y,medium,1,high
C017239,3,Y,medium,1,high
C017240,3,N,medium,0,medium
C017241,3,N,medium,0,medium
C017242,4,N,medium,0,medium
C017243,2,N,short,0,medium
C017244,2,N,short,0,medium
C017245,2,Y,short,1,high
C017246,2,N,short,0,medium
C017247,2,N,short,0,medium
C017248,3,Y,medium,1,high
C017249,2,Y,short,1,high
C017250,4,Y,medium,1,high
C017251,3,N,medium,0,medium
C017252,4,N,medium,0,medium
C017253,4,N,medium,0,medium
C017254,4,N,medium,0,medium
C017255,2,N,short,0,medium
C017256,2,N,short,0,medium
C017257,3,N,medium,0,medium
C017258,3,N,medium,0,medium
C017259,2,N,short,0,medium
C017260,3,N,medium,0,medium
C017261,4,Y,medium,1,high
C017262,2,N,short,0,medium
C017263,3,N,medium,0,medium
C017264,2,Y,short,1,high
C017265,2,N,short,0,medium
C017266,3,Y,medium,1,high
C017267,2,Y,short,1,high
C017268,3,N,medium,0,medium
C017269,3,N,medium,0,medium
C017270,4,N,medium,0,medium
C017271,2,N,short,0,medium
C017272,4,N,medium,0,medium
C017273,2,N,short,0,medium
C017274,2,N,short,0,medium
C017275,4,N,medium,0,medium
C017276,3,N,medium,0,medium
C017277,2,N,short,0,medium
C017278,3,Y,medium,1,high
C017279,2,N,short,0,medium
C017280,2,Y,short,1,high
C017281,2,N,short,0,medium
C017282,4,N,medium,0,medium
C017283,2,N,short,0,medium
C017284,3,N,medium,0,medium
C017285,2,N,short,0,medium
C017286,2,N,short,0,medium
C017287,3,N,medium,0,medium
C017288,4,N,medium,0,medium
C017289,2,N,short,0,medium
C017290,3,N,medium,0,medium
C017291,4,N,medium,0,medium
C017292,4,N,medium,0,medium
C017293,3,N,medium,0,medium
C017294,4,N,medium,0,medium
C017295,4,N,medium,0,medium
C017296,3,N,medium,0,medium
C017297,4,N,medium,0,medium
C017298,3,N,medium,0,medium
C017299,4,N,medium,0,medium
C017300,3,N,medium,0,medium
C017301,2,N,short,0,medium
C017302,3,N,medium,0,medium
C017303,2,N,short,0,medium
C017304,2,N,short,0,medium
C017305,4,N,medium,0,medium
C017306,3,Y,medium,1,high
C017307,4,N,medium,0,medium
C017308,3,Y,medium,1,high
C017309,3,Y,medium,1,high
C017310,3,N,medium,0,medium
C017311,2,N,short,0,medium
C017312,2,N,short,0,medium
C017313,3,N,medium,0,medium
C017314,4,N,medium,0,medium
C017315,3,N,medium,0,medium
C017316,4,N,medium,0,medium
C017317,4,N,medium,0,medium
C017318,3,Y,medium,1,high
C017319,3,N,medium,0,medium
C017320,4,Y,medium,1,high
C017321,2,N,short,0,medium
C017322,3,N,medium,0,medium
C017323,4,Y,medium,1,high
C017324,4,N,medium,0,medium
C017325,2,N,short,0,medium
C017326,4,N,medium,0,medium
C017327,3,N,medium,0,medium
C017328,3,N,medium,0,medium
C017329,4,Y,medium,1,high
C017330,2,N,short,0,medium
C017331,3,N,medium,0,medium
C017332,4,N,medium,0,medium
C017333,4,N,medium,0,medium
C017334,2,N,short,0,medium
C017335,3,N,medium,0,medium
C017336,3,N,medium,0,medium
C017337,2,N,short,0,medium
C017338,2,N,short,0,medium
C017339,4,N,medium,0,medium
C017340,2,N,short,0,medium
C017341,2,N,short,0,medium
C017342,4,N,medium,0,medium
C017343,3,N,medium,0,medium
C017344,2,N,short,0,medium
C017345,2,N,short,0,medium
C017346,3,N,medium,0,medium
C017347,3,Y,medium,1,high
C017348,3,N,medium,0,medium
C017349,3,N,medium,0,medium
C017350,3,Y,medium,1,high
C017351,4,N,medium,0,medium
C017352,2,Y,short,1,high
C017353,3,N,medium,0,medium
C017354,3,Y,medium,1,high
C017355,4,N,medium,0,medium
C017356,4,Y,medium,1,high
C017357,3,Y,medium,1,high
C017358,4,N,medium,0,medium
C017359,3,N,medium,0,medium
C017360,2,N,short,0,medium
C017361,4,N,medium,0,medium
C017362,4,N,medium,0,medium
C017363,4,N,medium,0,medium
C017364,2,N,short,0,medium
C017365,2,N,short,0,medium
C017366,2,N,short,0,medium
C017367,3,Y,medium,1,high
C017368,3,N,medium,0,medium
C017369,3,Y,medium,1,high
C017370,3,N,medium,0,medium
C017371,4,N,medium,0,medium
C017372,3,Y,medium,1,high
C017373,4,N,medium,0,medium
C017374,3,N,medium,0,medium
C017375,3,N,medium,0,medium
C017376,2,Y,short,1,high
C017377,3,N,medium,0,medium
C017378,3,N,medium,0,medium
C017379,4,N,medium,0,medium
C017380,3,Y,medium,1,high
C017381,3,N,medium,0,medium
C017382,2,N,short,0,medium
C017383,4,N,medium,0,medium
C017384,3,N,medium,0,medium
C017385,3,N,medium,0,medium
C017386,3,N,medium,0,medium
C017387,3,N,medium,0,medium
C017388,2,N,short,0,medium
C017389,4,N,medium,0,medium
C017390,3,N,medium,0,medium
C017391,2,N,short,0,medium
C017392,4,N,medium,0,medium
C017393,2,N,short,0,medium
C017394,4,N,medium,0,medium
C017395,4,Y,medium,1,high
C017396,3,N,medium,0,medium
C017397,3,N,medium,0,medium
C017398,2,Y,short,1,high
C017399,4,N,medium,0,medium
C017400,4,Y,medium,1,high
C017401,2,Y,short,1,high
C017402,4,N,medium,0,medium
C017403,2,Y,short,1,high
C017404,2,N,short,0,medium
C017405,3,Y,medium,1,high
C017406,4,N,medium,0,medium
C017407,2,N,short,0,medium
C017408,2,Y,short,1,high
C017409,4,N,medium,0,medium
C017410,4,N,medium,0,medium
C017411,2,N,short,0,medium
C017412,2,N,short,0,medium
C017413,2,N,short,0,medium
C017414,3,N,medium,0,medium
C017415,2,N,short,0,medium
C017416,3,N,medium,0,medium
C017417,4,Y,medium,1,high
C017418,3,N,medium,0,medium
C017419,3,N,medium,0,medium
C017420,3,N,medium,0,medium
C017421,2,Y,short,1,high
C017422,3,N,medium,0,medium
C017423,4,N,medium,0,medium
C017424,3,N,medium,0,medium
C017425,2,N,short,0,medium
C017426,4,Y,medium,1,high
C017427,3,N,medium,0,medium
C017428,4,N,medium,0,medium
C017429,4,N,medium,0,medium
C017430,2,N,short,0,medium
C017431,2,Y,short,1,high
C017432,2,N,short,0,medium
C017433,4,N,medium,0,medium
C017434,4,N,medium,0,medium
C017435,3,Y,medium,1,high
C017436,4,Y,medium,1,high
C017437,2,N,short,0,medium
C017438,3,N,medium,0,medium
C017439,2,N,short,0,medium
C017440,2,N,short,0,medium
C017441,3,N,medium,0,medium
C017442,2,N,short,0,medium
C017443,4,N,medium,0,medium
C017444,4,N,medium,0,medium
C017445,2,N,short,0,medium
C017446,3,N,medium,0,medium
C017447,3,N,medium,0,medium
C017448,3,Y,medium,1,high
C017449,3,N,medium,0,medium
C017450,4,N,medium,0,medium
C017451,2,Y,short,1,high
C017452,2,Y,short,1,high
C017453,4,Y,medium,1,high
C017454,2,N,short,0,medium
C017455,4,N,medium,0,medium
C017456,3,N,medium,0,medium
C017457,4,Y,medium,1,high
C017458,3,N,medium,0,medium
C017459,3,N,medium,0,medium
C017460,4,N,medium,0,medium
C017461,4,N,medium,0,medium
C017462,2,N,short,0,medium
C017463,4,N,medium,0,medium
C017464,4,N,medium,0,medium
C017465,2,N,short,0,medium
C017466,4,N,medium,0,medium
C017467,2,Y,short,1,high
C017468,3,N,medium,0,medium
C017469,3,N,medium,0,medium
C017470,3,N,medium,0,medium
C017471,4,N,medium,0,medium
C017472,4,N,medium,0,medium
C017473,4,N,medium,0,medium
C017474,4,N,medium,0,medium
C017475,2,Y,short,1,high
C017476,2,N,short,0,medium
C017477,3,N,medium,0,medium
C017478,3,N,medium,0,medium
C017479,3,Y,medium,1,high
C017480,2,N,short,0,medium
C017481,2,N,short,0,medium
C017482,4,N,medium,0,medium
C017483,4,N,medium,0,medium
C017484,2,N,short,0,medium
C017485,2,N,short,0,medium
C017486,2,N,short,0,medium
C017487,2,N,short,0,medium
C017488,2,N,short,0,medium
C017489,4,N,medium,0,medium
C017490,3,N,medium,0,medium
C017491,2,N,short,0,medium
C017492,2,N,short,0,medium
C017493,3,N,medium,0,medium
C017494,2,N,short,0,medium
C017495,2,N,short,0,medium
C017496,2,N,short,0,medium
C017497,3,N,medium,0,medium
C017498,3,N,medium,0,medium
C017499,4,N,medium,0,medium
C017500,2,N,short,0,medium
C017501,4,N,medium,0,medium
C017502,4,Y,medium,1,high
C017503,2,N,short,0,medium
C017504,2,N,short,0,medium
C017505,4,N,medium,0,medium
C017506,2,N,short,0,medium
C017507,2,N,short,0,medium
C017508,2,N,short,0,medium
C017509,3,Y,medium,1,high
C017510,3,N,medium,0,medium
C017511,4,N,medium,0,medium
C017512,4,N,medium,0,medium
C017513,2,N,short,0,medium
C017514,2,Y,short,1,high
C017515,2,Y,short,1,high
C017516,2,Y,short,1,high
C017517,2,Y,short,1,high
C017518,4,N,medium,0,medium
C017519,3,N,medium,0,medium
C017520,4,N,medium,0,medium
C017521,4,N,medium,0,medium
C017522,3,Y,medium,1,high
C017523,3,N,medium,0,medium
C017524,3,N,medium,0,medium
C017525,2,Y,short,1,high
C017526,3,N,medium,0,medium
C017527,4,Y,medium,1,high
C017528,4,Y,medium,1,high
C017529,4,N,medium,0,medium
C017530,3,N,medium,0,medium
C017531,2,N,short,0,medium
C017532,3,N,medium,0,medium
C017533,2,Y,short,1,high
C017534,2,N,short,0,medium
C017535,4,N,medium,0,medium
C017536,3,N,medium,0,medium
C017537,2,N,short,0,medium
C017538,3,N,medium,0,medium
C017539,4,N,medium,0,medium
C017540,3,N,medium,0,medium
C017541,4,N,medium,0,medium
C017542,3,N,medium,0,medium
C017543,3,N,medium,0,medium
C017544,3,N,medium,0,medium
C017545,2,N,short,0,medium
C017546,2,N,short,0,medium
C017547,3,N,medium,0,medium
C017548,2,Y,short,1,high
C017549,4,Y,medium,1,high
C017550,4,N,medium,0,medium
C017551,2,N,short,0,medium
C017552,2,N,short,0,medium
C017553,3,N,medium,0,medium
C017554,4,N,medium,0,medium
C017555,3,Y,medium,1,high
C017556,3,N,medium,0,medium
C017557,3,N,medium,0,medium
C017558,4,N,medium,0,medium
C017559,4,Y,medium,1,high
C017560,4,N,medium,0,medium
C017561,3,N,medium,0,medium
C017562,2,N,short,0,medium
C017563,4,N,medium,0,medium
C017564,3,N,medium,0,medium
C017565,4,N,medium,0,medium
C017566,4,N,medium,0,medium
C017567,3,N,medium,0,medium
C017568,2,N,short,0,medium
C017569,3,N,medium,0,medium
C017570,2,Y,short,1,high
C017571,4,N,medium,0,medium
C017572,2,N,short,0,medium
C017573,4,N,medium,0,medium
C017574,4,N,medium,0,medium
C017575,4,N,medium,0,medium
C017576,4,N,medium,0,medium
C017577,3,N,medium,0,medium
C017578,4,N,medium,0,medium
C017579,2,N,short,0,medium
C017580,2,N,short,0,medium
C017581,3,N,medium,0,medium
C017582,4,N,medium,0,medium
C017583,2,N,short,0,medium
C017584,3,Y,medium,1,high
C017585,4,N,medium,0,medium
C017586,4,N,medium,0,medium
C017587,2,Y,short,1,high
C017588,2,N,short,0,medium
C017589,4,N,medium,0,medium
C017590,2,Y,short,1,high
C017591,4,N,medium,0,medium
C017592,2,N,short,0,medium
C017593,4,N,medium,0,medium
C017594,4,N,medium,0,medium
C017595,2,N,short,0,medium
C017596,2,N,short,0,medium
C017597,4,N,medium,0,medium
C017598,3,N,medium,0,medium
C017599,4,N,medium,0,medium
C017600,3,N,medium,0,medium
C017601,4,N,medium,0,medium
C017602,2,N,short,0,medium
C017603,3,N,medium,0,medium
C017604,2,N,short,0,medium
C017605,3,N,medium,0,medium
C017606,2,Y,short,1,high
C017607,3,N,medium,0,medium
C017608,4,N,medium,0,medium
C017609,4,N,medium,0,medium
C017610,3,N,medium,0,medium
C017611,3,N,medium,0,medium
C017612,2,N,short,0,medium
C017613,3,N,medium,0,medium
C017614,4,N,medium,0,medium
C017615,4,N,medium,0,medium
C017616,3,N,medium,0,medium
C017617,2,N,short,0,medium
C017618,4,Y,medium,1,high
C017619,4,N,medium,0,medium
C017620,4,N,medium,0,medium
C017621,4,N,medium,0,medium
C017622,3,N,medium,0,medium
C017623,2,N,short,0,medium
C017624,2,N,short,0,medium
C017625,4,Y,medium,1,high
C017626,2,N,short,0,medium
C017627,2,N,short,0,medium
C017628,2,N,short,0,medium
C017629,2,N,short,0,medium
C017630,3,N,medium,0,medium
C017631,4,N,medium,0,medium
C017632,2,Y,short,1,high
C017633,2,N,short,0,medium
C017634,3,N,medium,0,medium
C017635,2,N,short,0,medium
C017636,2,Y,short,1,high
C017637,4,N,medium,0,medium
C017638,3,N,medium,0,medium
C017639,4,Y,medium,1,high
C017640,2,N,short,0,medium
C017641,3,Y,medium,1,high
C017642,3,N,medium,0,medium
C017643,3,N,medium,0,medium
C017644,4,N,medium,0,medium
C017645,3,N,medium,0,medium
C017646,4,N,medium,0,medium
C017647,3,N,medium,0,medium
C017648,3,N,medium,0,medium
C017649,4,N,medium,0,medium
C017650,3,N,medium,0,medium
C017651,4,N,medium,0,medium
C017652,4,N,medium,0,medium
C017653,3,N,medium,0,medium
C017654,4,N,medium,0,medium
C017655,2,N,short,0,medium
C017656,3,N,medium,0,medium
C017657,3,N,medium,0,medium
C017658,3,N,medium,0,medium
C017659,4,N,medium,0,medium
C017660,2,N,short,0,medium
C017661,2,N,short,0,medium
C017662,4,N,medium,0,medium
C017663,4,Y,medium,1,high
C017664,2,N,short,0,medium
C017665,4,N,medium,0,medium
C017666,2,N,short,0,medium
C017667,2,N,short,0,medium
C017668,3,N,medium,0,medium
C017669,2,N,short,0,medium
C017670,3,N,medium,0,medium
C017671,2,N,short,0,medium
C017672,4,N,medium,0,medium
C017673,3,Y,medium,1,high
C017674,4,N,medium,0,medium
C017675,3,N,medium,0,medium
C017676,2,Y,short,1,high
C017677,2,N,short,0,medium
C017678,3,N,medium,0,medium
C017679,3,N,medium,0,medium
C017680,3,N,medium,0,medium
C017681,2,N,short,0,medium
C017682,3,N,medium,0,medium
C017683,2,N,short,0,medium
C017684,3,N,medium,0,medium
C017685,4,N,medium,0,medium
C017686,4,N,medium,0,medium
C017687,4,Y,medium,1,high
C017688,3,N,medium,0,medium
C017689,4,N,medium,0,medium
C017690,4,N,medium,0,medium
C017691,2,N,short,0,medium
C017692,3,N,medium,0,medium
C017693,4,N,medium,0,medium
C017694,2,N,short,0,medium
C017695,2,N,short,0,medium
C017696,3,N,medium,0,medium
C017697,2,N,short,0,medium
C017698,4,Y,medium,1,high
C017699,4,N,medium,0,medium
C017700,3,N,medium,0,medium
C017701,3,Y,medium,1,high
C017702,3,N,medium,0,medium
C017703,2,Y,short,1,high
C017704,2,N,short,0,medium
C017705,3,N,medium,0,medium
C017706,4,N,medium,0,medium
C017707,3,N,medium,0,medium
C017708,3,N,medium,0,medium
C017709,3,N,medium,0,medium
C017710,3,N,medium,0,medium
C017711,3,N,medium,0,medium
C017712,3,N,medium,0,medium
C017713,3,N,medium,0,medium
C017714,2,Y,short,1,high
C017715,2,Y,short,1,high
C017716,2,N,short,0,medium
C017717,3,N,medium,0,medium
C017718,4,N,medium,0,medium
C017719,4,N,medium,0,medium
C017720,4,N,medium,0,medium
C017721,4,N,medium,0,medium
C017722,2,N,short,0,medium
C017723,3,N,medium,0,medium
C017724,3,N,medium,0,medium
C017725,3,Y,medium,1,high
C017726,3,N,medium,0,medium
C017727,4,N,medium,0,medium
C017728,3,N,medium,0,medium
C017729,3,N,medium,0,medium
C017730,3,N,medium,0,medium
C017731,3,N,medium,0,medium
C017732,3,N,medium,0,medium
C017733,3,N,medium,0,medium
C017734,4,Y,medium,1,high
C017735,2,N,short,0,medium
C017736,2,N,short,0,medium
C017737,4,N,medium,0,medium
C017738,2,N,short,0,medium
C017739,4,N,medium,0,medium
C017740,3,N,medium,0,medium
C017741,3,Y,medium,1,high
C017742,3,N,medium,0,medium
C017743,4,N,medium,0,medium
C017744,3,N,medium,0,medium
C017745,3,N,medium,0,medium
C017746,2,N,short,0,medium
C017747,2,N,short,0,medium
C017748,2,N,short,0,medium
C017749,2,N,short,0,medium
C017750,2,N,short,0,medium
C017751,3,N,medium,0,medium
C017752,2,N,short,0,medium
C017753,3,N,medium,0,medium
C017754,4,N,medium,0,medium
C017755,3,N,medium,0,medium
C017756,2,N,short,0,medium
C017757,2,N,short,0,medium
C017758,4,N,medium,0,medium
C017759,4,N,medium,0,medium
C017760,4,N,medium,0,medium
C017761,3,N,medium,0,medium
C017762,3,N,medium,0,medium
C017763,4,Y,medium,1,high
C017764,3,N,medium,0,medium
C017765,4,Y,medium,1,high
C017766,4,N,medium,0,medium
C017767,2,Y,short,1,high
C017768,4,Y,medium,1,high
C017769,4,Y,medium,1,high
C017770,3,N,medium,0,medium
C017771,3,N,medium,0,medium
C017772,3,N,medium,0,medium
C017773,2,N,short,0,medium
C017774,4,N,medium,0,medium
C017775,4,N,medium,0,medium
C017776,2,N,short,0,medium
C017777,3,N,medium,0,medium
C017778,3,N,medium,0,medium
C017779,4,N,medium,0,medium
C017780,4,N,medium,0,medium
C017781,2,N,short,0,medium
C017782,3,N,medium,0,medium
C017783,3,Y,medium,1,high
C017784,2,N,short,0,medium
C017785,2,N,short,0,medium
C017786,2,N,short,0,medium
C017787,4,N,medium,0,medium
C017788,4,Y,medium,1,high
C017789,3,Y,medium,1,high
C017790,2,Y,short,1,high
C017791,4,N,medium,0,medium
C017792,3,N,medium,0,medium
C017793,2,Y,short,1,high
C017794,2,N,short,0,medium
C017795,2,N,short,0,medium
C017796,4,N,medium,0,medium
C017797,3,N,medium,0,medium
C017798,2,N,short,0,medium
C017799,4,N,medium,0,medium
C017800,4,N,medium,0,medium
C017801,2,N,short,0,medium
C017802,4,Y,medium,1,high
C017803,3,Y,medium,1,high
C017804,4,N,medium,0,medium
C017805,3,N,medium,0,medium
C017806,4,N,medium,0,medium
C017807,2,N,short,0,medium
C017808,2,N,short,0,medium
C017809,4,N,medium,0,medium
C017810,4,N,medium,0,medium
C017811,4,N,medium,0,medium
C017812,3,N,medium,0,medium
C017813,2,N,short,0,medium
C017814,4,N,medium,0,medium
C017815,4,N,medium,0,medium
C017816,4,N,medium,0,medium
C017817,2,Y,short,1,high
C017818,4,N,medium,0,medium
C017819,3,N,medium,0,medium
C017820,2,N,short,0,medium
C017821,4,N,medium,0,medium
C017822,3,N,medium,0,medium
C017823,4,N,medium,0,medium
C017824,2,Y,short,1,high
C017825,2,N,short,0,medium
C017826,2,N,short,0,medium
C017827,4,Y,medium,1,high
C017828,4,N,medium,0,medium
C017829,3,N,medium,0,medium
C017830,4,N,medium,0,medium
C017831,2,Y,short,1,high
C017832,3,N,medium,0,medium
C017833,2,Y,short,1,high
C017834,8,N,long,0,low
C017835,7,N,long,0,low
C017836,6,N,long,0,low
C017837,9,N,long,0,low
C017838,9,N,long,0,low
C017839,10,N,long,0,low
C017840,10,Y,long,1,high
C017841,8,Y,long,1,high
C017842,8,N,long,0,low
C017843,10,Y,long,1,high
C017844,8,N,long,0,low
C017845,9,N,long,0,low
C017846,8,N,long,0,low
C017847,9,N,long,0,low
C017848,7,Y,long,1,high
C017849,9,Y,long,1,high
C017850,10,Y,long,1,high
C017851,6,N,long,0,low
C017852,7,Y,long,1,high
C017853,7,Y,long,1,high
C017854,5,N,medium,0,medium
C017855,7,N,long,0,low
C017856,8,Y,long,1,high
C017857,6,N,long,0,low
C017858,10,N,long,0,low
C017859,6,N,long,0,low
C017860,8,N,long,0,low
C017861,6,Y,long,1,high
C017862,8,N,long,0,low
C017863,6,N,long,0,low
C017864,9,N,long,0,low
C017865,9,Y,long,1,high
C017866,7,N,long,0,low
C017867,8,N,long,0,low
C017868,7,Y,long,1,high
C017869,7,N,long,0,low
C017870,10,Y,long,1,high
C017871,9,N,long,0,low
C017872,7,N,long,0,low
C017873,8,N,long,0,low
C017874,8,Y,long,1,high
C017875,8,N,long,0,low
C017876,8,N,long,0,low
C017877,5,Y,medium,1,high
C017878,10,Y,long,1,high
C017879,8,N,long,0,low
C017880,7,N,long,0,low
C017881,5,Y,medium,1,high
C017882,9,N,long,0,low
C017883,9,N,long,0,low
C017884,6,N,long,0,low
C017885,10,Y,long,1,high
C017886,10,Y,long,1,high
C017887,7,Y,long,1,high
C017888,10,N,long,0,low
C017889,8,N,long,0,low
C017890,5,N,medium,0,medium
C017891,9,N,long,0,low
C017892,5,N,medium,0,medium
C017893,9,N,long,0,low
C017894,5,N,medium,0,medium
C017895,9,N,long,0,low
C017896,10,Y,long,1,high
C017897,8,N,long,0,low
C017898,8,N,long,0,low
C017899,10,N,long,0,low
C017900,6,N,long,0,low
C017901,10,N,long,0,low
C017902,7,N,long,0,low
C017903,9,Y,long,1,high
C017904,6,N,long,0,low
C017905,9,N,long,0,low
C017906,8,N,long,0,low
C017907,7,N,long,0,low
C017908,5,N,medium,0,medium
C017909,5,N,medium,0,medium
C017910,10,N,long,0,low
C017911,6,N,long,0,low
C017912,5,N,medium,0,medium
C017913,7,Y,long,1,high
C017914,8,N,long,0,low
C017915,6,N,long,0,low
C017916,9,N,long,0,low
C017917,7,N,long,0,low
C017918,9,N,long,0,low
C017919,6,N,long,0,low
C017920,6,N,long,0,low
C017921,6,N,long,0,low
C017922,9,N,long,0,low
C017923,9,N,long,0,low
C017924,10,Y,long,1,high
C017925,5,N,medium,0,medium
C017926,7,N,long,0,low
C017927,7,N,long,0,low
C017928,6,N,long,0,low
C017929,5,N,medium,0,medium
C017930,7,N,long,0,low
C017931,10,N,long,0,low
C017932,10,Y,long,1,high
C017933,5,N,medium,0,medium
C017934,10,N,long,0,low
C017935,6,N,long,0,low
C017936,8,N,long,0,low
C017937,6,N,long,0,low
C017938,10,N,long,0,low
C017939,5,Y,medium,1,high
C017940,7,N,long,0,low
C017941,5,N,medium,0,medium
C017942,5,N,medium,0,medium
C017943,8,N,long,0,low
C017944,7,Y,long,1,high
C017945,8,N,long,0,low
C017946,8,N,long,0,low
C017947,8,N,long,0,low
C017948,10,N,long,0,low
C017949,6,N,long,0,low
C017950,10,N,long,0,low
C017951,5,N,medium,0,medium
C017952,7,Y,long,1,high
C017953,7,Y,long,1,high
C017954,6,N,long,0,low
C017955,9,N,long,0,low
C017956,10,N,long,0,low
C017957,8,N,long,0,low
C017958,10,Y,long,1,high
C017959,10,N,long,0,low
C017960,10,N,long,0,low
C017961,6,N,long,0,low
C017962,10,N,long,0,low
C017963,7,N,long,0,low
C017964,5,N,medium,0,medium
C017965,7,N,long,0,low
C017966,5,Y,medium,1,high
C017967,7,N,long,0,low
C017968,10,N,long,0,low
C017969,5,N,medium,0,medium
C017970,7,Y,long,1,high
C017971,6,N,long,0,low
C017972,5,N,medium,0,medium
C017973,7,N,long,0,low
C017974,8,Y,long,1,high
C017975,7,N,long,0,low
C017976,9,N,long,0,low
C017977,6,N,long,0,low
C017978,8,Y,long,1,high
C017979,6,N,long,0,low
C017980,9,Y,long,1,high
C017981,6,Y,long,1,high
C017982,7,Y,long,1,high
C017983,5,N,medium,0,medium
C017984,7,Y,long,1,high
C017985,5,N,medium,0,medium
C017986,5,N,medium,0,medium
C017987,6,Y,long,1,high
C017988,5,N,medium,0,medium
C017989,9,N,long,0,low
C017990,9,Y,long,1,high
C017991,8,Y,long,1,high
C017992,7,N,long,0,low
C017993,10,N,long,0,low
C017994,9,N,long,0,low
C017995,10,N,long,0,low
C017996,10,N,long,0,low
C017997,7,N,long,0,low
C017998,8,N,long,0,low
C017999,9,N,long,0,low
C018000,6,N,long,0,low
C018001,8,Y,long,1,high
C018002,9,N,long,0,low
C018003,9,N,long,0,low
C018004,5,N,medium,0,medium
C018005,10,N,long,0,low
C018006,8,N,long,0,low
C018007,7,N,long,0,low
C018008,7,N,long,0,low
C018009,10,N,long,0,low
C018010,9,N,long,0,low
C018011,8,N,long,0,low
C018012,8,N,long,0,low
C018013,8,N,long,0,low
C018014,5,N,medium,0,medium
C018015,9,N,long,0,low
C018016,9,N,long,0,low
C018017,9,N,long,0,low
C018018,7,Y,long,1,high
C018019,10,N,long,0,low
C018020,5,N,medium,0,medium
C018021,10,N,long,0,low
C018022,7,N,long,0,low
C018023,8,N,long,0,low
C018024,5,N,medium,0,medium
C018025,5,N,medium,0,medium
C018026,7,N,long,0,low
C018027,7,N,long,0,low
C018028,5,N,medium,0,medium
C018029,7,N,long,0,low
C018030,5,Y,medium,1,high
C018031,10,Y,long,1,high
C018032,7,N,long,0,low
C018033,8,N,long,0,low
C018034,5,N,medium,0,medium
C018035,6,N,long,0,low
C018036,5,Y,medium,1,high
C018037,8,N,long,0,low
C018038,8,N,long,0,low
C018039,8,N,long,0,low
C018040,10,Y,long,1,high
C018041,5,N,medium,0,medium
C018042,8,N,long,0,low
C018043,6,Y,long,1,high
C018044,9,N,long,0,low
C018045,9,N,long,0,low
C018046,5,N,medium,0,medium
C018047,8,N,long,0,low
C018048,7,N,long,0,low
C018049,6,N,long,0,low
C018050,6,N,long,0,low
C018051,8,N,long,0,low
C018052,6,Y,long,1,high
C018053,8,N,long,0,low
C018054,8,N,long,0,low
C018055,8,N,long,0,low
C018056,9,N,long,0,low
C018057,10,N,long,0,low
C018058,8,N,long,0,low
C018059,5,Y,medium,1,high
C018060,8,N,long,0,low
C018061,10,N,long,0,low
C018062,7,N,long,0,low
C018063,8,N,long,0,low
C018064,7,N,long,0,low
C018065,9,Y,long,1,high
C018066,8,N,long,0,low
C018067,6,Y,long,1,high
C018068,8,Y,long,1,high
C018069,9,Y,long,1,high
C018070,9,Y,long,1,high
C018071,6,N,long,0,low
C018072,5,N,medium,0,medium
C018073,9,N,long,0,low
C018074,8,N,long,0,low
C018075,7,N,long,0,low
C018076,10,Y,long,1,high
C018077,8,N,long,0,low
C018078,10,Y,long,1,high
C018079,8,N,long,0,low
C018080,6,Y,long,1,high
C018081,9,N,long,0,low
C018082,10,N,long,0,low
C018083,10,N,long,0,low
C018084,9,N,long,0,low
C018085,8,Y,long,1,high
C018086,6,N,long,0,low
C018087,10,N,long,0,low
C018088,6,Y,long,1,high
C018089,10,N,long,0,low
C018090,7,N,long,0,low
C018091,9,N,long,0,low
C018092,7,Y,long,1,high
C018093,7,N,long,0,low
C018094,7,Y,long,1,high
C018095,7,N,long,0,low
C018096,6,N,long,0,low
C018097,5,Y,medium,1,high
C018098,5,N,medium,0,medium
C018099,8,N,long,0,low
C018100,10,N,long,0,low
C018101,6,N,long,0,low
C018102,6,N,long,0,low
C018103,9,N,long,0,low
C018104,8,N,long,0,low
C018105,7,Y,long,1,high
C018106,6,N,long,0,low
C018107,5,N,medium,0,medium
C018108,9,Y,long,1,high
C018109,9,N,long,0,low
C018110,7,N,long,0,low
C018111,7,N,long,0,low
C018112,7,N,long,0,low
C018113,5,Y,medium,1,high
C018114,5,N,medium,0,medium
C018115,8,Y,long,1,high
C018116,5,N,medium,0,medium
C018117,6,N,long,0,low
C018118,10,N,long,0,low
C018119,6,N,long,0,low
C018120,10,N,long,0,low
C018121,8,N,long,0,low
C018122,9,N,long,0,low
C018123,7,N,long,0,low
C018124,6,N,long,0,low
C018125,10,N,long,0,low
C018126,5,Y,medium,1,high
C018127,10,Y,long,1,high
C018128,9,N,long,0,low
C018129,10,N,long,0,low
C018130,6,N,long,0,low
C018131,9,Y,long,1,high
C018132,8,N,long,0,low
C018133,6,N,long,0,low
C018134,10,N,long,0,low
C018135,9,N,long,0,low
C018136,8,N,long,0,low
C018137,7,N,long,0,low
C018138,10,Y,long,1,high
C018139,10,N,long,0,low
C018140,10,Y,long,1,high
C018141,8,N,long,0,low
C018142,5,N,medium,0,medium
C018143,6,Y,long,1,high
C018144,10,N,long,0,low
C018145,9,N,long,0,low
C018146,5,N,medium,0,medium
C018147,8,N,long,0,low
C018148,7,Y,long,1,high
C018149,10,N,long,0,low
C018150,10,N,long,0,low
C018151,5,Y,medium,1,high
C018152,8,Y,long,1,high
C018153,9,N,long,0,low
C018154,7,Y,long,1,high
C018155,7,N,long,0,low
C018156,8,N,long,0,low
C018157,6,Y,long,1,high
C018158,5,N,medium,0,medium
C018159,6,N,long,0,low
C018160,6,N,long,0,low
C018161,5,N,medium,0,medium
C018162,6,N,long,0,low
C018163,7,N,long,0,low
C018164,9,N,long,0,low
C018165,6,Y,long,1,high
C018166,8,Y,long,1,high
C018167,7,Y,long,1,high
C018168,10,N,long,0,low
C018169,7,Y,long,1,high
C018170,7,N,long,0,low
C018171,5,N,medium,0,medium
C018172,6,N,long,0,low
C018173,8,N,long,0,low
C018174,10,Y,long,1,high
C018175,9,N,long,0,low
C018176,7,N,long,0,low
C018177,6,N,long,0,low
C018178,10,N,long,0,low
C018179,7,N,long,0,low
C018180,5,N,medium,0,medium
C018181,8,Y,long,1,high
C018182,7,N,long,0,low
C018183,8,N,long,0,low
C018184,5,N,medium,0,medium
C018185,8,N,long,0,low
C018186,10,N,long,0,low
C018187,8,Y,long,1,high
C018188,5,N,medium,0,medium
C018189,5,N,medium,0,medium
C018190,9,N,long,0,low
C018191,8,Y,long,1,high
C018192,5,N,medium,0,medium
C018193,9,N,long,0,low
C018194,8,N,long,0,low
C018195,8,N,long,0,low
C018196,7,Y,long,1,high
C018197,5,N,medium,0,medium
C018198,9,N,long,0,low
C018199,7,Y,long,1,high
C018200,6,Y,long,1,high
C018201,6,N,long,0,low
C018202,7,N,long,0,low
C018203,5,N,medium,0,medium
C018204,5,N,medium,0,medium
C018205,7,Y,long,1,high
C018206,5,N,medium,0,medium
C018207,5,N,medium,0,medium
C018208,5,Y,medium,1,high
C018209,8,N,long,0,low
C018210,6,Y,long,1,high
C018211,5,Y,medium,1,high
C018212,8,Y,long,1,high
C018213,8,N,long,0,low
C018214,7,N,long,0,low
C018215,5,Y,medium,1,high
C018216,6,N,long,0,low
C018217,6,Y,long,1,high
C018218,5,N,medium,0,medium
C018219,10,N,long,0,low
C018220,5,N,medium,0,medium
C018221,9,N,long,0,low
C018222,7,Y,long,1,high
C018223,7,N,long,0,low
C018224,5,N,medium,0,medium
C018225,10,N,long,0,low
C018226,6,N,long,0,low
C018227,9,Y,long,1,high
C018228,10,N,long,0,low
C018229,7,N,long,0,low
C018230,5,N,medium,0,medium
C018231,10,N,long,0,low
C018232,10,N,long,0,low
C018233,10,N,long,0,low
C018234,8,Y,long,1,high
C018235,7,N,long,0,low
C018236,10,N,long,0,low
C018237,5,N,medium,0,medium
C018238,8,N,long,0,low
C018239,9,N,long,0,low
C018240,10,N,long,0,low
C018241,9,N,long,0,low
C018242,6,N,long,0,low
C018243,10,N,long,0,low
C018244,5,N,medium,0,medium
C018245,6,N,long,0,low
C018246,5,N,medium,0,medium
C018247,10,N,long,0,low
C018248,5,Y,medium,1,high
C018249,6,N,long,0,low
C018250,10,N,long,0,low
C018251,6,N,long,0,low
C018252,10,Y,long,1,high
C018253,8,N,long,0,low
C018254,7,N,long,0,low
C018255,5,N,medium,0,medium
C018256,7,N,long,0,low
C018257,6,Y,long,1,high
C018258,8,Y,long,1,high
C018259,5,Y,medium,1,high
C018260,8,N,long,0,low
C018261,5,N,medium,0,medium
C018262,6,N,long,0,low
C018263,5,Y,medium,1,high
C018264,5,Y,medium,1,high
C018265,10,N,long,0,low
C018266,8,N,long,0,low
C018267,9,N,long,0,low
C018268,7,N,long,0,low
C018269,5,N,medium,0,medium
C018270,8,N,long,0,low
C018271,6,N,long,0,low
C018272,9,N,long,0,low
C018273,6,N,long,0,low
C018274,7,N,long,0,low
C018275,6,N,long,0,low
C018276,9,N,long,0,low
C018277,9,N,long,0,low
C018278,9,N,long,0,low
C018279,6,N,long,0,low
C018280,9,Y,long,1,high
C018281,9,Y,long,1,high
C018282,7,Y,long,1,high
C018283,5,N,medium,0,medium
C018284,6,N,long,0,low
C018285,10,N,long,0,low
C018286,7,Y,long,1,high
C018287,5,Y,medium,1,high
C018288,9,N,long,0,low
C018289,5,N,medium,0,medium
C018290,9,N,long,0,low
C018291,10,N,long,0,low
C018292,10,Y,long,1,high
C018293,6,N,long,0,low
C018294,5,N,medium,0,medium
C018295,10,N,long,0,low
C018296,10,N,long,0,low
C018297,5,Y,medium,1,high
C018298,10,N,long,0,low
C018299,8,N,long,0,low
C018300,7,N,long,0,low
C018301,10,Y,long,1,high
C018302,8,N,long,0,low
C018303,5,Y,medium,1,high
C018304,8,Y,long,1,high
C018305,10,N,long,0,low
C018306,8,N,long,0,low
C018307,9,Y,long,1,high
C018308,6,N,long,0,low
C018309,6,N,long,0,low
C018310,9,N,long,0,low
C018311,7,N,long,0,low
C018312,10,N,long,0,low
C018313,5,Y,medium,1,high
C018314,9,N,long,0,low
C018315,9,N,long,0,low
C018316,10,N,long,0,low
C018317,6,Y,long,1,high
C018318,6,N,long,0,low
C018319,5,Y,medium,1,high
C018320,5,Y,medium,1,high
C018321,7,N,long,0,low
C018322,7,N,long,0,low
C018323,5,Y,medium,1,high
C018324,10,Y,long,1,high
C018325,5,N,medium,0,medium
C018326,8,N,long,0,low
C018327,6,N,long,0,low
C018328,8,Y,long,1,high
C018329,7,N,long,0,low
C018330,5,N,medium,0,medium
C018331,8,N,long,0,low
C018332,6,N,long,0,low
C018333,7,N,long,0,low
C018334,10,N,long,0,low
C018335,9,N,long,0,low
C018336,7,N,long,0,low
C018337,7,N,long,0,low
C018338,5,Y,medium,1,high
C018339,5,N,medium,0,medium
C018340,7,N,long,0,low
C018341,7,N,long,0,low
C018342,10,N,long,0,low
C018343,8,N,long,0,low
C018344,7,N,long,0,low
C018345,8,N,long,0,low
C018346,9,N,long,0,low
C018347,9,N,long,0,low
C018348,7,N,long,0,low
C018349,10,N,long,0,low
C018350,6,N,long,0,low
C018351,10,N,long,0,low
C018352,8,Y,long,1,high
C018353,10,N,long,0,low
C018354,5,N,medium,0,medium
C018355,10,N,long,0,low
C018356,10,N,long,0,low
C018357,9,Y,long,1,high
C018358,6,N,long,0,low
C018359,6,N,long,0,low
C018360,5,N,medium,0,medium
C018361,7,N,long,0,low
C018362,10,Y,long,1,high
C018363,8,N,long,0,low
C018364,6,N,long,0,low
C018365,7,N,long,0,low
C018366,10,Y,long,1,high
C018367,6,N,long,0,low
C018368,7,N,long,0,low
C018369,9,Y,long,1,high
C018370,10,N,long,0,low
C018371,8,N,long,0,low
C018372,5,N,medium,0,medium
C018373,8,N,long,0,low
C018374,8,N,long,0,low
C018375,6,Y,long,1,high
C018376,5,N,medium,0,medium
C018377,5,Y,medium,1,high
C018378,9,N,long,0,low
C018379,9,N,long,0,low
C018380,9,N,long,0,low
C018381,10,Y,long,1,high
C018382,5,N,medium,0,medium
C018383,9,Y,long,1,high
C018384,9,N,long,0,low
C018385,5,N,medium,0,medium
C018386,5,N,medium,0,medium
C018387,9,N,long,0,low
C018388,6,N,long,0,low
C018389,6,N,long,0,low
C018390,5,N,medium,0,medium
C018391,10,N,long,0,low
C018392,5,Y,medium,1,high
C018393,10,N,long,0,low
C018394,5,N,medium,0,medium
C018395,7,N,long,0,low
C018396,7,N,long,0,low
C018397,5,N,medium,0,medium
C018398,7,N,long,0,low
C018399,8,N,long,0,low
C018400,6,N,long,0,low
C018401,5,Y,medium,1,high
C018402,7,Y,long,1,high
C018403,7,N,long,0,low
C018404,9,N,long,0,low
C018405,7,N,long,0,low
C018406,10,N,long,0,low
C018407,10,N,long,0,low
C018408,7,N,long,0,low
C018409,9,N,long,0,low
C018410,6,N,long,0,low
C018411,8,N,long,0,low
C018412,9,N,long,0,low
C018413,5,N,medium,0,medium
C018414,9,N,long,0,low
C018415,5,N,medium,0,medium
C018416,5,Y,medium,1,high
C018417,7,N,long,0,low
C018418,9,N,long,0,low
C018419,7,Y,long,1,high
C018420,10,N,long,0,low
C018421,9,N,long,0,low
C018422,8,N,long,0,low
C018423,9,N,long,0,low
C018424,9,N,long,0,low
C018425,10,N,long,0,low
C018426,8,N,long,0,low
C018427,9,N,long,0,low
C018428,6,N,long,0,low
C018429,8,N,long,0,low
C018430,7,N,long,0,low
C018431,7,N,long,0,low
C018432,9,N,long,0,low
C018433,9,N,long,0,low
C018434,6,Y,long,1,high
C018435,10,N,long,0,low
C018436,6,Y,long,1,high
C018437,8,Y,long,1,high
C018438,5,N,medium,0,medium
C018439,5,N,medium,0,medium
C018440,6,N,long,0,low
C018441,9,Y,long,1,high
C018442,8,Y,long,1,high
C018443,10,N,long,0,low
C018444,9,N,long,0,low
C018445,9,N,long,0,low
C018446,7,N,long,0,low
C018447,7,Y,long,1,high
C018448,5,N,medium,0,medium
C018449,9,N,long,0,low
C018450,5,N,medium,0,medium
C018451,8,N,long,0,low
C018452,9,N,long,0,low
C018453,9,N,long,0,low
C018454,5,N,medium,0,medium
C018455,9,N,long,0,low
C018456,6,Y,long,1,high
C018457,9,N,long,0,low
C018458,7,N,long,0,low
C018459,5,N,medium,0,medium
C018460,10,N,long,0,low
C018461,9,N,long,0,low
C018462,6,Y,long,1,high
C018463,6,N,long,0,low
C018464,10,N,long,0,low
C018465,9,N,long,0,low
C018466,9,N,long,0,low
C018467,5,Y,medium,1,high
C018468,6,N,long,0,low
C018469,8,N,long,0,low
C018470,5,Y,medium,1,high
C018471,8,N,long,0,low
C018472,7,N,long,0,low
C018473,10,N,long,0,low
C018474,5,N,medium,0,medium
C018475,9,N,long,0,low
C018476,8,N,long,0,low
C018477,7,N,long,0,low
C018478,9,N,long,0,low
C018479,7,N,long,0,low
C018480,7,N,long,0,low
C018481,8,N,long,0,low
C018482,7,N,long,0,low
C018483,10,N,long,0,low
C018484,10,N,long,0,low
C018485,6,Y,long,1,high
C018486,8,N,long,0,low
C018487,8,N,long,0,low
C018488,8,Y,long,1,high
C018489,8,Y,long,1,high
C018490,6,N,long,0,low
C018491,9,N,long,0,low
C018492,6,N,long,0,low
C018493,6,N,long,0,low
C018494,8,N,long,0,low
C018495,6,N,long,0,low
C018496,9,N,long,0,low
C018497,8,Y,long,1,high
C018498,10,N,long,0,low
C018499,9,N,long,0,low
C018500,7,N,long,0,low
C018501,7,N,long,0,low
C018502,10,N,long,0,low
C018503,6,N,long,0,low
C018504,6,N,long,0,low
C018505,5,N,medium,0,medium
C018506,6,N,long,0,low
C018507,10,Y,long,1,high
C018508,8,N,long,0,low
C018509,7,N,long,0,low
C018510,9,Y,long,1,high
C018511,9,N,long,0,low
C018512,8,Y,long,1,high
C018513,5,N,medium,0,medium
C018514,8,N,long,0,low
C018515,10,N,long,0,low
C018516,9,N,long,0,low
C018517,5,Y,medium,1,high
C018518,8,N,long,0,low
C018519,10,Y,long,1,high
C018520,5,Y,medium,1,high
C018521,8,N,long,0,low
C018522,8,N,long,0,low
C018523,10,Y,long,1,high
C018524,5,Y,medium,1,high
C018525,7,N,long,0,low
C018526,9,N,long,0,low
C018527,10,N,long,0,low
C018528,6,Y,long,1,high
C018529,10,N,long,0,low
C018530,10,N,long,0,low
C018531,7,N,long,0,low
C018532,7,Y,long,1,high
C018533,8,Y,long,1,high
C018534,10,N,long,0,low
C018535,9,N,long,0,low
C018536,6,N,long,0,low
C018537,5,N,medium,0,medium
C018538,5,N,medium,0,medium
C018539,9,N,long,0,low
C018540,7,N,long,0,low
C018541,7,N,long,0,low
C018542,7,N,long,0,low
C018543,10,Y,long,1,high
C018544,6,N,long,0,low
C018545,7,N,long,0,low
C018546,9,N,long,0,low
C018547,7,N,long,0,low
C018548,7,N,long,0,low
C018549,10,N,long,0,low
C018550,10,N,long,0,low
C018551,6,N,long,0,low
C018552,8,N,long,0,low
C018553,7,N,long,0,low
C018554,9,N,long,0,low
C018555,9,N,long,0,low
C018556,6,N,long,0,low
C018557,9,N,long,0,low
C018558,9,Y,long,1,high
C018559,8,N,long,0,low
C018560,8,Y,long,1,high
C018561,10,N,long,0,low
C018562,6,N,long,0,low
C018563,7,N,long,0,low
C018564,5,N,medium,0,medium
C018565,8,N,long,0,low
C018566,5,N,medium,0,medium
C018567,6,N,long,0,low
C018568,5,Y,medium,1,high
C018569,9,N,long,0,low
C018570,8,N,long,0,low
C018571,7,N,long,0,low
C018572,9,N,long,0,low
C018573,8,N,long,0,low
C018574,6,N,long,0,low
C018575,9,N,long,0,low
C018576,9,N,long,0,low
C018577,10,N,long,0,low
C018578,6,N,long,0,low
C018579,9,N,long,0,low
C018580,8,Y,long,1,high
C018581,7,Y,long,1,high
C018582,6,N,long,0,low
C018583,9,N,long,0,low
C018584,9,N,long,0,low
C018585,9,N,long,0,low
C018586,10,N,long,0,low
C018587,6,N,long,0,low
C018588,8,N,long,0,low
C018589,6,N,long,0,low
C018590,9,N,long,0,low
C018591,6,N,long,0,low
C018592,10,Y,long,1,high
C018593,6,N,long,0,low
C018594,10,N,long,0,low
C018595,8,N,long,0,low
C018596,9,N,long,0,low
C018597,8,N,long,0,low
C018598,10,Y,long,1,high
C018599,5,N,medium,0,medium
C018600,5,N,medium,0,medium
C018601,7,N,long,0,low
C018602,10,N,long,0,low
C018603,10,N,long,0,low
C018604,6,Y,long,1,high
C018605,5,N,medium,0,medium
C018606,5,N,medium,0,medium
C018607,7,N,long,0,low
C018608,9,N,long,0,low
C018609,7,Y,long,1,high
C018610,9,N,long,0,low
C018611,10,N,long,0,low
C018612,9,Y,long,1,high
C018613,8,N,long,0,low
C018614,6,Y,long,1,high
C018615,8,N,long,0,low
C018616,9,N,long,0,low
C018617,10,N,long,0,low
C018618,8,N,long,0,low
C018619,6,N,long,0,low
C018620,7,N,long,0,low
C018621,7,N,long,0,low
C018622,8,N,long,0,low
C018623,6,Y,long,1,high
C018624,8,N,long,0,low
C018625,10,N,long,0,low
C018626,10,N,long,0,low
C018627,10,Y,long,1,high
C018628,9,N,long,0,low
C018629,5,N,medium,0,medium
C018630,8,Y,long,1,high
C018631,7,N,long,0,low
C018632,10,Y,long,1,high
C018633,6,N,long,0,low
C018634,6,Y,long,1,high
C018635,8,Y,long,1,high
C018636,10,N,long,0,low
C018637,5,N,medium,0,medium
C018638,8,N,long,0,low
C018639,6,N,long,0,low
C018640,7,N,long,0,low
C018641,6,Y,long,1,high
C018642,10,N,long,0,low
C018643,8,Y,long,1,high
C018644,7,Y,long,1,high
C018645,9,N,long,0,low
C018646,9,N,long,0,low
C018647,10,Y,long,1,high
C018648,10,N,long,0,low
C018649,6,N,long,0,low
C018650,5,N,medium,0,medium
C018651,9,N,long,0,low
C018652,10,N,long,0,low
C018653,8,N,long,0,low
C018654,5,N,medium,0,medium
C018655,8,N,long,0,low
C018656,5,N,medium,0,medium
C018657,6,Y,long,1,high
C018658,6,N,long,0,low
C018659,8,Y,long,1,high
C018660,6,N,long,0,low
C018661,8,N,long,0,low
C018662,10,Y,long,1,high
C018663,8,N,long,0,low
C018664,6,N,long,0,low
C018665,10,N,long,0,low
C018666,9,N,long,0,low
C018667,6,N,long,0,low
C018668,10,N,long,0,low
C018669,5,N,medium,0,medium
C018670,7,N,long,0,low
C018671,5,N,medium,0,medium
C018672,5,N,medium,0,medium
C018673,10,Y,long,1,high
C018674,5,N,medium,0,medium
C018675,9,N,long,0,low
C018676,6,N,long,0,low
C018677,8,Y,long,1,high
C018678,6,N,long,0,low
C018679,10,Y,long,1,high
C018680,5,N,medium,0,medium
C018681,5,N,medium,0,medium
C018682,9,N,long,0,low
C018683,9,N,long,0,low
C018684,6,N,long,0,low
C018685,10,N,long,0,low
C018686,9,Y,long,1,high
C018687,7,N,long,0,low
C018688,6,N,long,0,low
C018689,10,N,long,0,low
C018690,5,Y,medium,1,high
C018691,10,Y,long,1,high
C018692,6,N,long,0,low
C018693,5,Y,medium,1,high
C018694,10,N,long,0,low
C018695,8,N,long,0,low
C018696,9,N,long,0,low
C018697,7,N,long,0,low
C018698,5,N,medium,0,medium
C018699,8,N,long,0,low
C018700,5,N,medium,0,medium
C018701,9,N,long,0,low
C018702,6,N,long,0,low
C018703,9,N,long,0,low
C018704,6,N,long,0,low
C018705,8,N,long,0,low
C018706,8,Y,long,1,high
C018707,10,Y,long,1,high
C018708,9,Y,long,1,high
C018709,9,N,long,0,low
C018710,10,N,long,0,low
C018711,7,N,long,0,low
C018712,8,N,long,0,low
C018713,8,N,long,0,low
C018714,7,N,long,0,low
C018715,5,N,medium,0,medium
C018716,5,N,medium,0,medium
C018717,6,N,long,0,low
C018718,8,Y,long,1,high
C018719,5,N,medium,0,medium
C018720,5,Y,medium,1,high
C018721,6,N,long,0,low
C018722,6,N,long,0,low
C018723,6,Y,long,1,high
C018724,8,N,long,0,low
C018725,8,N,long,0,low
C018726,7,Y,long,1,high
C018727,9,N,long,0,low
C018728,9,Y,long,1,high
C018729,9,Y,long,1,high
C018730,10,Y,long,1,high
C018731,10,N,long,0,low
C018732,10,N,long,0,low
C018733,10,N,long,0,low
C018734,5,Y,medium,1,high
C018735,5,Y,medium,1,high
C018736,6,N,long,0,low
C018737,8,N,long,0,low
C018738,5,Y,medium,1,high
C018739,6,N,long,0,low
C018740,6,N,long,0,low
C018741,8,Y,long,1,high
C018742,6,N,long,0,low
C018743,5,N,medium,0,medium
C018744,5,N,medium,0,medium
C018745,6,N,long,0,low
C018746,9,N,long,0,low
C018747,5,Y,medium,1,high
C018748,6,Y,long,1,high
C018749,10,N,long,0,low
C018750,9,N,long,0,low
C018751,5,N,medium,0,medium
C018752,5,N,medium,0,medium
C018753,7,Y,long,1,high
C018754,5,Y,medium,1,high
C018755,7,N,long,0,low
C018756,7,N,long,0,low
C018757,10,Y,long,1,high
C018758,6,N,long,0,low
C018759,5,N,medium,0,medium
C018760,9,N,long,0,low
C018761,7,N,long,0,low
C018762,6,N,long,0,low
C018763,9,N,long,0,low
C018764,10,N,long,0,low
C018765,6,N,long,0,low
C018766,6,N,long,0,low
C018767,10,N,long,0,low
C018768,9,Y,long,1,high
C018769,9,N,long,0,low
C018770,6,N,long,0,low
C018771,10,N,long,0,low
C018772,9,N,long,0,low
C018773,9,N,long,0,low
C018774,5,N,medium,0,medium
C018775,9,N,long,0,low
C018776,9,N,long,0,low
C018777,9,N,long,0,low
C018778,6,N,long,0,low
C018779,10,N,long,0,low
C018780,9,N,long,0,low
C018781,7,N,long,0,low
C018782,6,N,long,0,low
C018783,7,Y,long,1,high
C018784,9,N,long,0,low
C018785,5,Y,medium,1,high
C018786,9,N,long,0,low
C018787,7,N,long,0,low
C018788,5,N,medium,0,medium
C018789,9,Y,long,1,high
C018790,8,N,long,0,low
C018791,5,N,medium,0,medium
C018792,8,N,long,0,low
C018793,7,N,long,0,low
C018794,10,N,long,0,low
C018795,6,Y,long,1,high
C018796,9,N,long,0,low
C018797,8,N,long,0,low
C018798,10,N,long,0,low
C018799,7,N,long,0,low
C018800,5,N,medium,0,medium
C018801,7,N,long,0,low
C018802,8,N,long,0,low
C018803,7,N,long,0,low
C018804,6,N,long,0,low
C018805,9,N,long,0,low
C018806,10,N,long,0,low
C018807,9,N,long,0,low
C018808,8,N,long,0,low
C018809,5,Y,medium,1,high
C018810,5,N,medium,0,medium
C018811,7,N,long,0,low
C018812,5,N,medium,0,medium
C018813,9,N,long,0,low
C018814,8,Y,long,1,high
C018815,5,Y,medium,1,high
C018816,6,N,long,0,low
C018817,7,N,long,0,low
C018818,5,N,medium,0,medium
C018819,8,N,long,0,low
C018820,10,N,long,0,low
C018821,7,N,long,0,low
C018822,7,N,long,0,low
C018823,6,N,long,0,low
C018824,8,N,long,0,low
C018825,7,N,long,0,low
C018826,7,N,long,0,low
C018827,7,N,long,0,low
C018828,6,N,long,0,low
C018829,6,N,long,0,low
C018830,7,Y,long,1,high
C018831,10,N,long,0,low
C018832,9,Y,long,1,high
C018833,6,N,long,0,low
C018834,5,N,medium,0,medium
C018835,10,N,long,0,low
C018836,8,N,long,0,low
C018837,9,N,long,0,low
C018838,7,Y,long,1,high
C018839,6,N,long,0,low
C018840,9,N,long,0,low
C018841,6,N,long,0,low
C018842,9,N,long,0,low
C018843,9,N,long,0,low
C018844,7,N,long,0,low
C018845,5,N,medium,0,medium
C018846,5,N,medium,0,medium
C018847,8,Y,long,1,high
C018848,5,N,medium,0,medium
C018849,6,Y,long,1,high
C018850,8,N,long,0,low
C018851,10,N,long,0,low
C018852,6,N,long,0,low
C018853,7,N,long,0,low
C018854,8,N,long,0,low
C018855,8,N,long,0,low
C018856,8,N,long,0,low
C018857,7,N,long,0,low
C018858,6,N,long,0,low
C018859,7,N,long,0,low
C018860,10,Y,long,1,high
C018861,10,N,long,0,low
C018862,6,N,long,0,low
C018863,10,N,long,0,low
C018864,10,Y,long,1,high
C018865,6,N,long,0,low
C018866,5,N,medium,0,medium
C018867,9,N,long,0,low
C018868,5,Y,medium,1,high
C018869,10,N,long,0,low
C018870,6,Y,long,1,high
C018871,6,N,long,0,low
C018872,7,Y,long,1,high
C018873,7,N,long,0,low
C018874,10,N,long,0,low
C018875,9,N,long,0,low
C018876,9,N,long,0,low
C018877,9,N,long,0,low
C018878,8,N,long,0,low
C018879,6,N,long,0,low
C018880,5,N,medium,0,medium
C018881,9,N,long,0,low
C018882,8,Y,long,1,high
C018883,8,N,long,0,low
C018884,8,Y,long,1,high
C018885,9,N,long,0,low
C018886,9,N,long,0,low
C018887,7,Y,long,1,high
C018888,9,N,long,0,low
C018889,10,N,long,0,low
C018890,8,N,long,0,low
C018891,5,N,medium,0,medium
C018892,7,N,long,0,low
C018893,7,N,long,0,low
C018894,8,N,long,0,low
C018895,10,N,long,0,low
C018896,9,Y,long,1,high
C018897,5,Y,medium,1,high
C018898,9,N,long,0,low
C018899,8,N,long,0,low
C018900,10,N,long,0,low
C018901,5,Y,medium,1,high
C018902,9,N,long,0,low
C018903,7,N,long,0,low
C018904,9,Y,long,1,high
C018905,7,N,long,0,low
C018906,8,N,long,0,low
C018907,7,N,long,0,low
C018908,6,N,long,0,low
C018909,10,N,long,0,low
C018910,7,Y,long,1,high
C018911,9,N,long,0,low
C018912,5,N,medium,0,medium
C018913,7,Y,long,1,high
C018914,8,N,long,0,low
C018915,7,N,long,0,low
C018916,10,N,long,0,low
C018917,6,N,long,0,low
C018918,6,N,long,0,low
C018919,8,N,long,0,low
C018920,5,N,medium,0,medium
C018921,7,N,long,0,low
C018922,10,N,long,0,low
C018923,7,N,long,0,low
C018924,9,Y,long,1,high
C018925,10,Y,long,1,high
C018926,5,Y,medium,1,high
C018927,6,N,long,0,low
C018928,7,N,long,0,low
C018929,9,Y,long,1,high
C018930,5,N,medium,0,medium
C018931,7,N,long,0,low
C018932,6,N,long,0,low
C018933,9,N,long,0,low
C018934,8,N,long,0,low
C018935,9,N,long,0,low
C018936,6,N,long,0,low
C018937,6,Y,long,1,high
C018938,8,N,long,0,low
C018939,9,Y,long,1,high
C018940,5,N,medium,0,medium
C018941,10,N,long,0,low
C018942,7,N,long,0,low
C018943,7,Y,long,1,high
C018944,7,N,long,0,low
C018945,5,Y,medium,1,high
C018946,6,Y,long,1,high
C018947,8,Y,long,1,high
C018948,9,N,long,0,low
C018949,10,Y,long,1,high
C018950,10,N,long,0,low
C018951,10,N,long,0,low
C018952,6,N,long,0,low
C018953,10,N,long,0,low
C018954,8,N,long,0,low
C018955,10,N,long,0,low
C018956,5,N,medium,0,medium
C018957,5,N,medium,0,medium
C018958,5,N,medium,0,medium
C018959,6,N,long,0,low
C018960,8,N,long,0,low
C018961,9,N,long,0,low
C018962,10,Y,long,1,high
C018963,9,N,long,0,low
C018964,9,N,long,0,low
C018965,9,N,long,0,low
C018966,10,N,long,0,low
C018967,10,N,long,0,low
C018968,7,N,long,0,low
C018969,5,N,medium,0,medium
C018970,8,N,long,0,low
C018971,6,N,long,0,low
C018972,6,N,long,0,low
C018973,9,N,long,0,low
C018974,10,N,long,0,low
C018975,8,N,long,0,low
C018976,8,N,long,0,low
C018977,10,Y,long,1,high
C018978,8,N,long,0,low
C018979,6,N,long,0,low
C018980,9,Y,long,1,high
C018981,7,Y,long,1,high
C018982,8,N,long,0,low
C018983,8,N,long,0,low
C018984,7,N,long,0,low
C018985,8,N,long,0,low
C018986,6,N,long,0,low
C018987,7,N,long,0,low
C018988,10,N,long,0,low
C018989,5,N,medium,0,medium
C018990,7,N,long,0,low
C018991,7,N,long,0,low
C018992,5,N,medium,0,medium
C018993,9,N,long,0,low
C018994,5,N,medium,0,medium
C018995,6,N,long,0,low
C018996,10,N,long,0,low
C018997,5,N,medium,0,medium
C018998,9,N,long,0,low
C018999,10,N,long,0,low
C019000,9,Y,long,1,high
C019001,8,N,long,0,low
C019002,5,N,medium,0,medium
C019003,8,N,long,0,low
C019004,10,Y,long,1,high
C019005,5,N,medium,0,medium
C019006,9,N,long,0,low
C019007,10,N,long,0,low
C019008,8,N,long,0,low
C019009,5,N,medium,0,medium
C019010,5,N,medium,0,medium
C019011,9,N,long,0,low
C019012,7,N,long,0,low
C019013,9,N,long,0,low
C019014,5,N,medium,0,medium
C019015,9,N,long,0,low
C019016,8,N,long,0,low
C019017,7,N,long,0,low
C019018,6,N,long,0,low
C019019,6,N,long,0,low
C019020,5,N,medium,0,medium
C019021,8,N,long,0,low
C019022,7,N,long,0,low
C019023,6,N,long,0,low
C019024,6,N,long,0,low
C019025,5,N,medium,0,medium
C019026,6,Y,long,1,high
C019027,7,N,long,0,low
C019028,8,N,long,0,low
C019029,7,N,long,0,low
C019030,9,N,long,0,low
C019031,5,N,medium,0,medium
C019032,7,Y,long,1,high
C019033,9,N,long,0,low
C019034,6,N,long,0,low
C019035,7,N,long,0,low
C019036,7,N,long,0,low
C019037,6,N,long,0,low
C019038,5,N,medium,0,medium
C019039,9,N,long,0,low
C019040,10,N,long,0,low
C019041,6,N,long,0,low
C019042,5,N,medium,0,medium
C019043,9,N,long,0,low
C019044,5,N,medium,0,medium
C019045,7,N,long,0,low
C019046,8,N,long,0,low
C019047,8,Y,long,1,high
C019048,9,Y,long,1,high
C019049,7,Y,long,1,high
C019050,7,N,long,0,low
C019051,10,N,long,0,low
C019052,9,Y,long,1,high
C019053,5,N,medium,0,medium
C019054,7,N,long,0,low
C019055,8,N,long,0,low
C019056,9,N,long,0,low
C019057,9,N,long,0,low
C019058,7,N,long,0,low
C019059,7,N,long,0,low
C019060,7,N,long,0,low
C019061,10,Y,long,1,high
C019062,6,N,long,0,low
C019063,7,Y,long,1,high
C019064,10,Y,long,1,high
C019065,8,N,long,0,low
C019066,6,N,long,0,low
C019067,9,N,long,0,low
C019068,8,N,long,0,low
C019069,6,N,long,0,low
C019070,7,Y,long,1,high
C019071,5,N,medium,0,medium
C019072,6,N,long,0,low
C019073,6,N,long,0,low
C019074,6,N,long,0,low
C019075,7,N,long,0,low
C019076,7,N,long,0,low
C019077,5,N,medium,0,medium
C019078,10,N,long,0,low
C019079,5,Y,medium,1,high
C019080,8,Y,long,1,high
C019081,9,N,long,0,low
C019082,6,N,long,0,low
C019083,8,N,long,0,low
C019084,8,N,long,0,low
C019085,10,N,long,0,low
C019086,5,N,medium,0,medium
C019087,10,N,long,0,low
C019088,8,N,long,0,low
C019089,10,N,long,0,low
C019090,10,N,long,0,low
C019091,8,N,long,0,low
C019092,5,N,medium,0,medium
C019093,9,N,long,0,low
C019094,10,N,long,0,low
C019095,10,Y,long,1,high
C019096,10,N,long,0,low
C019097,8,N,long,0,low
C019098,8,Y,long,1,high
C019099,5,N,medium,0,medium
C019100,8,N,long,0,low
C019101,8,N,long,0,low
C019102,7,N,long,0,low
C019103,6,N,long,0,low
C019104,8,Y,long,1,high
C019105,5,N,medium,0,medium
C019106,6,N,long,0,low
C019107,8,N,long,0,low
C019108,9,N,long,0,low
C019109,8,N,long,0,low
C019110,7,N,long,0,low
C019111,8,N,long,0,low
C019112,5,N,medium,0,medium
C019113,7,N,long,0,low
C019114,8,N,long,0,low
C019115,6,Y,long,1,high
C019116,7,N,long,0,low
C019117,9,N,long,0,low
C019118,8,N,long,0,low
C019119,10,N,long,0,low
C019120,8,Y,long,1,high
C019121,10,Y,long,1,high
C019122,6,N,long,0,low
C019123,10,N,long,0,low
C019124,10,N,long,0,low
C019125,8,N,long,0,low
C019126,9,N,long,0,low
C019127,9,N,long,0,low
C019128,8,N,long,0,low
C019129,8,N,long,0,low
C019130,10,N,long,0,low
C019131,6,N,long,0,low
C019132,5,Y,medium,1,high
C019133,8,Y,long,1,high
C019134,5,N,medium,0,medium
C019135,10,N,long,0,low
C019136,6,N,long,0,low
C019137,5,N,medium,0,medium
C019138,5,Y,medium,1,high
C019139,6,N,long,0,low
C019140,6,Y,long,1,high
C019141,9,N,long,0,low
C019142,5,N,medium,0,medium
C019143,9,N,long,0,low
C019144,7,Y,long,1,high
C019145,6,Y,long,1,high
C019146,10,Y,long,1,high
C019147,9,Y,long,1,high
C019148,5,N,medium,0,medium
C019149,6,N,long,0,low
C019150,7,N,long,0,low
C019151,10,N,long,0,low
C019152,9,N,long,0,low
C019153,10,N,long,0,low
C019154,5,Y,medium,1,high
C019155,7,N,long,0,low
C019156,9,N,long,0,low
C019157,8,N,long,0,low
C019158,9,N,long,0,low
C019159,8,N,long,0,low
C019160,7,N,long,0,low
C019161,10,N,long,0,low
C019162,5,N,medium,0,medium
C019163,6,N,long,0,low
C019164,6,N,long,0,low
C019165,9,N,long,0,low
C019166,5,Y,medium,1,high
C019167,8,N,long,0,low
C019168,10,Y,long,1,high
C019169,9,N,long,0,low
C019170,9,Y,long,1,high
C019171,8,Y,long,1,high
C019172,7,N,long,0,low
C019173,8,N,long,0,low
C019174,6,N,long,0,low
C019175,8,N,long,0,low
C019176,7,N,long,0,low
C019177,6,N,long,0,low
C019178,7,N,long,0,low
C019179,7,N,long,0,low
C019180,8,N,long,0,low
C019181,5,Y,medium,1,high
C019182,5,N,medium,0,medium
C019183,9,Y,long,1,high
C019184,10,N,long,0,low
C019185,8,N,long,0,low
C019186,6,Y,long,1,high
C019187,8,Y,long,1,high
C019188,6,Y,long,1,high
C019189,8,N,long,0,low
C019190,5,N,medium,0,medium
C019191,10,N,long,0,low
C019192,10,N,long,0,low
C019193,9,N,long,0,low
C019194,6,N,long,0,low
C019195,10,Y,long,1,high
C019196,10,N,long,0,low
C019197,9,N,long,0,low
C019198,8,N,long,0,low
C019199,9,N,long,0,low
C019200,8,N,long,0,low
C019201,7,N,long,0,low
C019202,10,Y,long,1,high
C019203,6,Y,long,1,high
C019204,6,N,long,0,low
C019205,9,N,long,0,low
C019206,5,N,medium,0,medium
C019207,6,N,long,0,low
C019208,7,N,long,0,low
C019209,7,N,long,0,low
C019210,6,N,long,0,low
C019211,9,N,long,0,low
C019212,10,N,long,0,low
C019213,6,Y,long,1,high
C019214,9,N,long,0,low
C019215,7,Y,long,1,high
C019216,7,N,long,0,low
C019217,10,N,long,0,low
C019218,8,N,long,0,low
C019219,6,Y,long,1,high
C019220,7,N,long,0,low
C019221,6,N,long,0,low
C019222,6,N,long,0,low
C019223,5,N,medium,0,medium
C019224,5,N,medium,0,medium
C019225,5,N,medium,0,medium
C019226,5,Y,medium,1,high
C019227,6,N,long,0,low
C019228,8,Y,long,1,high
C019229,8,N,long,0,low
C019230,5,N,medium,0,medium
C019231,7,Y,long,1,high
C019232,7,N,long,0,low
C019233,9,N,long,0,low
C019234,8,Y,long,1,high
C019235,10,N,long,0,low
C019236,6,N,long,0,low
C019237,9,N,long,0,low
C019238,8,N,long,0,low
C019239,6,N,long,0,low
C019240,8,N,long,0,low
C019241,10,N,long,0,low
C019242,6,N,long,0,low
C019243,5,N,medium,0,medium
C019244,10,Y,long,1,high
C019245,8,N,long,0,low
C019246,7,N,long,0,low
C019247,5,Y,medium,1,high
C019248,6,N,long,0,low
C019249,10,Y,long,1,high
C019250,5,N,medium,0,medium
C019251,5,N,medium,0,medium
C019252,6,N,long,0,low
C019253,8,Y,long,1,high
C019254,8,Y,long,1,high
C019255,8,Y,long,1,high
C019256,9,N,long,0,low
C019257,5,N,medium,0,medium
C019258,7,N,long,0,low
C019259,6,Y,long,1,high
C019260,10,Y,long,1,high
C019261,9,N,long,0,low
C019262,10,N,long,0,low
C019263,8,N,long,0,low
C019264,6,N,long,0,low
C019265,5,Y,medium,1,high
C019266,8,Y,long,1,high
C019267,10,Y,long,1,high
C019268,5,N,medium,0,medium
C019269,6,N,long,0,low
C019270,5,N,medium,0,medium
C019271,8,N,long,0,low
C019272,8,N,long,0,low
C019273,9,N,long,0,low
C019274,5,N,medium,0,medium
C019275,10,N,long,0,low
C019276,5,Y,medium,1,high
C019277,8,N,long,0,low
C019278,6,N,long,0,low
C019279,8,N,long,0,low
C019280,8,Y,long,1,high
C019281,7,N,long,0,low
C019282,10,Y,long,1,high
C019283,7,Y,long,1,high
C019284,9,N,long,0,low
C019285,8,Y,long,1,high
C019286,5,N,medium,0,medium
C019287,10,N,long,0,low
C019288,5,Y,medium,1,high
C019289,6,N,long,0,low
C019290,8,N,long,0,low
C019291,10,N,long,0,low
C019292,5,N,medium,0,medium
C019293,10,Y,long,1,high
C019294,10,N,long,0,low
C019295,5,N,medium,0,medium
C019296,10,Y,long,1,high
C019297,8,N,long,0,low
C019298,8,N,long,0,low
C019299,9,Y,long,1,high
C019300,5,N,medium,0,medium
C019301,5,N,medium,0,medium
C019302,7,N,long,0,low
C019303,7,N,long,0,low
C019304,10,Y,long,1,high
C019305,10,N,long,0,low
C019306,10,N,long,0,low
C019307,7,N,long,0,low
C019308,8,N,long,0,low
C019309,6,N,long,0,low
C019310,9,N,long,0,low
C019311,6,N,long,0,low
C019312,10,N,long,0,low
C019313,5,N,medium,0,medium
C019314,8,N,long,0,low
C019315,6,Y,long,1,high
C019316,9,Y,long,1,high
C019317,8,N,long,0,low
C019318,7,N,long,0,low
C019319,6,N,long,0,low
C019320,9,Y,long,1,high
C019321,9,N,long,0,low
C019322,10,Y,long,1,high
C019323,6,N,long,0,low
C019324,5,N,medium,0,medium
C019325,6,N,long,0,low
C019326,5,N,medium,0,medium
C019327,9,N,long,0,low
C019328,9,N,long,0,low
C019329,6,N,long,0,low
C019330,10,N,long,0,low
C019331,6,Y,long,1,high
C019332,5,N,medium,0,medium
C019333,5,N,medium,0,medium
C019334,7,N,long,0,low
C019335,9,N,long,0,low
C019336,10,N,long,0,low
C019337,7,N,long,0,low
C019338,7,N,long,0,low
C019339,5,Y,medium,1,high
C019340,7,Y,long,1,high
C019341,5,Y,medium,1,high
C019342,7,N,long,0,low
C019343,9,N,long,0,low
C019344,10,N,long,0,low
C019345,9,N,long,0,low
C019346,8,N,long,0,low
C019347,6,N,long,0,low
C019348,7,N,long,0,low
C019349,8,Y,long,1,high
C019350,5,N,medium,0,medium
C019351,10,N,long,0,low
C019352,7,N,long,0,low
C019353,5,N,medium,0,medium
C019354,5,N,medium,0,medium
C019355,5,N,medium,0,medium
C019356,6,Y,long,1,high
C019357,6,Y,long,1,high
C019358,8,N,long,0,low
C019359,7,N,long,0,low
C019360,7,Y,long,1,high
C019361,5,N,medium,0,medium
C019362,8,N,long,0,low
C019363,9,N,long,0,low
C019364,8,N,long,0,low
C019365,5,N,medium,0,medium
C019366,10,N,long,0,low
C019367,10,N,long,0,low
C019368,7,N,long,0,low
C019369,7,N,long,0,low
C019370,7,Y,long,1,high
C019371,9,N,long,0,low
C019372,8,N,long,0,low
C019373,6,Y,long,1,high
C019374,6,N,long,0,low
C019375,8,Y,long,1,high
C019376,9,N,long,0,low
C019377,5,N,medium,0,medium
C019378,5,N,medium,0,medium
C019379,6,N,long,0,low
C019380,7,N,long,0,low
C019381,5,Y,medium,1,high
C019382,10,Y,long,1,high
C019383,6,Y,long,1,high
C019384,8,N,long,0,low
C019385,5,N,medium,0,medium
C019386,10,N,long,0,low
C019387,8,N,long,0,low
C019388,5,Y,medium,1,high
C019389,8,N,long,0,low
C019390,9,N,long,0,low
C019391,7,N,long,0,low
C019392,6,N,long,0,low
C019393,6,Y,long,1,high
C019394,10,N,long,0,low
C019395,8,N,long,0,low
C019396,8,N,long,0,low
C019397,7,Y,long,1,high
C019398,9,N,long,0,low
C019399,7,N,long,0,low
C019400,9,Y,long,1,high
C019401,8,N,long,0,low
C019402,5,N,medium,0,medium
C019403,6,N,long,0,low
C019404,10,N,long,0,low
C019405,8,N,long,0,low
C019406,9,N,long,0,low
C019407,6,Y,long,1,high
C019408,7,N,long,0,low
C019409,7,N,long,0,low
C019410,7,N,long,0,low
C019411,10,N,long,0,low
C019412,5,N,medium,0,medium
C019413,10,N,long,0,low
C019414,9,N,long,0,low
C019415,8,N,long,0,low
C019416,8,N,long,0,low
C019417,6,Y,long,1,high
C019418,9,Y,long,1,high
C019419,10,Y,long,1,high
C019420,9,N,long,0,low
C019421,8,N,long,0,low
C019422,6,N,long,0,low
C019423,9,N,long,0,low
C019424,10,N,long,0,low
C019425,10,N,long,0,low
C019426,8,Y,long,1,high
C019427,7,N,long,0,low
C019428,8,N,long,0,low
C019429,8,N,long,0,low
C019430,7,N,long,0,low
C019431,10,N,long,0,low
C019432,10,N,long,0,low
C019433,10,N,long,0,low
C019434,7,N,long,0,low
C019435,10,Y,long,1,high
C019436,8,N,long,0,low
C019437,6,N,long,0,low
C019438,6,N,long,0,low
C019439,7,N,long,0,low
C019440,9,N,long,0,low
C019441,5,Y,medium,1,high
C019442,10,N,long,0,low
C019443,10,N,long,0,low
C019444,7,Y,long,1,high
C019445,5,N,medium,0,medium
C019446,9,N,long,0,low
C019447,7,N,long,0,low
C019448,7,N,long,0,low
C019449,10,N,long,0,low
C019450,7,Y,long,1,high
C019451,7,N,long,0,low
C019452,8,N,long,0,low
C019453,10,N,long,0,low
C019454,7,N,long,0,low
C019455,6,N,long,0,low
C019456,10,N,long,0,low
C019457,5,N,medium,0,medium
C019458,7,N,long,0,low
C019459,8,N,long,0,low
C019460,8,N,long,0,low
C019461,5,N,medium,0,medium
C019462,6,N,long,0,low
C019463,5,N,medium,0,medium
C019464,10,N,long,0,low
C019465,7,N,long,0,low
C019466,8,N,long,0,low
C019467,10,N,long,0,low
C019468,6,N,long,0,low
C019469,8,Y,long,1,high
C019470,7,N,long,0,low
C019471,6,N,long,0,low
C019472,9,N,long,0,low
C019473,10,N,long,0,low
C019474,9,N,long,0,low
C019475,8,N,long,0,low
C019476,9,N,long,0,low
C019477,8,N,long,0,low
C019478,6,N,long,0,low
C019479,6,N,long,0,low
C019480,9,N,long,0,low
C019481,9,N,long,0,low
C019482,10,N,long,0,low
C019483,10,N,long,0,low
C019484,6,N,long,0,low
C019485,7,N,long,0,low
C019486,6,N,long,0,low
C019487,7,Y,long,1,high
C019488,10,N,long,0,low
C019489,7,N,long,0,low
C019490,6,N,long,0,low
C019491,7,N,long,0,low
C019492,9,N,long,0,low
C019493,10,N,long,0,low
C019494,10,N,long,0,low
C019495,5,N,medium,0,medium
C019496,7,Y,long,1,high
C019497,5,N,medium,0,medium
C019498,7,N,long,0,low
C019499,6,N,long,0,low
C019500,6,N,long,0,low
C019501,9,N,long,0,low
C019502,8,N,long,0,low
C019503,6,N,long,0,low
C019504,9,N,long,0,low
C019505,7,N,long,0,low
C019506,9,N,long,0,low
C019507,10,N,long,0,low
C019508,6,N,long,0,low
C019509,8,N,long,0,low
C019510,5,N,medium,0,medium
C019511,8,Y,long,1,high
C019512,8,N,long,0,low
C019513,8,N,long,0,low
C019514,9,N,long,0,low
C019515,7,N,long,0,low
C019516,8,N,long,0,low
C019517,8,N,long,0,low
C019518,10,N,long,0,low
C019519,5,N,medium,0,medium
C019520,5,N,medium,0,medium
C019521,6,Y,long,1,high
C019522,10,Y,long,1,high
C019523,9,N,long,0,low
C019524,7,N,long,0,low
C019525,10,Y,long,1,high
C019526,10,N,long,0,low
C019527,7,N,long,0,low
C019528,9,N,long,0,low
C019529,7,N,long,0,low
C019530,7,Y,long,1,high
C019531,10,N,long,0,low
C019532,10,Y,long,1,high
C019533,6,N,long,0,low
C019534,7,N,long,0,low
C019535,7,N,long,0,low
C019536,8,N,long,0,low
C019537,8,N,long,0,low
C019538,8,N,long,0,low
C019539,7,N,long,0,low
C019540,7,Y,long,1,high
C019541,7,N,long,0,low
C019542,9,N,long,0,low
C019543,9,Y,long,1,high
C019544,7,N,long,0,low
C019545,8,Y,long,1,high
C019546,10,N,long,0,low
C019547,10,N,long,0,low
C019548,7,N,long,0,low
C019549,7,N,long,0,low
C019550,7,N,long,0,low
C019551,6,N,long,0,low
C019552,6,N,long,0,low
C019553,5,N,medium,0,medium
C019554,6,N,long,0,low
C019555,5,N,medium,0,medium
C019556,8,N,long,0,low
C019557,7,N,long,0,low
C019558,6,N,long,0,low
C019559,7,N,long,0,low
C019560,5,Y,medium,1,high
C019561,9,N,long,0,low
C019562,5,Y,medium,1,high
C019563,9,N,long,0,low
C019564,9,N,long,0,low
C019565,6,N,long,0,low
C019566,9,N,long,0,low
C019567,9,N,long,0,low
C019568,6,N,long,0,low
C019569,9,N,long,0,low
C019570,8,N,long,0,low
C019571,5,N,medium,0,medium
C019572,7,N,long,0,low
C019573,8,N,long,0,low
C019574,6,Y,long,1,high
C019575,9,N,long,0,low
C019576,6,N,long,0,low
C019577,7,N,long,0,low
C019578,9,N,long,0,low
C019579,9,N,long,0,low
C019580,9,N,long,0,low
C019581,6,N,long,0,low
C019582,5,N,medium,0,medium
C019583,7,N,long,0,low
C019584,7,N,long,0,low
C019585,10,Y,long,1,high
C019586,8,N,long,0,low
C019587,5,N,medium,0,medium
C019588,10,N,long,0,low
C019589,9,N,long,0,low
C019590,7,Y,long,1,high
C019591,9,N,long,0,low
C019592,6,N,long,0,low
C019593,9,N,long,0,low
C019594,9,N,long,0,low
C019595,10,N,long,0,low
C019596,6,N,long,0,low
C019597,5,N,medium,0,medium
C019598,5,N,medium,0,medium
C019599,6,N,long,0,low
C019600,5,N,medium,0,medium
C019601,8,N,long,0,low
C019602,9,N,long,0,low
C019603,7,N,long,0,low
C019604,5,N,medium,0,medium
C019605,6,N,long,0,low
C019606,5,N,medium,0,medium
C019607,7,N,long,0,low
C019608,8,N,long,0,low
C019609,6,N,long,0,low
C019610,6,N,long,0,low
C019611,5,N,medium,0,medium
C019612,7,N,long,0,low
C019613,6,N,long,0,low
C019614,9,Y,long,1,high
C019615,7,N,long,0,low
C019616,9,N,long,0,low
C019617,5,Y,medium,1,high
C019618,5,N,medium,0,medium
C019619,6,N,long,0,low
C019620,9,N,long,0,low
C019621,6,N,long,0,low
C019622,10,N,long,0,low
C019623,5,N,medium,0,medium
C019624,7,N,long,0,low
C019625,5,N,medium,0,medium
C019626,9,N,long,0,low
C019627,8,N,long,0,low
C019628,9,N,long,0,low
C019629,10,Y,long,1,high
C019630,8,N,long,0,low
C019631,5,N,medium,0,medium
C019632,6,N,long,0,low
C019633,8,N,long,0,low
C019634,5,Y,medium,1,high
C019635,5,N,medium,0,medium
C019636,9,Y,long,1,high
C019637,5,N,medium,0,medium
C019638,5,N,medium,0,medium
C019639,5,N,medium,0,medium
C019640,9,N,long,0,low
C019641,10,N,long,0,low
C019642,9,N,long,0,low
C019643,10,N,long,0,low
C019644,6,N,long,0,low
C019645,9,N,long,0,low
C019646,6,N,long,0,low
C019647,7,N,long,0,low
C019648,8,N,long,0,low
C019649,5,Y,medium,1,high
C019650,9,N,long,0,low
C019651,5,Y,medium,1,high
C019652,6,N,long,0,low
C019653,6,N,long,0,low
C019654,6,N,long,0,low
C019655,6,N,long,0,low
C019656,6,N,long,0,low
C019657,10,N,long,0,low
C019658,10,N,long,0,low
C019659,5,N,medium,0,medium
C019660,6,N,long,0,low
C019661,7,Y,long,1,high
C019662,6,Y,long,1,high
C019663,7,N,long,0,low
C019664,8,Y,long,1,high
C019665,5,N,medium,0,medium
C019666,9,N,long,0,low
C019667,5,N,medium,0,medium
C019668,7,Y,long,1,high
C019669,5,N,medium,0,medium
C019670,8,Y,long,1,high
C019671,7,N,long,0,low
C019672,5,N,medium,0,medium
C019673,10,N,long,0,low
C019674,8,Y,long,1,high
C019675,7,N,long,0,low
C019676,7,N,long,0,low
C019677,7,N,long,0,low
C019678,7,Y,long,1,high
C019679,8,N,long,0,low
C019680,9,N,long,0,low
C019681,9,N,long,0,low
C019682,8,N,long,0,low
C019683,5,N,medium,0,medium
C019684,5,Y,medium,1,high
C019685,9,N,long,0,low
C019686,5,N,medium,0,medium
C019687,8,N,long,0,low
C019688,9,N,long,0,low
C019689,9,N,long,0,low
C019690,10,N,long,0,low
C019691,7,N,long,0,low
C019692,9,N,long,0,low
C019693,7,N,long,0,low
C019694,5,N,medium,0,medium
C019695,7,Y,long,1,high
C019696,8,N,long,0,low
C019697,9,N,long,0,low
C019698,8,N,long,0,low
C019699,10,N,long,0,low
C019700,9,Y,long,1,high
C019701,8,N,long,0,low
C019702,6,N,long,0,low
C019703,8,N,long,0,low
C019704,8,N,long,0,low
C019705,8,N,long,0,low
C019706,9,N,long,0,low
C019707,7,Y,long,1,high
C019708,10,N,long,0,low
C019709,5,N,medium,0,medium
C019710,8,N,long,0,low
C019711,5,Y,medium,1,high
C019712,5,Y,medium,1,high
C019713,10,N,long,0,low
C019714,7,N,long,0,low
C019715,9,N,long,0,low
C019716,8,Y,long,1,high
C019717,9,N,long,0,low
C019718,5,N,medium,0,medium
C019719,9,N,long,0,low
C019720,9,N,long,0,low
C019721,5,N,medium,0,medium
C019722,7,Y,long,1,high
C019723,10,N,long,0,low
C019724,8,Y,long,1,high
C019725,8,N,long,0,low
C019726,6,N,long,0,low
C019727,5,N,medium,0,medium
C019728,5,N,medium,0,medium
C019729,8,N,long,0,low
C019730,6,N,long,0,low
C019731,7,N,long,0,low
C019732,9,N,long,0,low
C019733,10,Y,long,1,high
C019734,6,N,long,0,low
C019735,6,N,long,0,low
C019736,10,N,long,0,low
C019737,6,Y,long,1,high
C019738,5,N,medium,0,medium
C019739,10,N,long,0,low
C019740,5,N,medium,0,medium
C019741,7,N,long,0,low
C019742,10,N,long,0,low
C019743,5,N,medium,0,medium
C019744,10,N,long,0,low
C019745,8,N,long,0,low
C019746,8,N,long,0,low
C019747,8,N,long,0,low
C019748,6,N,long,0,low
C019749,8,N,long,0,low
C019750,10,N,long,0,low
C019751,9,N,long,0,low
C019752,9,N,long,0,low
C019753,6,N,long,0,low
C019754,6,N,long,0,low
C019755,6,N,long,0,low
C019756,10,Y,long,1,high
C019757,5,N,medium,0,medium
C019758,9,Y,long,1,high
C019759,7,Y,long,1,high
C019760,8,N,long,0,low
C019761,10,N,long,0,low
C019762,5,N,medium,0,medium
C019763,10,Y,long,1,high
C019764,10,N,long,0,low
C019765,5,N,medium,0,medium
C019766,5,N,medium,0,medium
C019767,8,N,long,0,low
C019768,8,N,long,0,low
C019769,6,N,long,0,low
C019770,8,N,long,0,low
C019771,8,N,long,0,low
C019772,9,N,long,0,low
C019773,6,N,long,0,low
C019774,5,N,medium,0,medium
C019775,8,Y,long,1,high
C019776,7,N,long,0,low
C019777,8,Y,long,1,high
C019778,5,N,medium,0,medium
C019779,6,N,long,0,low
C019780,7,N,long,0,low
C019781,9,N,long,0,low
C019782,10,Y,long,1,high
C019783,7,N,long,0,low
C019784,7,N,long,0,low
C019785,5,N,medium,0,medium
C019786,10,N,long,0,low
C019787,5,N,medium,0,medium
C019788,9,N,long,0,low
C019789,9,N,long,0,low
C019790,9,N,long,0,low
C019791,9,N,long,0,low
C019792,8,N,long,0,low
C019793,9,N,long,0,low
C019794,5,Y,medium,1,high
C019795,6,N,long,0,low
C019796,9,N,long,0,low
C019797,8,Y,long,1,high
C019798,5,N,medium,0,medium
C019799,6,Y,long,1,high
C019800,7,Y,long,1,high
C019801,8,N,long,0,low
C019802,7,N,long,0,low
C019803,6,N,long,0,low
C019804,7,Y,long,1,high
C019805,6,N,long,0,low
C019806,10,N,long,0,low
C019807,7,N,long,0,low
C019808,7,N,long,0,low
C019809,10,Y,long,1,high
C019810,8,N,long,0,low
C019811,9,Y,long,1,high
C019812,7,N,long,0,low
C019813,10,N,long,0,low
C019814,6,N,long,0,low
C019815,10,N,long,0,low
C019816,9,Y,long,1,high
C019817,10,N,long,0,low
C019818,5,N,medium,0,medium
C019819,10,Y,long,1,high
C019820,5,N,medium,0,medium
C019821,10,Y,long,1,high
C019822,8,N,long,0,low
C019823,7,N,long,0,low
C019824,7,Y,long,1,high
C019825,10,N,long,0,low
C019826,6,Y,long,1,high
C019827,5,Y,medium,1,high
C019828,7,Y,long,1,high
C019829,10,N,long,0,low
C019830,6,N,long,0,low
C019831,6,N,long,0,low
C019832,10,N,long,0,low
C019833,7,N,long,0,low
C019834,7,N,long,0,low
C019835,9,N,long,0,low
C019836,5,N,medium,0,medium
C019837,7,N,long,0,low
C019838,6,N,long,0,low
C019839,7,Y,long,1,high
C019840,6,N,long,0,low
C019841,8,N,long,0,low
C019842,7,Y,long,1,high
C019843,5,Y,medium,1,high
C019844,5,N,medium,0,medium
C019845,5,N,medium,0,medium
C019846,8,N,long,0,low
C019847,7,N,long,0,low
C019848,7,N,long,0,low
C019849,10,N,long,0,low
C019850,10,N,long,0,low
C019851,10,N,long,0,low
C019852,9,N,long,0,low
C019853,10,N,long,0,low
C019854,9,N,long,0,low
C019855,6,N,long,0,low
C019856,10,N,long,0,low
C019857,6,Y,long,1,high
C019858,8,N,long,0,low
C019859,7,N,long,0,low
C019860,7,N,long,0,low
C019861,9,Y,long,1,high
C019862,9,N,long,0,low
C019863,7,Y,long,1,high
C019864,5,Y,medium,1,high
C019865,10,N,long,0,low
C019866,10,N,long,0,low
C019867,5,N,medium,0,medium
C019868,7,N,long,0,low
C019869,5,N,medium,0,medium
C019870,7,Y,long,1,high
C019871,9,N,long,0,low
C019872,9,N,long,0,low
C019873,7,N,long,0,low
C019874,10,Y,long,1,high
C019875,9,Y,long,1,high
C019876,5,N,medium,0,medium
C019877,9,Y,long,1,high
C019878,10,Y,long,1,high
C019879,7,N,long,0,low
C019880,7,N,long,0,low
C019881,9,N,long,0,low
C019882,10,N,long,0,low
C019883,5,N,medium,0,medium
C019884,5,Y,medium,1,high
C019885,8,N,long,0,low
C019886,5,Y,medium,1,high
C019887,9,N,long,0,low
C019888,5,N,medium,0,medium
C019889,8,Y,long,1,high
C019890,6,N,long,0,low
C019891,7,N,long,0,low
C019892,5,Y,medium,1,high
C019893,10,N,long,0,low
C019894,10,Y,long,1,high
C019895,9,N,long,0,low
C019896,8,N,long,0,low
C019897,6,N,long,0,low
C019898,8,N,long,0,low
C019899,10,N,long,0,low
C019900,9,N,long,0,low
C019901,8,N,long,0,low
C019902,6,N,long,0,low
C019903,10,N,long,0,low
C019904,6,N,long,0,low
C019905,6,N,long,0,low
C019906,7,N,long,0,low
C019907,6,N,long,0,low
C019908,7,Y,long,1,high
C019909,6,N,long,0,low
C019910,7,N,long,0,low
C019911,7,N,long,0,low
C019912,5,N,medium,0,medium
C019913,5,Y,medium,1,high
C019914,5,N,medium,0,medium
C019915,8,N,long,0,low
C019916,8,N,long,0,low
C019917,8,N,long,0,low
C019918,8,Y,long,1,high
C019919,10,Y,long,1,high
C019920,8,N,long,0,low
C019921,10,Y,long,1,high
C019922,8,N,long,0,low
C019923,7,N,long,0,low
C019924,6,N,long,0,low
C019925,10,N,long,0,low
C019926,8,N,long,0,low
C019927,10,N,long,0,low
C019928,8,N,long,0,low
C019929,6,N,long,0,low
C019930,10,N,long,0,low
C019931,7,N,long,0,low
C019932,6,N,long,0,low
C019933,10,N,long,0,low
C019934,9,N,long,0,low
C019935,10,N,long,0,low
C019936,5,N,medium,0,medium
C019937,7,N,long,0,low
C019938,6,N,long,0,low
C019939,5,N,medium,0,medium
C019940,7,N,long,0,low
C019941,5,N,medium,0,medium
C019942,6,N,long,0,low
C019943,6,Y,long,1,high
C019944,8,N,long,0,low
C019945,6,N,long,0,low
C019946,9,N,long,0,low
C019947,5,N,medium,0,medium
C019948,10,N,long,0,low
C019949,7,N,long,0,low
C019950,10,N,long,0,low
C019951,6,N,long,0,low
C019952,7,N,long,0,low
C019953,7,N,long,0,low
C019954,5,Y,medium,1,high
C019955,9,N,long,0,low
C019956,8,N,long,0,low
C019957,5,N,medium,0,medium
C019958,8,N,long,0,low
C019959,10,N,long,0,low
C019960,8,N,long,0,low
C019961,10,Y,long,1,high
C019962,6,N,long,0,low
C019963,7,Y,long,1,high
C019964,6,Y,long,1,high
C019965,5,N,medium,0,medium
C019966,10,N,long,0,low
C019967,10,N,long,0,low
C019968,5,N,medium,0,medium
C019969,6,N,long,0,low
C019970,10,N,long,0,low
C019971,9,N,long,0,low
C019972,6,N,long,0,low
C019973,7,N,long,0,low
C019974,9,N,long,0,low
C019975,10,N,long,0,low
C019976,5,N,medium,0,medium
C019977,9,N,long,0,low
C019978,7,N,long,0,low
C019979,6,Y,long,1,high
C019980,10,Y,long,1,high
C019981,5,Y,medium,1,high
C019982,8,N,long,0,low
C019983,6,N,long,0,low
C019984,5,N,medium,0,medium
C019985,8,N,long,0,low
C019986,9,N,long,0,low
C019987,5,N,medium,0,medium
C019988,10,Y,long,1,high
C019989,7,Y,long,1,high
C019990,10,Y,long,1,high
C019991,7,N,long,0,low
C019992,8,N,long,0,low
C019993,5,N,medium,0,medium
C019994,10,N,long,0,low
C019995,5,N,medium,0,medium
C019996,5,N,medium,0,medium
C019997,10,Y,long,1,high
C019998,7,N,long,0,low
C019999,5,N,medium,0,medium
C020000,8,N,long,0,low
C020001,5,N,medium,0,medium
C020002,5,N,medium,0,medium
C020003,6,N,long,0,low
C020004,7,N,long,0,low
C020005,7,N,long,0,low
C020006,9,Y,long,1,high
C020007,5,N,medium,0,medium
C020008,9,N,long,0,low
C020009,10,N,long,0,low
C020010,7,Y,long,1,high
C020011,10,N,long,0,low
C020012,5,N,medium,0,medium
C020013,10,Y,long,1,high
C020014,5,N,medium,0,medium
C020015,9,N,long,0,low
C020016,8,N,long,0,low
C020017,8,N,long,0,low
C020018,5,N,medium,0,medium
C020019,6,N,long,0,low
C020020,9,N,long,0,low
C020021,6,N,long,0,low
C020022,9,N,long,0,low
C020023,9,N,long,0,low
C020024,5,N,medium,0,medium
C020025,8,N,long,0,low
C020026,6,Y,long,1,high
C020027,7,N,long,0,low
C020028,9,N,long,0,low
C020029,6,N,long,0,low
C020030,8,N,long,0,low
C020031,6,N,long,0,low
C020032,7,N,long,0,low
C020033,6,N,long,0,low
C020034,8,N,long,0,low
C020035,7,N,long,0,low
C020036,8,N,long,0,low
C020037,5,N,medium,0,medium
C020038,5,N,medium,0,medium
C020039,8,N,long,0,low
C020040,5,N,medium,0,medium
C020041,5,N,medium,0,medium
C020042,9,N,long,0,low
C020043,6,Y,long,1,high
C020044,8,N,long,0,low
C020045,8,N,long,0,low
C020046,9,N,long,0,low
C020047,7,N,long,0,low
C020048,9,N,long,0,low
C020049,10,N,long,0,low
C020050,8,N,long,0,low
C020051,8,Y,long,1,high
C020052,9,N,long,0,low
C020053,6,N,long,0,low
C020054,10,N,long,0,low
C020055,8,N,long,0,low
C020056,6,Y,long,1,high
C020057,10,N,long,0,low
C020058,6,N,long,0,low
C020059,9,N,long,0,low
C020060,6,Y,long,1,high
C020061,6,N,long,0,low
C020062,8,N,long,0,low
C020063,8,N,long,0,low
C020064,5,N,medium,0,medium
C020065,10,N,long,0,low
C020066,5,N,medium,0,medium
C020067,7,Y,long,1,high
C020068,8,N,long,0,low
C020069,9,Y,long,1,high
C020070,5,N,medium,0,medium
C020071,8,Y,long,1,high
C020072,6,N,long,0,low
C020073,7,N,long,0,low
C020074,9,N,long,0,low
C020075,7,Y,long,1,high
C020076,8,N,long,0,low
C020077,7,Y,long,1,high
C020078,9,Y,long,1,high
C020079,8,N,long,0,low
C020080,5,N,medium,0,medium
C020081,5,Y,medium,1,high
C020082,10,N,long,0,low
C020083,8,N,long,0,low
C020084,5,N,medium,0,medium
C020085,6,N,long,0,low
C020086,6,N,long,0,low
C020087,8,N,long,0,low
C020088,6,N,long,0,low
C020089,6,N,long,0,low
C020090,6,Y,long,1,high
C020091,10,N,long,0,low
C020092,9,N,long,0,low
C020093,8,N,long,0,low
C020094,9,N,long,0,low
C020095,9,Y,long,1,high
C020096,9,N,long,0,low
C020097,6,N,long,0,low
C020098,5,N,medium,0,medium
C020099,8,Y,long,1,high
C020100,6,Y,long,1,high
C020101,9,N,long,0,low
C020102,10,N,long,0,low
C020103,7,Y,long,1,high
C020104,10,N,long,0,low
C020105,7,N,long,0,low
C020106,10,N,long,0,low
C020107,8,N,long,0,low
C020108,6,Y,long,1,high
C020109,6,N,long,0,low
C020110,9,N,long,0,low
C020111,8,Y,long,1,high
C020112,6,Y,long,1,high
C020113,10,N,long,0,low
C020114,9,N,long,0,low
C020115,6,N,long,0,low
C020116,10,N,long,0,low
C020117,10,N,long,0,low
C020118,10,N,long,0,low
C020119,9,N,long,0,low
C020120,7,N,long,0,low
C020121,7,N,long,0,low
C020122,8,N,long,0,low
C020123,8,Y,long,1,high
C020124,7,N,long,0,low
C020125,8,N,long,0,low
C020126,7,N,long,0,low
C020127,8,N,long,0,low
C020128,8,N,long,0,low
C020129,10,N,long,0,low
C020130,5,N,medium,0,medium
C020131,10,N,long,0,low
C020132,8,Y,long,1,high
C020133,7,N,long,0,low
C020134,5,N,medium,0,medium
C020135,9,N,long,0,low
C020136,7,N,long,0,low
C020137,7,N,long,0,low
C020138,6,Y,long,1,high
C020139,6,N,long,0,low
C020140,5,N,medium,0,medium
C020141,6,N,long,0,low
C020142,10,N,long,0,low
C020143,7,Y,long,1,high
C020144,9,N,long,0,low
C020145,5,N,medium,0,medium
C020146,7,N,long,0,low
C020147,7,N,long,0,low
C020148,5,N,medium,0,medium
C020149,6,N,long,0,low
C020150,9,N,long,0,low
C020151,7,N,long,0,low
C020152,9,N,long,0,low
C020153,8,N,long,0,low
C020154,9,N,long,0,low
C020155,9,N,long,0,low
C020156,5,N,medium,0,medium
C020157,9,Y,long,1,high
C020158,10,N,long,0,low
C020159,10,N,long,0,low
C020160,9,Y,long,1,high
C020161,9,N,long,0,low
C020162,7,Y,long,1,high
C020163,5,N,medium,0,medium
C020164,9,Y,long,1,high
C020165,6,N,long,0,low
C020166,6,N,long,0,low
C020167,8,N,long,0,low
C020168,5,N,medium,0,medium
C020169,10,N,long,0,low
C020170,5,N,medium,0,medium
C020171,7,Y,long,1,high
C020172,7,N,long,0,low
C020173,6,N,long,0,low
C020174,5,N,medium,0,medium
C020175,10,N,long,0,low
C020176,10,N,long,0,low
C020177,8,N,long,0,low
C020178,6,N,long,0,low
C020179,9,Y,long,1,high
C020180,10,N,long,0,low
C020181,10,N,long,0,low
C020182,9,N,long,0,low
C020183,7,N,long,0,low
C020184,5,N,medium,0,medium
C020185,8,N,long,0,low
C020186,9,N,long,0,low
C020187,9,N,long,0,low
C020188,10,N,long,0,low
C020189,5,N,medium,0,medium
C020190,9,Y,long,1,high
C020191,9,N,long,0,low
C020192,8,N,long,0,low
C020193,7,N,long,0,low
C020194,5,N,medium,0,medium
C020195,8,Y,long,1,high
C020196,7,N,long,0,low
C020197,10,N,long,0,low
C020198,7,N,long,0,low
C020199,10,N,long,0,low
C020200,6,N,long,0,low
C020201,9,N,long,0,low
C020202,7,Y,long,1,high
C020203,7,N,long,0,low
C020204,8,N,long,0,low
C020205,10,N,long,0,low
C020206,5,N,medium,0,medium
C020207,8,Y,long,1,high
C020208,5,N,medium,0,medium
C020209,9,N,long,0,low
C020210,6,N,long,0,low
C020211,9,Y,long,1,high
C020212,6,N,long,0,low
C020213,8,N,long,0,low
C020214,9,N,long,0,low
C020215,9,N,long,0,low
C020216,10,N,long,0,low
C020217,8,N,long,0,low
C020218,9,N,long,0,low
C020219,8,N,long,0,low
C020220,8,N,long,0,low
C020221,5,N,medium,0,medium
C020222,9,N,long,0,low
C020223,5,N,medium,0,medium
C020224,5,N,medium,0,medium
C020225,8,N,long,0,low
C020226,10,N,long,0,low
C020227,8,N,long,0,low
C020228,9,N,long,0,low
C020229,8,N,long,0,low
C020230,7,N,long,0,low
C020231,5,N,medium,0,medium
C020232,6,Y,long,1,high
C020233,5,N,medium,0,medium
C020234,10,N,long,0,low
C020235,9,N,long,0,low
C020236,7,Y,long,1,high
C020237,9,N,long,0,low
C020238,8,N,long,0,low
C020239,9,N,long,0,low
C020240,8,N,long,0,low
C020241,6,N,long,0,low
C020242,7,N,long,0,low
C020243,10,N,long,0,low
C020244,5,N,medium,0,medium
C020245,5,Y,medium,1,high
C020246,8,Y,long,1,high
C020247,6,N,long,0,low
C020248,7,N,long,0,low
C020249,8,N,long,0,low
C020250,5,N,medium,0,medium
C020251,8,N,long,0,low
C020252,7,Y,long,1,high
C020253,10,Y,long,1,high
C020254,6,N,long,0,low
C020255,5,N,medium,0,medium
C020256,6,Y,long,1,high
C020257,6,Y,long,1,high
C020258,10,N,long,0,low
C020259,10,N,long,0,low
C020260,8,N,long,0,low
C020261,9,Y,long,1,high
C020262,9,N,long,0,low
C020263,9,N,long,0,low
C020264,6,N,long,0,low
C020265,9,N,long,0,low
C020266,10,N,long,0,low
C020267,6,N,long,0,low
C020268,7,N,long,0,low
C020269,5,N,medium,0,medium
C020270,7,N,long,0,low
C020271,9,Y,long,1,high
C020272,8,N,long,0,low
C020273,8,N,long,0,low
C020274,9,N,long,0,low
C020275,7,Y,long,1,high
C020276,5,N,medium,0,medium
C020277,5,N,medium,0,medium
C020278,5,N,medium,0,medium
C020279,6,N,long,0,low
C020280,7,N,long,0,low
C020281,9,N,long,0,low
C020282,7,N,long,0,low
C020283,10,N,long,0,low
C020284,5,N,medium,0,medium
C020285,7,Y,long,1,high
C020286,6,N,long,0,low
C020287,6,N,long,0,low
C020288,5,N,medium,0,medium
C020289,10,N,long,0,low
C020290,8,Y,long,1,high
C020291,6,N,long,0,low
C020292,5,N,medium,0,medium
C020293,6,N,long,0,low
C020294,7,N,long,0,low
C020295,7,N,long,0,low
C020296,6,N,long,0,low
C020297,8,N,long,0,low
C020298,9,N,long,0,low
C020299,5,Y,medium,1,high
C020300,9,N,long,0,low
C020301,6,N,long,0,low
C020302,8,N,long,0,low
C020303,9,N,long,0,low
C020304,8,N,long,0,low
C020305,5,N,medium,0,medium
C020306,6,N,long,0,low
C020307,8,N,long,0,low
C020308,5,N,medium,0,medium
C020309,7,N,long,0,low
C020310,7,N,long,0,low
C020311,9,N,long,0,low
C020312,7,N,long,0,low
C020313,7,N,long,0,low
C020314,9,Y,long,1,high
C020315,7,N,long,0,low
C020316,9,N,long,0,low
C020317,10,N,long,0,low
C020318,5,Y,medium,1,high
C020319,5,N,medium,0,medium
C020320,10,N,long,0,low
C020321,5,N,medium,0,medium
C020322,10,N,long,0,low
C020323,10,Y,long,1,high
C020324,9,N,long,0,low
C020325,5,N,medium,0,medium
C020326,7,N,long,0,low
C020327,7,Y,long,1,high
C020328,10,N,long,0,low
C020329,8,N,long,0,low
C020330,6,N,long,0,low
C020331,5,Y,medium,1,high
C020332,7,N,long,0,low
C020333,7,N,long,0,low
C020334,7,Y,long,1,high
C020335,8,Y,long,1,high
C020336,9,N,long,0,low
C020337,8,N,long,0,low
C020338,10,N,long,0,low
C020339,6,N,long,0,low
C020340,10,N,long,0,low
C020341,5,N,medium,0,medium
C020342,9,N,long,0,low
C020343,9,Y,long,1,high
C020344,9,N,long,0,low
C020345,9,N,long,0,low
C020346,7,N,long,0,low
C020347,10,N,long,0,low
C020348,9,N,long,0,low
C020349,8,N,long,0,low
C020350,9,N,long,0,low
C020351,5,N,medium,0,medium
C020352,8,N,long,0,low
C020353,7,N,long,0,low
C020354,10,N,long,0,low
C020355,10,N,long,0,low
C020356,9,Y,long,1,high
C020357,10,N,long,0,low
C020358,9,N,long,0,low
C020359,6,N,long,0,low
C020360,6,N,long,0,low
C020361,7,N,long,0,low
C020362,5,N,medium,0,medium
C020363,5,Y,medium,1,high
C020364,5,N,medium,0,medium
C020365,7,Y,long,1,high
C020366,9,N,long,0,low
C020367,8,N,long,0,low
C020368,10,N,long,0,low
C020369,6,N,long,0,low
C020370,9,N,long,0,low
C020371,8,N,long,0,low
C020372,9,N,long,0,low
C020373,7,N,long,0,low
C020374,6,Y,long,1,high
C020375,10,N,long,0,low
C020376,5,N,medium,0,medium
C020377,6,N,long,0,low
C020378,8,N,long,0,low
C020379,8,N,long,0,low
C020380,7,N,long,0,low
C020381,6,N,long,0,low
C020382,10,N,long,0,low
C020383,6,Y,long,1,high
C020384,8,N,long,0,low
C020385,6,N,long,0,low
C020386,10,N,long,0,low
C020387,9,Y,long,1,high
C020388,9,N,long,0,low
C020389,7,Y,long,1,high
C020390,5,N,medium,0,medium
C020391,5,N,medium,0,medium
C020392,7,N,long,0,low
C020393,6,N,long,0,low
C020394,5,Y,medium,1,high
C020395,5,N,medium,0,medium
C020396,7,Y,long,1,high
C020397,9,N,long,0,low
C020398,10,N,long,0,low
C020399,7,N,long,0,low
C020400,10,N,long,0,low
C020401,9,N,long,0,low
C020402,7,N,long,0,low
C020403,10,N,long,0,low
C020404,6,N,long,0,low
C020405,5,Y,medium,1,high
C020406,7,N,long,0,low
C020407,6,Y,long,1,high
C020408,8,Y,long,1,high
C020409,8,N,long,0,low
C020410,8,N,long,0,low
C020411,9,N,long,0,low
C020412,9,N,long,0,low
C020413,6,Y,long,1,high
C020414,5,N,medium,0,medium
C020415,8,N,long,0,low
C020416,7,N,long,0,low
C020417,7,N,long,0,low
C020418,6,N,long,0,low
C020419,6,Y,long,1,high
C020420,10,N,long,0,low
C020421,8,N,long,0,low
C020422,7,N,long,0,low
C020423,8,N,long,0,low
C020424,7,N,long,0,low
C020425,6,N,long,0,low
C020426,6,N,long,0,low
C020427,7,N,long,0,low
C020428,7,N,long,0,low
C020429,7,N,long,0,low
C020430,5,N,medium,0,medium
C020431,7,N,long,0,low
C020432,10,Y,long,1,high
C020433,9,N,long,0,low
C020434,8,Y,long,1,high
C020435,6,N,long,0,low
C020436,10,N,long,0,low
C020437,8,N,long,0,low
C020438,5,N,medium,0,medium
C020439,7,N,long,0,low
C020440,9,N,long,0,low
C020441,10,N,long,0,low
C020442,5,N,medium,0,medium
C020443,7,N,long,0,low
C020444,8,N,long,0,low
C020445,9,Y,long,1,high
C020446,7,N,long,0,low
C020447,5,Y,medium,1,high
C020448,6,Y,long,1,high
C020449,8,N,long,0,low
C020450,6,N,long,0,low
C020451,8,N,long,0,low
C020452,10,N,long,0,low
C020453,6,N,long,0,low
C020454,9,N,long,0,low
C020455,10,N,long,0,low
C020456,8,N,long,0,low
C020457,10,N,long,0,low
C020458,8,N,long,0,low
C020459,9,N,long,0,low
C020460,7,N,long,0,low
C020461,10,N,long,0,low
C020462,5,N,medium,0,medium
C020463,10,Y,long,1,high
C020464,10,N,long,0,low
C020465,8,N,long,0,low
C020466,8,N,long,0,low
C020467,6,N,long,0,low
C020468,10,N,long,0,low
C020469,7,Y,long,1,high
C020470,8,N,long,0,low
C020471,8,Y,long,1,high
C020472,8,N,long,0,low
C020473,5,Y,medium,1,high
C020474,5,N,medium,0,medium
C020475,9,N,long,0,low
C020476,9,N,long,0,low
C020477,5,N,medium,0,medium
C020478,7,N,long,0,low
C020479,7,Y,long,1,high
C020480,6,N,long,0,low
C020481,5,N,medium,0,medium
C020482,8,N,long,0,low
C020483,10,N,long,0,low
C020484,7,N,long,0,low
C020485,9,N,long,0,low
C020486,10,N,long,0,low
C020487,6,Y,long,1,high
C020488,6,N,long,0,low
C020489,9,Y,long,1,high
C020490,8,N,long,0,low
C020491,8,N,long,0,low
C020492,5,N,medium,0,medium
C020493,5,Y,medium,1,high
C020494,9,N,long,0,low
C020495,10,N,long,0,low
C020496,10,N,long,0,low
C020497,8,N,long,0,low
C020498,8,N,long,0,low
C020499,8,N,long,0,low
C020500,7,N,long,0,low
C020501,6,N,long,0,low
C020502,8,N,long,0,low
C020503,8,Y,long,1,high
C020504,6,N,long,0,low
C020505,6,N,long,0,low
C020506,8,N,long,0,low
C020507,10,N,long,0,low
C020508,5,N,medium,0,medium
C020509,10,Y,long,1,high
C020510,10,N,long,0,low
C020511,8,N,long,0,low
C020512,9,Y,long,1,high
C020513,7,N,long,0,low
C020514,10,N,long,0,low
C020515,10,N,long,0,low
C020516,10,N,long,0,low
C020517,9,Y,long,1,high
C020518,10,Y,long,1,high
C020519,8,N,long,0,low
C020520,8,N,long,0,low
C020521,5,N,medium,0,medium
C020522,9,Y,long,1,high
C020523,6,N,long,0,low
C020524,6,N,long,0,low
C020525,9,Y,long,1,high
C020526,10,N,long,0,low
C020527,7,N,long,0,low
C020528,10,Y,long,1,high
C020529,9,Y,long,1,high
C020530,5,N,medium,0,medium
C020531,6,N,long,0,low
C020532,9,N,long,0,low
C020533,7,N,long,0,low
C020534,7,N,long,0,low
C020535,5,N,medium,0,medium
C020536,8,N,long,0,low
C020537,8,N,long,0,low
C020538,5,N,medium,0,medium
C020539,10,N,long,0,low
C020540,10,Y,long,1,high
C020541,7,N,long,0,low
C020542,9,N,long,0,low
C020543,10,N,long,0,low
C020544,8,N,long,0,low
C020545,6,N,long,0,low
C020546,8,N,long,0,low
C020547,6,N,long,0,low
C020548,9,N,long,0,low
C020549,6,N,long,0,low
C020550,9,N,long,0,low
C020551,7,N,long,0,low
C020552,6,N,long,0,low
C020553,5,N,medium,0,medium
C020554,5,N,medium,0,medium
C020555,10,N,long,0,low
C020556,6,N,long,0,low
C020557,7,N,long,0,low
C020558,8,N,long,0,low
C020559,7,N,long,0,low
C020560,10,N,long,0,low
C020561,9,N,long,0,low
C020562,9,N,long,0,low
C020563,5,N,medium,0,medium
C020564,8,N,long,0,low
C020565,8,N,long,0,low
C020566,7,N,long,0,low
C020567,9,N,long,0,low
C020568,9,N,long,0,low
C020569,8,N,long,0,low
C020570,9,N,long,0,low
C020571,7,Y,long,1,high
C020572,9,Y,long,1,high
C020573,5,N,medium,0,medium
C020574,10,N,long,0,low
C020575,8,N,long,0,low
C020576,5,N,medium,0,medium
C020577,9,Y,long,1,high
C020578,9,N,long,0,low
C020579,7,N,long,0,low
C020580,5,N,medium,0,medium
C020581,10,Y,long,1,high
C020582,6,N,long,0,low
C020583,6,N,long,0,low
C020584,9,N,long,0,low
C020585,9,N,long,0,low
C020586,9,N,long,0,low
C020587,9,N,long,0,low
C020588,10,N,long,0,low
C020589,7,N,long,0,low
C020590,8,N,long,0,low
C020591,10,N,long,0,low
C020592,5,N,medium,0,medium
C020593,9,N,long,0,low
C020594,6,N,long,0,low
C020595,7,N,long,0,low
C020596,6,N,long,0,low
C020597,5,N,medium,0,medium
C020598,10,N,long,0,low
C020599,5,N,medium,0,medium
C020600,5,N,medium,0,medium
C020601,6,Y,long,1,high
C020602,7,N,long,0,low
C020603,5,N,medium,0,medium
C020604,6,N,long,0,low
C020605,5,Y,medium,1,high
C020606,9,Y,long,1,high
C020607,6,N,long,0,low
C020608,5,N,medium,0,medium
C020609,9,N,long,0,low
C020610,9,Y,long,1,high
C020611,6,N,long,0,low
C020612,7,N,long,0,low
C020613,7,N,long,0,low
C020614,10,Y,long,1,high
C020615,8,N,long,0,low
C020616,7,Y,long,1,high
C020617,6,N,long,0,low
C020618,9,N,long,0,low
C020619,5,N,medium,0,medium
C020620,6,N,long,0,low
C020621,6,N,long,0,low
C020622,7,Y,long,1,high
C020623,6,N,long,0,low
C020624,10,N,long,0,low
C020625,5,N,medium,0,medium
C020626,9,N,long,0,low
C020627,8,Y,long,1,high
C020628,5,N,medium,0,medium
C020629,5,N,medium,0,medium
C020630,8,N,long,0,low
C020631,9,Y,long,1,high
C020632,8,N,long,0,low
C020633,9,N,long,0,low
C020634,9,N,long,0,low
C020635,6,Y,long,1,high
C020636,10,N,long,0,low
C020637,7,N,long,0,low
C020638,5,N,medium,0,medium
C020639,6,Y,long,1,high
C020640,10,Y,long,1,high
C020641,7,N,long,0,low
C020642,10,N,long,0,low
C020643,9,N,long,0,low
C020644,7,N,long,0,low
C020645,10,N,long,0,low
C020646,8,N,long,0,low
C020647,9,N,long,0,low
C020648,8,N,long,0,low
C020649,9,N,long,0,low
C020650,9,N,long,0,low
C020651,7,N,long,0,low
C020652,5,Y,medium,1,high
C020653,5,Y,medium,1,high
C020654,7,Y,long,1,high
C020655,7,N,long,0,low
C020656,10,N,long,0,low
C020657,7,N,long,0,low
C020658,5,N,medium,0,medium
C020659,5,N,medium,0,medium
C020660,7,N,long,0,low
C020661,5,N,medium,0,medium
C020662,9,N,long,0,low
C020663,8,N,long,0,low
C020664,6,N,long,0,low
C020665,8,N,long,0,low
C020666,8,N,long,0,low
C020667,8,N,long,0,low
C020668,7,N,long,0,low
C020669,5,N,medium,0,medium
C020670,10,Y,long,1,high
C020671,8,Y,long,1,high
C020672,10,N,long,0,low
C020673,10,N,long,0,low
C020674,7,N,long,0,low
C020675,8,N,long,0,low
C020676,10,N,long,0,low
C020677,8,N,long,0,low
C020678,9,N,long,0,low
C020679,7,N,long,0,low
C020680,7,N,long,0,low
C020681,9,Y,long,1,high
C020682,8,N,long,0,low
C020683,6,N,long,0,low
C020684,5,N,medium,0,medium
C020685,6,N,long,0,low
C020686,10,N,long,0,low
C020687,9,Y,long,1,high
C020688,9,N,long,0,low
C020689,7,N,long,0,low
C020690,10,N,long,0,low
C020691,7,N,long,0,low
C020692,10,Y,long,1,high
C020693,8,N,long,0,low
C020694,8,N,long,0,low
C020695,7,N,long,0,low
C020696,10,Y,long,1,high
C020697,6,Y,long,1,high
C020698,9,N,long,0,low
C020699,9,Y,long,1,high
C020700,7,N,long,0,low
C020701,10,N,long,0,low
C020702,10,N,long,0,low
C020703,6,N,long,0,low
C020704,5,N,medium,0,medium
C020705,7,Y,long,1,high
C020706,5,N,medium,0,medium
C020707,8,N,long,0,low
C020708,9,N,long,0,low
C020709,8,N,long,0,low
C020710,9,N,long,0,low
C020711,6,Y,long,1,high
C020712,5,N,medium,0,medium
C020713,5,N,medium,0,medium
C020714,8,N,long,0,low
C020715,7,N,long,0,low
C020716,10,Y,long,1,high
C020717,6,N,long,0,low
C020718,8,N,long,0,low
C020719,9,N,long,0,low
C020720,9,N,long,0,low
C020721,5,N,medium,0,medium
C020722,10,N,long,0,low
C020723,5,Y,medium,1,high
C020724,7,Y,long,1,high
C020725,9,N,long,0,low
C020726,6,Y,long,1,high
C020727,9,N,long,0,low
C020728,9,N,long,0,low
C020729,7,N,long,0,low
C020730,7,N,long,0,low
C020731,9,N,long,0,low
C020732,9,N,long,0,low
C020733,9,N,long,0,low
C020734,7,N,long,0,low
C020735,8,N,long,0,low
C020736,5,N,medium,0,medium
C020737,7,Y,long,1,high
C020738,9,N,long,0,low
C020739,8,N,long,0,low
C020740,5,N,medium,0,medium
C020741,5,N,medium,0,medium
C020742,8,N,long,0,low
C020743,8,N,long,0,low
C020744,10,N,long,0,low
C020745,10,N,long,0,low
C020746,6,N,long,0,low
C020747,5,N,medium,0,medium
C020748,9,N,long,0,low
C020749,6,Y,long,1,high
C020750,9,N,long,0,low
C020751,5,N,medium,0,medium
C020752,10,N,long,0,low
C020753,10,N,long,0,low
C020754,10,N,long,0,low
C020755,5,N,medium,0,medium
C020756,10,N,long,0,low
C020757,6,N,long,0,low
C020758,5,N,medium,0,medium
C020759,8,N,long,0,low
C020760,9,N,long,0,low
C020761,5,N,medium,0,medium
C020762,6,N,long,0,low
C020763,9,Y,long,1,high
C020764,10,N,long,0,low
C020765,6,Y,long,1,high
C020766,10,N,long,0,low
C020767,8,N,long,0,low
C020768,10,N,long,0,low
C020769,8,N,long,0,low
C020770,5,N,medium,0,medium
C020771,9,Y,long,1,high
C020772,9,N,long,0,low
C020773,9,N,long,0,low
C020774,10,N,long,0,low
C020775,6,N,long,0,low
C020776,5,N,medium,0,medium
C020777,6,Y,long,1,high
C020778,10,N,long,0,low
C020779,5,N,medium,0,medium
C020780,10,N,long,0,low
C020781,5,N,medium,0,medium
C020782,9,N,long,0,low
C020783,5,N,medium,0,medium
C020784,9,N,long,0,low
C020785,7,N,long,0,low
C020786,5,Y,medium,1,high
C020787,6,N,long,0,low
C020788,9,N,long,0,low
C020789,5,N,medium,0,medium
C020790,10,N,long,0,low
C020791,9,N,long,0,low
C020792,5,N,medium,0,medium
C020793,7,N,long,0,low
C020794,6,N,long,0,low
C020795,9,N,long,0,low
C020796,10,N,long,0,low
C020797,9,N,long,0,low
C020798,6,N,long,0,low
C020799,10,Y,long,1,high
C020800,6,N,long,0,low
C020801,7,N,long,0,low
C020802,7,N,long,0,low
C020803,5,N,medium,0,medium
C020804,6,N,long,0,low
C020805,7,N,long,0,low
C020806,6,N,long,0,low
C020807,10,N,long,0,low
C020808,7,N,long,0,low
C020809,8,N,long,0,low
C020810,10,N,long,0,low
C020811,5,N,medium,0,medium
C020812,10,N,long,0,low
C020813,7,N,long,0,low
C020814,10,N,long,0,low
C020815,6,N,long,0,low
C020816,5,N,medium,0,medium
C020817,9,N,long,0,low
C020818,9,N,long,0,low
C020819,9,N,long,0,low
C020820,6,N,long,0,low
C020821,7,N,long,0,low
C020822,9,N,long,0,low
C020823,7,Y,long,1,high
C020824,8,N,long,0,low
C020825,6,N,long,0,low
C020826,8,N,long,0,low
C020827,6,N,long,0,low
C020828,7,N,long,0,low
C020829,7,N,long,0,low
C020830,10,N,long,0,low
C020831,6,N,long,0,low
C020832,9,N,long,0,low
C020833,10,N,long,0,low
C020834,8,N,long,0,low
C020835,8,N,long,0,low
C020836,9,N,long,0,low
C020837,6,N,long,0,low
C020838,5,N,medium,0,medium
C020839,9,N,long,0,low
C020840,10,Y,long,1,high
C020841,5,Y,medium,1,high
C020842,7,N,long,0,low
C020843,9,N,long,0,low
C020844,5,N,medium,0,medium
C020845,6,N,long,0,low
C020846,8,N,long,0,low
C020847,5,Y,medium,1,high
C020848,9,Y,long,1,high
C020849,5,N,medium,0,medium
C020850,6,N,long,0,low
C020851,10,N,long,0,low
C020852,5,N,medium,0,medium
C020853,8,N,long,0,low
C020854,5,N,medium,0,medium
C020855,7,N,long,0,low
C020856,9,Y,long,1,high
C020857,10,N,long,0,low
C020858,7,Y,long,1,high
C020859,8,N,long,0,low
C020860,9,N,long,0,low
C020861,5,N,medium,0,medium
C020862,7,N,long,0,low
C020863,10,N,long,0,low
C020864,9,N,long,0,low
C020865,9,N,long,0,low
C020866,6,N,long,0,low
C020867,7,N,long,0,low
C020868,8,N,long,0,low
C020869,5,N,medium,0,medium
C020870,9,N,long,0,low
C020871,6,Y,long,1,high
C020872,8,N,long,0,low
C020873,5,Y,medium,1,high
C020874,6,N,long,0,low
C020875,7,N,long,0,low
C020876,8,N,long,0,low
C020877,6,N,long,0,low
C020878,10,N,long,0,low
C020879,5,N,medium,0,medium
C020880,6,N,long,0,low
C020881,9,N,long,0,low
C020882,7,N,long,0,low
C020883,7,N,long,0,low
C020884,5,N,medium,0,medium
C020885,8,N,long,0,low
C020886,5,N,medium,0,medium
C020887,8,N,long,0,low
C020888,5,N,medium,0,medium
C020889,5,N,medium,0,medium
C020890,9,N,long,0,low
C020891,6,Y,long,1,high
C020892,8,Y,long,1,high
C020893,8,N,long,0,low
C020894,9,Y,long,1,high
C020895,7,N,long,0,low
C020896,5,N,medium,0,medium
C020897,7,Y,long,1,high
C020898,6,Y,long,1,high
C020899,9,Y,long,1,high
C020900,8,N,long,0,low
C020901,6,N,long,0,low
C020902,5,N,medium,0,medium
C020903,5,Y,medium,1,high
C020904,8,N,long,0,low
C020905,10,N,long,0,low
C020906,7,Y,long,1,high
C020907,9,Y,long,1,high
C020908,7,N,long,0,low
C020909,6,N,long,0,low
C020910,7,N,long,0,low
C020911,9,N,long,0,low
C020912,10,Y,long,1,high
C020913,5,N,medium,0,medium
C020914,7,N,long,0,low
C020915,9,N,long,0,low
C020916,10,N,long,0,low
C020917,8,N,long,0,low
C020918,5,Y,medium,1,high
C020919,7,N,long,0,low
C020920,9,N,long,0,low
C020921,10,Y,long,1,high
C020922,5,N,medium,0,medium
C020923,10,N,long,0,low
C020924,7,N,long,0,low
C020925,7,Y,long,1,high
C020926,7,N,long,0,low
C020927,7,Y,long,1,high
C020928,6,N,long,0,low
C020929,8,N,long,0,low
C020930,7,Y,long,1,high
C020931,6,Y,long,1,high
C020932,8,N,long,0,low
C020933,5,N,medium,0,medium
C020934,9,N,long,0,low
C020935,7,N,long,0,low
C020936,10,N,long,0,low
C020937,5,N,medium,0,medium
C020938,6,N,long,0,low
C020939,9,N,long,0,low
C020940,6,N,long,0,low
C020941,10,N,long,0,low
C020942,9,N,long,0,low
C020943,8,N,long,0,low
C020944,8,N,long,0,low
C020945,7,N,long,0,low
C020946,5,N,medium,0,medium
C020947,7,N,long,0,low
C020948,10,N,long,0,low
C020949,6,N,long,0,low
C020950,5,N,medium,0,medium
C020951,8,Y,long,1,high
C020952,10,N,long,0,low
C020953,10,Y,long,1,high
C020954,7,N,long,0,low
C020955,8,Y,long,1,high
C020956,7,N,long,0,low
C020957,9,N,long,0,low
C020958,9,N,long,0,low
C020959,10,N,long,0,low
C020960,9,N,long,0,low
C020961,8,N,long,0,low
C020962,10,N,long,0,low
C020963,7,N,long,0,low
C020964,8,N,long,0,low
C020965,10,Y,long,1,high
C020966,9,N,long,0,low
C020967,5,N,medium,0,medium
C020968,7,N,long,0,low
C020969,5,N,medium,0,medium
C020970,8,Y,long,1,high
C020971,8,N,long,0,low
C020972,10,N,long,0,low
C020973,6,Y,long,1,high
C020974,9,Y,long,1,high
C020975,9,Y,long,1,high
C020976,10,Y,long,1,high
C020977,5,N,medium,0,medium
C020978,8,N,long,0,low
C020979,9,N,long,0,low
C020980,8,N,long,0,low
C020981,8,Y,long,1,high
C020982,8,N,long,0,low
C020983,10,Y,long,1,high
C020984,8,Y,long,1,high
C020985,6,N,long,0,low
C020986,10,N,long,0,low
C020987,7,N,long,0,low
C020988,10,N,long,0,low
C020989,10,N,long,0,low
C020990,6,N,long,0,low
C020991,8,N,long,0,low
C020992,6,Y,long,1,high
C020993,6,N,long,0,low
C020994,10,N,long,0,low
C020995,10,Y,long,1,high
C020996,7,Y,long,1,high
C020997,7,N,long,0,low
C020998,8,N,long,0,low
C020999,9,N,long,0,low
C021000,6,N,long,0,low
C021001,5,N,medium,0,medium
C021002,9,N,long,0,low
C021003,10,N,long,0,low
C021004,8,N,long,0,low
C021005,6,N,long,0,low
C021006,10,Y,long,1,high
C021007,6,N,long,0,low
C021008,6,N,long,0,low
C021009,6,N,long,0,low
C021010,10,N,long,0,low
C021011,6,N,long,0,low
C021012,5,N,medium,0,medium
C021013,10,N,long,0,low
C021014,10,N,long,0,low
C021015,7,N,long,0,low
C021016,10,Y,long,1,high
C021017,9,N,long,0,low
C021018,9,N,long,0,low
C021019,10,N,long,0,low
C021020,10,N,long,0,low
C021021,8,N,long,0,low
C021022,8,N,long,0,low
C021023,7,Y,long,1,high
C021024,7,N,long,0,low
C021025,8,N,long,0,low
C021026,7,N,long,0,low
C021027,8,Y,long,1,high
C021028,7,N,long,0,low
C021029,6,N,long,0,low
C021030,6,N,long,0,low
C021031,7,N,long,0,low
C021032,10,N,long,0,low
C021033,7,N,long,0,low
C021034,6,N,long,0,low
C021035,9,N,long,0,low
C021036,6,N,long,0,low
C021037,7,N,long,0,low
C021038,8,N,long,0,low
C021039,5,N,medium,0,medium
C021040,6,Y,long,1,high
C021041,6,N,long,0,low
C021042,8,Y,long,1,high
C021043,8,N,long,0,low
C021044,5,N,medium,0,medium
C021045,6,N,long,0,low
C021046,7,N,long,0,low
C021047,5,Y,medium,1,high
C021048,6,N,long,0,low
C021049,8,Y,long,1,high
C021050,6,N,long,0,low
C021051,9,Y,long,1,high
C021052,7,Y,long,1,high
C021053,9,N,long,0,low
C021054,9,N,long,0,low
C021055,6,N,long,0,low
C021056,10,N,long,0,low
C021057,8,N,long,0,low
C021058,5,N,medium,0,medium
C021059,5,N,medium,0,medium
C021060,6,N,long,0,low
C021061,7,N,long,0,low
C021062,5,N,medium,0,medium
C021063,10,Y,long,1,high
C021064,6,N,long,0,low
C021065,9,N,long,0,low
C021066,8,N,long,0,low
C021067,5,N,medium,0,medium
C021068,5,Y,medium,1,high
C021069,9,N,long,0,low
C021070,10,N,long,0,low
C021071,9,N,long,0,low
C021072,8,N,long,0,low
C021073,9,N,long,0,low
C021074,9,N,long,0,low
C021075,6,N,long,0,low
C021076,10,N,long,0,low
C021077,5,N,medium,0,medium
C021078,10,Y,long,1,high
C021079,8,N,long,0,low
C021080,10,N,long,0,low
C021081,10,Y,long,1,high
C021082,10,N,long,0,low
C021083,8,N,long,0,low
C021084,5,N,medium,0,medium
C021085,9,Y,long,1,high
C021086,6,N,long,0,low
C021087,6,N,long,0,low
C021088,10,N,long,0,low
C021089,6,N,long,0,low
C021090,9,N,long,0,low
C021091,7,N,long,0,low
C021092,9,N,long,0,low
C021093,10,N,long,0,low
C021094,7,N,long,0,low
C021095,6,N,long,0,low
C021096,8,N,long,0,low
C021097,10,N,long,0,low
C021098,5,N,medium,0,medium
C021099,10,N,long,0,low
C021100,5,N,medium,0,medium
C021101,8,N,long,0,low
C021102,9,N,long,0,low
C021103,8,N,long,0,low
C021104,5,N,medium,0,medium
C021105,5,N,medium,0,medium
C021106,7,Y,long,1,high
C021107,8,N,long,0,low
C021108,5,Y,medium,1,high
C021109,7,N,long,0,low
C021110,9,N,long,0,low
C021111,10,N,long,0,low
C021112,8,N,long,0,low
C021113,6,N,long,0,low
C021114,7,N,long,0,low
C021115,5,N,medium,0,medium
C021116,6,N,long,0,low
C021117,6,N,long,0,low
C021118,5,N,medium,0,medium
C021119,7,N,long,0,low
C021120,8,Y,long,1,high
C021121,8,N,long,0,low
C021122,8,N,long,0,low
C021123,6,N,long,0,low
C021124,10,N,long,0,low
C021125,9,Y,long,1,high
C021126,6,N,long,0,low
C021127,7,N,long,0,low
C021128,7,N,long,0,low
C021129,6,Y,long,1,high
C021130,9,N,long,0,low
C021131,10,Y,long,1,high
C021132,8,N,long,0,low
C021133,10,N,long,0,low
C021134,5,Y,medium,1,high
C021135,5,N,medium,0,medium
C021136,9,Y,long,1,high
C021137,9,N,long,0,low
C021138,6,N,long,0,low
C021139,8,Y,long,1,high
C021140,10,N,long,0,low
C021141,7,N,long,0,low
C021142,8,N,long,0,low
C021143,8,N,long,0,low
C021144,9,N,long,0,low
C021145,5,N,medium,0,medium
C021146,10,N,long,0,low
C021147,7,N,long,0,low
C021148,5,N,medium,0,medium
C021149,6,N,long,0,low
C021150,9,N,long,0,low
C021151,6,N,long,0,low
C021152,10,N,long,0,low
C021153,9,N,long,0,low
C021154,9,N,long,0,low
C021155,7,N,long,0,low
C021156,6,Y,long,1,high
C021157,6,N,long,0,low
C021158,8,N,long,0,low
C021159,6,N,long,0,low
C021160,10,N,long,0,low
C021161,7,N,long,0,low
C021162,5,N,medium,0,medium
C021163,6,Y,long,1,high
C021164,9,N,long,0,low
C021165,9,N,long,0,low
C021166,7,N,long,0,low
C021167,6,Y,long,1,high
C021168,9,N,long,0,low
C021169,9,N,long,0,low
C021170,6,N,long,0,low
C021171,10,N,long,0,low
C021172,10,N,long,0,low
C021173,8,N,long,0,low
C021174,8,N,long,0,low
C021175,9,Y,long,1,high
C021176,5,N,medium,0,medium
C021177,8,N,long,0,low
C021178,9,N,long,0,low
C021179,5,N,medium,0,medium
C021180,9,Y,long,1,high
C021181,5,Y,medium,1,high
C021182,10,N,long,0,low
C021183,10,N,long,0,low
C021184,5,N,medium,0,medium
C021185,8,N,long,0,low
C021186,5,N,medium,0,medium
C021187,8,Y,long,1,high
C021188,6,Y,long,1,high
C021189,5,N,medium,0,medium
C021190,8,N,long,0,low
C021191,9,N,long,0,low
C021192,8,N,long,0,low
C021193,6,N,long,0,low
C021194,8,N,long,0,low
C021195,10,N,long,0,low
C021196,7,N,long,0,low
C021197,5,N,medium,0,medium
C021198,10,N,long,0,low
C021199,8,N,long,0,low
C021200,5,N,medium,0,medium
C021201,6,N,long,0,low
C021202,8,N,long,0,low
C021203,5,N,medium,0,medium
C021204,9,N,long,0,low
C021205,10,Y,long,1,high
C021206,9,N,long,0,low
C021207,6,N,long,0,low
C021208,9,N,long,0,low
C021209,10,N,long,0,low
C021210,7,N,long,0,low
C021211,8,Y,long,1,high
C021212,7,N,long,0,low
C021213,6,Y,long,1,high
C021214,10,N,long,0,low
C021215,9,Y,long,1,high
C021216,10,N,long,0,low
C021217,6,N,long,0,low
C021218,10,N,long,0,low
C021219,7,N,long,0,low
C021220,8,N,long,0,low
C021221,6,N,long,0,low
C021222,8,N,long,0,low
C021223,7,N,long,0,low
C021224,7,N,long,0,low
C021225,8,N,long,0,low
C021226,6,Y,long,1,high
C021227,9,N,long,0,low
C021228,7,Y,long,1,high
C021229,10,N,long,0,low
C021230,8,N,long,0,low
C021231,9,Y,long,1,high
C021232,7,Y,long,1,high
C021233,9,Y,long,1,high
C021234,7,N,long,0,low
C021235,10,Y,long,1,high
C021236,8,N,long,0,low
C021237,6,N,long,0,low
C021238,10,N,long,0,low
C021239,10,N,long,0,low
C021240,10,N,long,0,low
C021241,10,N,long,0,low
C021242,5,N,medium,0,medium
C021243,10,N,long,0,low
C021244,7,N,long,0,low
C021245,9,N,long,0,low
C021246,7,N,long,0,low
C021247,9,N,long,0,low
C021248,6,N,long,0,low
C021249,8,N,long,0,low
C021250,8,N,long,0,low
C021251,6,Y,long,1,high
C021252,8,Y,long,1,high
C021253,6,N,long,0,low
C021254,5,N,medium,0,medium
C021255,6,N,long,0,low
C021256,5,Y,medium,1,high
C021257,9,N,long,0,low
C021258,6,N,long,0,low
C021259,10,Y,long,1,high
C021260,6,N,long,0,low
C021261,8,N,long,0,low
C021262,6,N,long,0,low
C021263,7,N,long,0,low
C021264,5,N,medium,0,medium
C021265,9,N,long,0,low
C021266,5,N,medium,0,medium
C021267,7,N,long,0,low
C021268,7,Y,long,1,high
C021269,10,Y,long,1,high
C021270,9,N,long,0,low
C021271,10,N,long,0,low
C021272,8,N,long,0,low
C021273,6,Y,long,1,high
C021274,7,N,long,0,low
C021275,5,N,medium,0,medium
C021276,8,Y,long,1,high
C021277,9,Y,long,1,high
C021278,6,N,long,0,low
C021279,6,Y,long,1,high
C021280,6,N,long,0,low
C021281,8,Y,long,1,high
C021282,10,N,long,0,low
C021283,7,N,long,0,low
C021284,9,N,long,0,low
C021285,10,N,long,0,low
C021286,5,N,medium,0,medium
C021287,9,N,long,0,low
C021288,8,N,long,0,low
C021289,6,Y,long,1,high
C021290,10,N,long,0,low
C021291,6,N,long,0,low
C021292,7,N,long,0,low
C021293,10,N,long,0,low
C021294,10,N,long,0,low
C021295,8,N,long,0,low
C021296,6,N,long,0,low
C021297,10,N,long,0,low
C021298,8,N,long,0,low
C021299,6,N,long,0,low
C021300,8,Y,long,1,high
C021301,7,N,long,0,low
C021302,5,N,medium,0,medium
C021303,7,N,long,0,low
C021304,7,N,long,0,low
C021305,5,N,medium,0,medium
C021306,6,N,long,0,low
C021307,7,Y,long,1,high
C021308,10,N,long,0,low
C021309,6,N,long,0,low
C021310,7,N,long,0,low
C021311,8,Y,long,1,high
C021312,10,N,long,0,low
C021313,10,N,long,0,low
C021314,6,N,long,0,low
C021315,7,N,long,0,low
C021316,8,N,long,0,low
C021317,5,Y,medium,1,high
C021318,5,N,medium,0,medium
C021319,9,N,long,0,low
C021320,7,Y,long,1,high
C021321,9,N,long,0,low
C021322,8,Y,long,1,high
C021323,9,N,long,0,low
C021324,5,N,medium,0,medium
C021325,5,N,medium,0,medium
C021326,9,N,long,0,low
C021327,7,N,long,0,low
C021328,9,N,long,0,low
C021329,5,N,medium,0,medium
C021330,8,N,long,0,low
C021331,6,N,long,0,low
C021332,7,N,long,0,low
C021333,10,N,long,0,low
C021334,9,N,long,0,low
C021335,8,N,long,0,low
C021336,6,N,long,0,low
C021337,10,N,long,0,low
C021338,6,N,long,0,low
C021339,6,N,long,0,low
C021340,9,N,long,0,low
C021341,10,N,long,0,low
C021342,9,N,long,0,low
C021343,9,N,long,0,low
C021344,7,N,long,0,low
C021345,10,N,long,0,low
C021346,6,N,long,0,low
C021347,6,N,long,0,low
C021348,10,N,long,0,low
C021349,7,Y,long,1,high
C021350,10,N,long,0,low
C021351,9,N,long,0,low
C021352,7,N,long,0,low
C021353,5,Y,medium,1,high
C021354,10,N,long,0,low
C021355,9,N,long,0,low
C021356,8,N,long,0,low
C021357,9,N,long,0,low
C021358,10,Y,long,1,high
C021359,10,N,long,0,low
C021360,8,N,long,0,low
C021361,9,Y,long,1,high
C021362,9,N,long,0,low
C021363,5,Y,medium,1,high
C021364,8,N,long,0,low
C021365,9,N,long,0,low
C021366,10,N,long,0,low
C021367,10,Y,long,1,high
C021368,6,N,long,0,low
C021369,7,N,long,0,low
C021370,7,Y,long,1,high
C021371,9,N,long,0,low
C021372,5,N,medium,0,medium
C021373,7,N,long,0,low
C021374,9,N,long,0,low
C021375,10,Y,long,1,high
C021376,8,N,long,0,low
C021377,6,N,long,0,low
C021378,8,N,long,0,low
C021379,7,N,long,0,low
C021380,7,N,long,0,low
C021381,10,N,long,0,low
C021382,9,N,long,0,low
C021383,7,Y,long,1,high
C021384,10,N,long,0,low
C021385,6,N,long,0,low
C021386,8,N,long,0,low
C021387,7,Y,long,1,high
C021388,7,N,long,0,low
C021389,7,N,long,0,low
C021390,5,Y,medium,1,high
C021391,8,Y,long,1,high
C021392,9,N,long,0,low
C021393,10,N,long,0,low
C021394,7,N,long,0,low
C021395,6,N,long,0,low
C021396,8,N,long,0,low
C021397,6,N,long,0,low
C021398,7,N,long,0,low
C021399,10,N,long,0,low
C021400,5,N,medium,0,medium
C021401,8,N,long,0,low
C021402,7,N,long,0,low
C021403,6,N,long,0,low
C021404,9,Y,long,1,high
C021405,9,N,long,0,low
C021406,9,N,long,0,low
C021407,6,N,long,0,low
C021408,7,Y,long,1,high
C021409,6,Y,long,1,high
C021410,7,N,long,0,low
C021411,8,N,long,0,low
C021412,7,N,long,0,low
C021413,8,Y,long,1,high
C021414,8,N,long,0,low
C021415,10,N,long,0,low
C021416,8,N,long,0,low
C021417,10,N,long,0,low
C021418,8,N,long,0,low
C021419,10,N,long,0,low
C021420,5,N,medium,0,medium
C021421,9,N,long,0,low
C021422,9,N,long,0,low
C021423,8,N,long,0,low
C021424,8,Y,long,1,high
C021425,8,N,long,0,low
C021426,5,N,medium,0,medium
C021427,9,N,long,0,low
C021428,9,N,long,0,low
C021429,7,N,long,0,low
C021430,10,N,long,0,low
C021431,7,N,long,0,low
C021432,9,N,long,0,low
C021433,5,N,medium,0,medium
C021434,9,N,long,0,low
C021435,6,N,long,0,low
C021436,5,N,medium,0,medium
C021437,5,N,medium,0,medium
C021438,10,N,long,0,low
C021439,10,N,long,0,low
C021440,7,N,long,0,low
C021441,9,Y,long,1,high
C021442,6,N,long,0,low
C021443,5,Y,medium,1,high
C021444,9,N,long,0,low
C021445,10,Y,long,1,high
C021446,7,N,long,0,low
C021447,9,N,long,0,low
C021448,10,N,long,0,low
C021449,5,N,medium,0,medium
C021450,7,N,long,0,low
C021451,8,N,long,0,low
C021452,5,N,medium,0,medium
C021453,8,N,long,0,low
C021454,8,N,long,0,low
C021455,7,N,long,0,low
C021456,5,N,medium,0,medium
C021457,10,N,long,0,low
C021458,7,N,long,0,low
C021459,6,Y,long,1,high
C021460,5,N,medium,0,medium
C021461,7,N,long,0,low
C021462,5,N,medium,0,medium
C021463,9,Y,long,1,high
C021464,10,N,long,0,low
C021465,7,N,long,0,low
C021466,8,N,long,0,low
C021467,8,Y,long,1,high
C021468,5,N,medium,0,medium
C021469,7,N,long,0,low
C021470,10,N,long,0,low
C021471,8,Y,long,1,high
C021472,5,N,medium,0,medium
C021473,6,N,long,0,low
C021474,10,N,long,0,low
C021475,5,N,medium,0,medium
C021476,9,N,long,0,low
C021477,10,Y,long,1,high
C021478,8,N,long,0,low
C021479,10,N,long,0,low
C021480,8,N,long,0,low
C021481,6,N,long,0,low
C021482,9,N,long,0,low
C021483,6,N,long,0,low
C021484,7,N,long,0,low
C021485,7,N,long,0,low
C021486,9,N,long,0,low
C021487,7,N,long,0,low
C021488,8,N,long,0,low
C021489,9,N,long,0,low
C021490,10,N,long,0,low
C021491,5,N,medium,0,medium
C021492,6,N,long,0,low
C021493,5,N,medium,0,medium
C021494,8,N,long,0,low
C021495,10,N,long,0,low
C021496,9,N,long,0,low
C021497,10,N,long,0,low
C021498,7,N,long,0,low
C021499,10,Y,long,1,high
C021500,7,Y,long,1,high
C021501,5,Y,medium,1,high
C021502,7,N,long,0,low
C021503,10,N,long,0,low
C021504,7,N,long,0,low
C021505,5,N,medium,0,medium
C021506,10,N,long,0,low
C021507,5,Y,medium,1,high
C021508,10,N,long,0,low
C021509,5,N,medium,0,medium
C021510,8,Y,long,1,high
C021511,7,N,long,0,low
C021512,10,N,long,0,low
C021513,6,N,long,0,low
C021514,8,N,long,0,low
C021515,8,N,long,0,low
C021516,5,Y,medium,1,high
C021517,7,N,long,0,low
C021518,6,N,long,0,low
C021519,6,Y,long,1,high
C021520,6,Y,long,1,high
C021521,5,N,medium,0,medium
C021522,8,N,long,0,low
C021523,9,N,long,0,low
C021524,9,Y,long,1,high
C021525,10,N,long,0,low
C021526,9,N,long,0,low
C021527,10,N,long,0,low
C021528,5,Y,medium,1,high
C021529,7,N,long,0,low
C021530,7,N,long,0,low
C021531,9,N,long,0,low
C021532,6,N,long,0,low
C021533,6,N,long,0,low
C021534,9,N,long,0,low
C021535,5,N,medium,0,medium
C021536,7,N,long,0,low
C021537,8,N,long,0,low
C021538,10,N,long,0,low
C021539,10,N,long,0,low
C021540,10,N,long,0,low
C021541,5,Y,medium,1,high
C021542,8,N,long,0,low
C021543,6,Y,long,1,high
C021544,9,N,long,0,low
C021545,6,N,long,0,low
C021546,6,Y,long,1,high
C021547,7,Y,long,1,high
C021548,8,N,long,0,low
C021549,8,N,long,0,low
C021550,10,N,long,0,low
C021551,9,N,long,0,low
C021552,7,N,long,0,low
C021553,8,N,long,0,low
C021554,9,N,long,0,low
C021555,9,N,long,0,low
C021556,5,N,medium,0,medium
C021557,10,N,long,0,low
C021558,9,N,long,0,low
C021559,9,N,long,0,low
C021560,6,N,long,0,low
C021561,9,N,long,0,low
C021562,6,N,long,0,low
C021563,6,N,long,0,low
C021564,9,N,long,0,low
C021565,9,N,long,0,low
C021566,5,Y,medium,1,high
C021567,7,N,long,0,low
C021568,6,Y,long,1,high
C021569,7,N,long,0,low
C021570,5,Y,medium,1,high
C021571,9,N,long,0,low
C021572,8,Y,long,1,high
C021573,6,N,long,0,low
C021574,5,N,medium,0,medium
C021575,5,Y,medium,1,high
C021576,9,N,long,0,low
C021577,8,N,long,0,low
C021578,10,N,long,0,low
C021579,10,N,long,0,low
C021580,6,N,long,0,low
C021581,8,Y,long,1,high
C021582,9,N,long,0,low
C021583,10,N,long,0,low
C021584,10,N,long,0,low
C021585,7,N,long,0,low
C021586,9,N,long,0,low
C021587,9,Y,long,1,high
C021588,8,N,long,0,low
C021589,6,N,long,0,low
C021590,7,N,long,0,low
C021591,10,N,long,0,low
C021592,9,N,long,0,low
C021593,5,N,medium,0,medium
C021594,9,N,long,0,low
C021595,10,N,long,0,low
C021596,6,N,long,0,low
C021597,9,Y,long,1,high
C021598,8,N,long,0,low
C021599,8,N,long,0,low
C021600,8,N,long,0,low
C021601,6,N,long,0,low
C021602,8,Y,long,1,high
C021603,8,N,long,0,low
C021604,8,N,long,0,low
C021605,10,N,long,0,low
C021606,6,N,long,0,low
C021607,10,N,long,0,low
C021608,6,N,long,0,low
C021609,6,N,long,0,low
C021610,6,N,long,0,low
C021611,9,N,long,0,low
C021612,5,N,medium,0,medium
C021613,10,N,long,0,low
C021614,6,N,long,0,low
C021615,10,N,long,0,low
C021616,9,N,long,0,low
C021617,10,N,long,0,low
C021618,7,N,long,0,low
C021619,6,Y,long,1,high
C021620,9,N,long,0,low
C021621,6,N,long,0,low
C021622,9,N,long,0,low
C021623,7,N,long,0,low
C021624,6,N,long,0,low
C021625,7,N,long,0,low
C021626,8,N,long,0,low
C021627,9,N,long,0,low
C021628,6,N,long,0,low
C021629,8,N,long,0,low
C021630,6,N,long,0,low
C021631,6,N,long,0,low
C021632,10,N,long,0,low
C021633,6,N,long,0,low
C021634,7,N,long,0,low
C021635,7,N,long,0,low
C021636,7,N,long,0,low
C021637,7,N,long,0,low
C021638,5,Y,medium,1,high
C021639,7,N,long,0,low
C021640,5,N,medium,0,medium
C021641,10,N,long,0,low
C021642,9,Y,long,1,high
C021643,8,N,long,0,low
C021644,10,N,long,0,low
C021645,7,N,long,0,low
C021646,8,Y,long,1,high
C021647,5,N,medium,0,medium
C021648,7,N,long,0,low
C021649,5,Y,medium,1,high
C021650,10,N,long,0,low
C021651,10,N,long,0,low
C021652,10,Y,long,1,high
C021653,10,Y,long,1,high
C021654,7,N,long,0,low
C021655,7,N,long,0,low
C021656,6,N,long,0,low
C021657,9,N,long,0,low
C021658,7,N,long,0,low
C021659,7,N,long,0,low
C021660,6,N,long,0,low
C021661,5,N,medium,0,medium
C021662,9,N,long,0,low
C021663,9,N,long,0,low
C021664,9,N,long,0,low
C021665,6,N,long,0,low
C021666,7,Y,long,1,high
C021667,5,N,medium,0,medium
C021668,5,N,medium,0,medium
C021669,8,N,long,0,low
C021670,9,N,long,0,low
C021671,5,N,medium,0,medium
C021672,8,N,long,0,low
C021673,5,N,medium,0,medium
C021674,5,N,medium,0,medium
C021675,10,N,long,0,low
C021676,10,N,long,0,low
C021677,5,N,medium,0,medium
C021678,7,N,long,0,low
C021679,5,N,medium,0,medium
C021680,9,N,long,0,low
C021681,8,N,long,0,low
C021682,10,N,long,0,low
C021683,8,N,long,0,low
C021684,7,N,long,0,low
C021685,7,N,long,0,low
C021686,10,N,long,0,low
C021687,5,N,medium,0,medium
C021688,6,N,long,0,low
C021689,9,Y,long,1,high
C021690,6,N,long,0,low
C021691,8,N,long,0,low
C021692,7,N,long,0,low
C021693,10,N,long,0,low
C021694,5,N,medium,0,medium
C021695,10,N,long,0,low
C021696,8,N,long,0,low
C021697,9,Y,long,1,high
C021698,9,N,long,0,low
C021699,8,Y,long,1,high
C021700,5,N,medium,0,medium
C021701,7,N,long,0,low
C021702,10,Y,long,1,high
C021703,9,Y,long,1,high
C021704,10,N,long,0,low
C021705,6,N,long,0,low
C021706,10,N,long,0,low
C021707,9,N,long,0,low
C021708,8,N,long,0,low
C021709,7,Y,long,1,high
C021710,6,N,long,0,low
C021711,8,N,long,0,low
C021712,7,N,long,0,low
C021713,5,N,medium,0,medium
C021714,10,Y,long,1,high
C021715,7,N,long,0,low
C021716,6,N,long,0,low
C021717,9,N,long,0,low
C021718,5,N,medium,0,medium
C021719,10,N,long,0,low
C021720,10,N,long,0,low
C021721,7,N,long,0,low
C021722,7,N,long,0,low
C021723,10,N,long,0,low
C021724,5,N,medium,0,medium
C021725,9,N,long,0,low
C021726,7,Y,long,1,high
C021727,8,N,long,0,low
C021728,7,N,long,0,low
C021729,5,Y,medium,1,high
C021730,5,N,medium,0,medium
C021731,5,N,medium,0,medium
C021732,8,N,long,0,low
C021733,8,N,long,0,low
C021734,5,N,medium,0,medium
C021735,6,N,long,0,low
C021736,10,N,long,0,low
C021737,5,Y,medium,1,high
C021738,10,N,long,0,low
C021739,6,N,long,0,low
C021740,6,N,long,0,low
C021741,9,N,long,0,low
C021742,9,N,long,0,low
C021743,7,N,long,0,low
C021744,7,N,long,0,low
C021745,9,N,long,0,low
C021746,7,N,long,0,low
C021747,5,N,medium,0,medium
C021748,6,N,long,0,low
C021749,5,Y,medium,1,high
C021750,6,N,long,0,low
C021751,9,N,long,0,low
C021752,8,N,long,0,low
C021753,6,N,long,0,low
C021754,5,Y,medium,1,high
C021755,6,N,long,0,low
C021756,6,N,long,0,low
C021757,9,N,long,0,low
C021758,5,Y,medium,1,high
C021759,6,N,long,0,low
C021760,5,N,medium,0,medium
C021761,8,N,long,0,low
C021762,9,Y,long,1,high
C021763,8,Y,long,1,high
C021764,10,N,long,0,low
C021765,7,N,long,0,low
C021766,6,N,long,0,low
C021767,10,N,long,0,low
C021768,8,Y,long,1,high
C021769,9,N,long,0,low
C021770,7,N,long,0,low
C021771,9,N,long,0,low
C021772,8,N,long,0,low
C021773,7,N,long,0,low
C021774,10,Y,long,1,high
C021775,9,N,long,0,low
C021776,7,Y,long,1,high
C021777,8,Y,long,1,high
C021778,7,Y,long,1,high
C021779,7,Y,long,1,high
C021780,9,Y,long,1,high
C021781,9,N,long,0,low
C021782,7,N,long,0,low
C021783,7,N,long,0,low
C021784,9,N,long,0,low
C021785,5,N,medium,0,medium
C021786,7,N,long,0,low
C021787,8,N,long,0,low
C021788,9,N,long,0,low
C021789,9,N,long,0,low
C021790,5,N,medium,0,medium
C021791,9,N,long,0,low
C021792,8,Y,long,1,high
C021793,10,N,long,0,low
C021794,5,N,medium,0,medium
C021795,6,N,long,0,low
C021796,7,N,long,0,low
C021797,9,N,long,0,low
C021798,10,N,long,0,low
C021799,10,N,long,0,low
C021800,5,N,medium,0,medium
C021801,9,N,long,0,low
C021802,5,N,medium,0,medium
C021803,10,N,long,0,low
C021804,6,N,long,0,low
C021805,10,Y,long,1,high
C021806,10,N,long,0,low
C021807,7,N,long,0,low
C021808,7,Y,long,1,high
C021809,5,N,medium,0,medium
C021810,10,N,long,0,low
C021811,6,N,long,0,low
C021812,9,N,long,0,low
C021813,10,N,long,0,low
C021814,9,N,long,0,low
C021815,5,N,medium,0,medium
C021816,5,N,medium,0,medium
C021817,10,N,long,0,low
C021818,5,N,medium,0,medium
C021819,8,N,long,0,low
C021820,8,N,long,0,low
C021821,5,N,medium,0,medium
C021822,8,N,long,0,low
C021823,5,N,medium,0,medium
C021824,8,N,long,0,low
C021825,10,N,long,0,low
C021826,9,N,long,0,low
C021827,5,Y,medium,1,high
C021828,7,N,long,0,low
C021829,10,N,long,0,low
C021830,5,N,medium,0,medium
C021831,8,N,long,0,low
C021832,6,N,long,0,low
C021833,10,N,long,0,low
C021834,6,N,long,0,low
C021835,9,N,long,0,low
C021836,8,N,long,0,low
C021837,7,N,long,0,low
C021838,7,N,long,0,low
C021839,6,N,long,0,low
C021840,8,N,long,0,low
C021841,7,N,long,0,low
C021842,7,Y,long,1,high
C021843,10,N,long,0,low
C021844,6,N,long,0,low
C021845,5,N,medium,0,medium
C021846,5,N,medium,0,medium
C021847,10,N,long,0,low
C021848,9,N,long,0,low
C021849,10,N,long,0,low
C021850,6,N,long,0,low
C021851,6,N,long,0,low
C021852,9,Y,long,1,high
C021853,5,N,medium,0,medium
C021854,8,N,long,0,low
C021855,10,N,long,0,low
C021856,5,N,medium,0,medium
C021857,8,N,long,0,low
C021858,6,N,long,0,low
C021859,8,N,long,0,low
C021860,10,N,long,0,low
C021861,9,N,long,0,low
C021862,8,N,long,0,low
C021863,6,Y,long,1,high
C021864,9,N,long,0,low
C021865,9,N,long,0,low
C021866,10,N,long,0,low
C021867,5,N,medium,0,medium
C021868,7,Y,long,1,high
C021869,10,N,long,0,low
C021870,7,Y,long,1,high
C021871,10,N,long,0,low
C021872,6,Y,long,1,high
C021873,10,N,long,0,low
C021874,5,N,medium,0,medium
C021875,5,N,medium,0,medium
C021876,7,N,long,0,low
C021877,5,N,medium,0,medium
C021878,10,N,long,0,low
C021879,8,N,long,0,low
C021880,9,N,long,0,low
C021881,5,N,medium,0,medium
C021882,7,N,long,0,low
C021883,10,N,long,0,low
C021884,5,N,medium,0,medium
C021885,6,N,long,0,low
C021886,5,N,medium,0,medium
C021887,5,N,medium,0,medium
C021888,6,N,long,0,low
C021889,6,N,long,0,low
C021890,8,N,long,0,low
C021891,6,N,long,0,low
C021892,9,Y,long,1,high
C021893,10,N,long,0,low
C021894,10,N,long,0,low
C021895,6,N,long,0,low
C021896,5,N,medium,0,medium
C021897,10,N,long,0,low
C021898,6,N,long,0,low
C021899,9,Y,long,1,high
C021900,6,Y,long,1,high
C021901,6,Y,long,1,high
C021902,7,N,long,0,low
C021903,7,N,long,0,low
C021904,6,Y,long,1,high
C021905,10,N,long,0,low
C021906,6,N,long,0,low
C021907,10,N,long,0,low
C021908,7,N,long,0,low
C021909,8,N,long,0,low
C021910,10,N,long,0,low
C021911,9,N,long,0,low
C021912,5,N,medium,0,medium
C021913,6,N,long,0,low
C021914,5,N,medium,0,medium
C021915,5,N,medium,0,medium
C021916,8,N,long,0,low
C021917,5,N,medium,0,medium
C021918,7,N,long,0,low
C021919,5,Y,medium,1,high
C021920,9,N,long,0,low
C021921,6,N,long,0,low
C021922,5,N,medium,0,medium
C021923,5,N,medium,0,medium
C021924,5,N,medium,0,medium
C021925,8,Y,long,1,high
C021926,5,Y,medium,1,high
C021927,7,N,long,0,low
C021928,8,N,long,0,low
C021929,8,N,long,0,low
C021930,7,Y,long,1,high
C021931,8,N,long,0,low
C021932,6,N,long,0,low
C021933,9,N,long,0,low
C021934,10,N,long,0,low
C021935,9,N,long,0,low
C021936,9,Y,long,1,high
C021937,10,N,long,0,low
C021938,7,N,long,0,low
C021939,10,N,long,0,low
C021940,5,N,medium,0,medium
C021941,10,N,long,0,low
C021942,6,Y,long,1,high
C021943,5,N,medium,0,medium
C021944,9,N,long,0,low
C021945,9,N,long,0,low
C021946,7,N,long,0,low
C021947,6,N,long,0,low
C021948,7,N,long,0,low
C021949,9,N,long,0,low
C021950,10,N,long,0,low
C021951,5,N,medium,0,medium
C021952,5,N,medium,0,medium
C021953,10,N,long,0,low
C021954,10,Y,long,1,high
C021955,10,N,long,0,low
C021956,10,N,long,0,low
C021957,10,N,long,0,low
C021958,6,N,long,0,low
C021959,5,N,medium,0,medium
C021960,9,N,long,0,low
C021961,8,N,long,0,low
C021962,5,N,medium,0,medium
C021963,10,N,long,0,low
C021964,5,Y,medium,1,high
C021965,8,N,long,0,low
C021966,5,N,medium,0,medium
C021967,5,N,medium,0,medium
C021968,6,N,long,0,low
C021969,8,N,long,0,low
C021970,9,N,long,0,low
C021971,5,N,medium,0,medium
C021972,8,N,long,0,low
C021973,5,N,medium,0,medium
C021974,10,N,long,0,low
C021975,6,N,long,0,low
C021976,9,N,long,0,low
C021977,8,N,long,0,low
C021978,7,N,long,0,low
C021979,8,N,long,0,low
C021980,6,Y,long,1,high
C021981,9,N,long,0,low
C021982,7,N,long,0,low
C021983,5,N,medium,0,medium
C021984,9,N,long,0,low
C021985,7,N,long,0,low
C021986,7,N,long,0,low
C021987,10,N,long,0,low
C021988,6,N,long,0,low
C021989,9,N,long,0,low
C021990,7,N,long,0,low
C021991,6,N,long,0,low
C021992,5,Y,medium,1,high
C021993,5,N,medium,0,medium
C021994,5,N,medium,0,medium
C021995,6,Y,long,1,high
C021996,9,N,long,0,low
C021997,8,N,long,0,low
C021998,8,N,long,0,low
C021999,6,N,long,0,low
C022000,9,N,long,0,low
C022001,8,N,long,0,low
C022002,10,N,long,0,low
C022003,10,Y,long,1,high
C022004,10,N,long,0,low
C022005,10,N,long,0,low
C022006,9,Y,long,1,high
C022007,7,N,long,0,low
C022008,7,N,long,0,low
C022009,5,Y,medium,1,high
C022010,9,N,long,0,low
C022011,7,N,long,0,low
C022012,9,N,long,0,low
C022013,8,N,long,0,low
C022014,9,N,long,0,low
C022015,6,N,long,0,low
C022016,6,N,long,0,low
C022017,7,N,long,0,low
C022018,10,N,long,0,low
C022019,8,N,long,0,low
C022020,8,N,long,0,low
C022021,6,N,long,0,low
C022022,6,N,long,0,low
C022023,9,N,long,0,low
C022024,10,N,long,0,low
C022025,7,N,long,0,low
C022026,10,N,long,0,low
C022027,10,N,long,0,low
C022028,10,N,long,0,low
C022029,8,Y,long,1,high
C022030,9,N,long,0,low
C022031,8,N,long,0,low
C022032,9,N,long,0,low
C022033,6,N,long,0,low
C022034,6,N,long,0,low
C022035,7,N,long,0,low
C022036,7,N,long,0,low
C022037,5,N,medium,0,medium
C022038,7,N,long,0,low
C022039,9,N,long,0,low
C022040,6,N,long,0,low
C022041,5,N,medium,0,medium
C022042,10,N,long,0,low
C022043,8,Y,long,1,high
C022044,8,N,long,0,low
C022045,8,N,long,0,low
C022046,9,N,long,0,low
C022047,10,N,long,0,low
C022048,6,N,long,0,low
C022049,8,Y,long,1,high
C022050,5,N,medium,0,medium
C022051,5,N,medium,0,medium
C022052,5,N,medium,0,medium
C022053,8,N,long,0,low
C022054,7,N,long,0,low
C022055,7,N,long,0,low
C022056,8,N,long,0,low
C022057,8,N,long,0,low
C022058,8,N,long,0,low
C022059,7,N,long,0,low
C022060,10,Y,long,1,high
C022061,10,N,long,0,low
C022062,5,Y,medium,1,high
C022063,10,N,long,0,low
C022064,10,N,long,0,low
C022065,8,N,long,0,low
C022066,5,N,medium,0,medium
C022067,8,N,long,0,low
C022068,6,Y,long,1,high
C022069,5,N,medium,0,medium
C022070,10,N,long,0,low
C022071,10,N,long,0,low
C022072,7,N,long,0,low
C022073,8,N,long,0,low
C022074,7,N,long,0,low
C022075,7,Y,long,1,high
C022076,6,Y,long,1,high
C022077,8,Y,long,1,high
C022078,8,N,long,0,low
C022079,10,N,long,0,low
C022080,5,Y,medium,1,high
C022081,9,N,long,0,low
C022082,9,Y,long,1,high
C022083,7,N,long,0,low
C022084,8,N,long,0,low
C022085,6,N,long,0,low
C022086,8,N,long,0,low
C022087,7,N,long,0,low
C022088,6,N,long,0,low
C022089,10,N,long,0,low
C022090,9,N,long,0,low
C022091,9,Y,long,1,high
C022092,5,N,medium,0,medium
C022093,8,N,long,0,low
C022094,10,N,long,0,low
C022095,9,N,long,0,low
C022096,6,N,long,0,low
C022097,7,N,long,0,low
C022098,8,N,long,0,low
C022099,8,Y,long,1,high
C022100,5,N,medium,0,medium
C022101,8,N,long,0,low
C022102,6,N,long,0,low
C022103,10,N,long,0,low
C022104,7,N,long,0,low
C022105,10,N,long,0,low
C022106,6,N,long,0,low
C022107,10,N,long,0,low
C022108,10,N,long,0,low
C022109,5,N,medium,0,medium
C022110,10,Y,long,1,high
C022111,7,N,long,0,low
C022112,8,N,long,0,low
C022113,6,Y,long,1,high
C022114,8,N,long,0,low
C022115,9,N,long,0,low
C022116,7,N,long,0,low
C022117,9,Y,long,1,high
C022118,6,N,long,0,low
C022119,8,N,long,0,low
C022120,6,N,long,0,low
C022121,7,N,long,0,low
C022122,10,N,long,0,low
C022123,6,N,long,0,low
C022124,9,N,long,0,low
C022125,8,N,long,0,low
C022126,7,N,long,0,low
C022127,7,N,long,0,low
C022128,6,Y,long,1,high
C022129,7,N,long,0,low
C022130,7,N,long,0,low
C022131,10,N,long,0,low
C022132,10,N,long,0,low
C022133,8,N,long,0,low
C022134,7,N,long,0,low
C022135,7,N,long,0,low
C022136,10,Y,long,1,high
C022137,5,N,medium,0,medium
C022138,9,N,long,0,low
C022139,6,N,long,0,low
C022140,7,N,long,0,low
C022141,7,Y,long,1,high
C022142,6,Y,long,1,high
C022143,7,N,long,0,low
C022144,8,N,long,0,low
C022145,7,N,long,0,low
C022146,5,N,medium,0,medium
C022147,7,N,long,0,low
C022148,7,N,long,0,low
C022149,7,N,long,0,low
C022150,10,N,long,0,low
C022151,10,N,long,0,low
C022152,8,N,long,0,low
C022153,9,N,long,0,low
C022154,7,Y,long,1,high
C022155,10,N,long,0,low
C022156,9,N,long,0,low
C022157,5,N,medium,0,medium
C022158,10,N,long,0,low
C022159,10,N,long,0,low
C022160,9,Y,long,1,high
C022161,6,N,long,0,low
C022162,10,N,long,0,low
C022163,8,N,long,0,low
C022164,9,N,long,0,low
C022165,8,N,long,0,low
C022166,6,N,long,0,low
C022167,7,N,long,0,low
C022168,6,N,long,0,low
C022169,8,Y,long,1,high
C022170,8,Y,long,1,high
C022171,7,N,long,0,low
C022172,6,Y,long,1,high
C022173,9,Y,long,1,high
C022174,7,N,long,0,low
C022175,7,N,long,0,low
C022176,8,N,long,0,low
C022177,10,N,long,0,low
C022178,6,N,long,0,low
C022179,7,N,long,0,low
C022180,5,N,medium,0,medium
C022181,5,N,medium,0,medium
C022182,5,N,medium,0,medium
C022183,9,N,long,0,low
C022184,10,N,long,0,low
C022185,8,N,long,0,low
C022186,6,N,long,0,low
C022187,5,N,medium,0,medium
C022188,10,N,long,0,low
C022189,9,N,long,0,low
C022190,9,N,long,0,low
C022191,6,N,long,0,low
C022192,7,N,long,0,low
C022193,8,Y,long,1,high
C022194,6,N,long,0,low
C022195,8,N,long,0,low
C022196,10,N,long,0,low
C022197,7,N,long,0,low
C022198,9,Y,long,1,high
C022199,7,N,long,0,low
C022200,7,Y,long,1,high
C022201,9,N,long,0,low
C022202,8,N,long,0,low
C022203,7,Y,long,1,high
C022204,6,Y,long,1,high
C022205,8,N,long,0,low
C022206,6,Y,long,1,high
C022207,10,N,long,0,low
C022208,6,Y,long,1,high
C022209,6,N,long,0,low
C022210,10,N,long,0,low
C022211,8,N,long,0,low
C022212,10,N,long,0,low
C022213,6,Y,long,1,high
C022214,8,N,long,0,low
C022215,5,Y,medium,1,high
C022216,7,N,long,0,low
C022217,9,N,long,0,low
C022218,9,N,long,0,low
C022219,6,N,long,0,low
C022220,6,N,long,0,low
C022221,5,N,medium,0,medium
C022222,10,N,long,0,low
C022223,5,N,medium,0,medium
C022224,8,N,long,0,low
C022225,7,Y,long,1,high
C022226,6,N,long,0,low
C022227,7,N,long,0,low
C022228,5,N,medium,0,medium
C022229,8,N,long,0,low
C022230,5,Y,medium,1,high
C022231,7,N,long,0,low
C022232,5,Y,medium,1,high
C022233,6,N,long,0,low
C022234,10,N,long,0,low
C022235,8,N,long,0,low
C022236,7,Y,long,1,high
C022237,9,Y,long,1,high
C022238,5,N,medium,0,medium
C022239,10,N,long,0,low
C022240,5,N,medium,0,medium
C022241,9,N,long,0,low
C022242,5,N,medium,0,medium
C022243,9,N,long,0,low
C022244,9,N,long,0,low
C022245,10,N,long,0,low
C022246,5,Y,medium,1,high
C022247,5,N,medium,0,medium
C022248,5,N,medium,0,medium
C022249,8,N,long,0,low
C022250,6,N,long,0,low
C022251,7,N,long,0,low
C022252,5,N,medium,0,medium
C022253,9,N,long,0,low
C022254,5,N,medium,0,medium
C022255,9,N,long,0,low
C022256,6,Y,long,1,high
C022257,8,Y,long,1,high
C022258,8,N,long,0,low
C022259,10,Y,long,1,high
C022260,6,N,long,0,low
C022261,6,N,long,0,low
C022262,8,N,long,0,low
C022263,6,N,long,0,low
C022264,7,Y,long,1,high
C022265,8,N,long,0,low
C022266,9,N,long,0,low
C022267,5,Y,medium,1,high
C022268,5,N,medium,0,medium
C022269,6,N,long,0,low
C022270,8,N,long,0,low
C022271,7,N,long,0,low
C022272,5,N,medium,0,medium
C022273,5,N,medium,0,medium
C022274,7,N,long,0,low
C022275,6,N,long,0,low
C022276,10,Y,long,1,high
C022277,7,N,long,0,low
C022278,8,Y,long,1,high
C022279,8,N,long,0,low
C022280,6,N,long,0,low
C022281,7,N,long,0,low
C022282,10,N,long,0,low
C022283,7,N,long,0,low
C022284,8,N,long,0,low
C022285,6,N,long,0,low
C022286,7,N,long,0,low
C022287,9,N,long,0,low
C022288,7,N,long,0,low
C022289,5,N,medium,0,medium
C022290,8,N,long,0,low
C022291,6,N,long,0,low
C022292,9,N,long,0,low
C022293,6,N,long,0,low
C022294,5,N,medium,0,medium
C022295,5,N,medium,0,medium
C022296,9,Y,long,1,high
C022297,6,N,long,0,low
C022298,6,N,long,0,low
C022299,7,N,long,0,low
C022300,5,N,medium,0,medium
C022301,9,N,long,0,low
C022302,7,N,long,0,low
C022303,8,N,long,0,low
C022304,9,N,long,0,low
C022305,5,N,medium,0,medium
C022306,10,N,long,0,low
C022307,9,N,long,0,low
C022308,5,N,medium,0,medium
C022309,7,N,long,0,low
C022310,7,Y,long,1,high
C022311,10,N,long,0,low
C022312,8,N,long,0,low
C022313,9,N,long,0,low
C022314,8,N,long,0,low
C022315,7,N,long,0,low
C022316,9,N,long,0,low
C022317,7,N,long,0,low
C022318,6,N,long,0,low
C022319,10,Y,long,1,high
C022320,8,N,long,0,low
C022321,7,N,long,0,low
C022322,10,N,long,0,low
C022323,10,N,long,0,low
C022324,10,N,long,0,low
C022325,10,N,long,0,low
C022326,8,N,long,0,low
C022327,6,N,long,0,low
C022328,8,N,long,0,low
C022329,7,N,long,0,low
C022330,9,N,long,0,low
C022331,7,N,long,0,low
C022332,7,N,long,0,low
C022333,10,Y,long,1,high
C022334,6,N,long,0,low
C022335,9,N,long,0,low
C022336,6,N,long,0,low
C022337,5,N,medium,0,medium
C022338,8,N,long,0,low
C022339,9,N,long,0,low
C022340,9,Y,long,1,high
C022341,5,N,medium,0,medium
C022342,9,N,long,0,low
C022343,10,N,long,0,low
C022344,7,N,long,0,low
C022345,10,Y,long,1,high
C022346,8,N,long,0,low
C022347,8,Y,long,1,high
C022348,9,Y,long,1,high
C022349,5,N,medium,0,medium
C022350,9,N,long,0,low
C022351,8,N,long,0,low
C022352,8,N,long,0,low
C022353,7,Y,long,1,high
C022354,5,N,medium,0,medium
C022355,8,N,long,0,low
C022356,7,N,long,0,low
C022357,9,N,long,0,low
C022358,8,N,long,0,low
C022359,10,Y,long,1,high
C022360,5,N,medium,0,medium
C022361,8,N,long,0,low
C022362,10,Y,long,1,high
C022363,6,N,long,0,low
C022364,6,N,long,0,low
C022365,9,N,long,0,low
C022366,9,N,long,0,low
C022367,9,Y,long,1,high
C022368,9,Y,long,1,high
C022369,6,N,long,0,low
C022370,5,N,medium,0,medium
C022371,5,Y,medium,1,high
C022372,5,N,medium,0,medium
C022373,9,N,long,0,low
C022374,6,N,long,0,low
C022375,5,N,medium,0,medium
C022376,6,N,long,0,low
C022377,8,Y,long,1,high
C022378,10,N,long,0,low
C022379,9,N,long,0,low
C022380,10,N,long,0,low
C022381,8,N,long,0,low
C022382,7,Y,long,1,high
C022383,9,N,long,0,low
C022384,5,Y,medium,1,high
C022385,6,N,long,0,low
C022386,8,Y,long,1,high
C022387,10,N,long,0,low
C022388,6,N,long,0,low
C022389,8,N,long,0,low
C022390,7,N,long,0,low
C022391,6,N,long,0,low
C022392,5,N,medium,0,medium
C022393,7,Y,long,1,high
C022394,8,N,long,0,low
C022395,10,N,long,0,low
C022396,7,N,long,0,low
C022397,10,Y,long,1,high
C022398,8,N,long,0,low
C022399,6,N,long,0,low
C022400,9,N,long,0,low
C022401,8,N,long,0,low
C022402,6,N,long,0,low
C022403,6,N,long,0,low
C022404,9,N,long,0,low
C022405,8,N,long,0,low
C022406,7,N,long,0,low
C022407,6,N,long,0,low
C022408,9,N,long,0,low
C022409,6,N,long,0,low
C022410,7,Y,long,1,high
C022411,6,Y,long,1,high
C022412,6,N,long,0,low
C022413,5,N,medium,0,medium
C022414,7,N,long,0,low
C022415,9,N,long,0,low
C022416,7,Y,long,1,high
C022417,8,N,long,0,low
C022418,8,N,long,0,low
C022419,7,N,long,0,low
C022420,5,N,medium,0,medium
C022421,7,Y,long,1,high
C022422,8,N,long,0,low
C022423,6,N,long,0,low
C022424,10,N,long,0,low
C022425,9,Y,long,1,high
C022426,9,N,long,0,low
C022427,10,N,long,0,low
C022428,7,N,long,0,low
C022429,7,N,long,0,low
C022430,8,N,long,0,low
C022431,6,N,long,0,low
C022432,9,N,long,0,low
C022433,10,N,long,0,low
C022434,10,N,long,0,low
C022435,6,N,long,0,low
C022436,9,N,long,0,low
C022437,9,N,long,0,low
C022438,10,Y,long,1,high
C022439,9,N,long,0,low
C022440,10,N,long,0,low
C022441,6,N,long,0,low
C022442,9,N,long,0,low
C022443,5,N,medium,0,medium
C022444,8,N,long,0,low
C022445,9,N,long,0,low
C022446,5,N,medium,0,medium
C022447,6,N,long,0,low
C022448,8,N,long,0,low
C022449,9,N,long,0,low
C022450,9,N,long,0,low
C022451,7,N,long,0,low
C022452,9,N,long,0,low
C022453,10,N,long,0,low
C022454,6,N,long,0,low
C022455,9,N,long,0,low
C022456,9,N,long,0,low
C022457,6,N,long,0,low
C022458,7,Y,long,1,high
C022459,10,N,long,0,low
C022460,8,N,long,0,low
C022461,9,N,long,0,low
C022462,9,N,long,0,low
C022463,5,N,medium,0,medium
C022464,9,Y,long,1,high
C022465,8,N,long,0,low
C022466,10,N,long,0,low
C022467,9,N,long,0,low
C022468,9,N,long,0,low
C022469,10,N,long,0,low
C022470,9,Y,long,1,high
C022471,7,Y,long,1,high
C022472,6,N,long,0,low
C022473,8,Y,long,1,high
C022474,9,N,long,0,low
C022475,10,N,long,0,low
C022476,8,N,long,0,low
C022477,8,N,long,0,low
C022478,5,N,medium,0,medium
C022479,9,N,long,0,low
C022480,10,N,long,0,low
C022481,6,Y,long,1,high
C022482,8,Y,long,1,high
C022483,10,N,long,0,low
C022484,6,N,long,0,low
C022485,9,N,long,0,low
C022486,6,Y,long,1,high
C022487,9,Y,long,1,high
C022488,10,N,long,0,low
C022489,10,N,long,0,low
C022490,7,N,long,0,low
C022491,6,N,long,0,low
C022492,8,N,long,0,low
C022493,6,N,long,0,low
C022494,8,N,long,0,low
C022495,5,N,medium,0,medium
C022496,10,N,long,0,low
C022497,6,N,long,0,low
C022498,9,N,long,0,low
C022499,6,N,long,0,low
C022500,6,Y,long,1,high
C022501,7,N,long,0,low
C022502,7,N,long,0,low
C022503,6,N,long,0,low
C022504,8,N,long,0,low
C022505,9,N,long,0,low
C022506,9,N,long,0,low
C022507,5,N,medium,0,medium
C022508,8,N,long,0,low
C022509,7,N,long,0,low
C022510,10,N,long,0,low
C022511,6,N,long,0,low
C022512,6,N,long,0,low
C022513,7,N,long,0,low
C022514,5,N,medium,0,medium
C022515,5,N,medium,0,medium
C022516,5,N,medium,0,medium
C022517,8,N,long,0,low
C022518,7,N,long,0,low
C022519,9,N,long,0,low
C022520,6,Y,long,1,high
C022521,7,N,long,0,low
C022522,5,N,medium,0,medium
C022523,7,N,long,0,low
C022524,8,Y,long,1,high
C022525,8,Y,long,1,high
C022526,7,N,long,0,low
C022527,7,N,long,0,low
C022528,10,N,long,0,low
C022529,7,N,long,0,low
C022530,9,Y,long,1,high
C022531,10,N,long,0,low
C022532,10,N,long,0,low
C022533,8,Y,long,1,high
C022534,8,N,long,0,low
C022535,9,N,long,0,low
C022536,10,Y,long,1,high
C022537,7,N,long,0,low
C022538,9,N,long,0,low
C022539,10,N,long,0,low
C022540,7,N,long,0,low
C022541,7,N,long,0,low
C022542,9,N,long,0,low
C022543,8,N,long,0,low
C022544,7,N,long,0,low
C022545,9,N,long,0,low
C022546,6,N,long,0,low
C022547,9,N,long,0,low
C022548,9,Y,long,1,high
C022549,8,N,long,0,low
C022550,8,N,long,0,low
C022551,7,N,long,0,low
C022552,7,N,long,0,low
C022553,9,N,long,0,low
C022554,10,N,long,0,low
C022555,10,N,long,0,low
C022556,9,N,long,0,low
C022557,9,N,long,0,low
C022558,6,N,long,0,low
C022559,10,N,long,0,low
C022560,10,N,long,0,low
C022561,7,N,long,0,low
C022562,6,N,long,0,low
C022563,10,N,long,0,low
C022564,5,N,medium,0,medium
C022565,6,N,long,0,low
C022566,6,Y,long,1,high
C022567,9,N,long,0,low
C022568,8,N,long,0,low
C022569,10,N,long,0,low
C022570,6,N,long,0,low
C022571,6,N,long,0,low
C022572,7,N,long,0,low
C022573,10,N,long,0,low
C022574,9,N,long,0,low
C022575,8,N,long,0,low
C022576,5,Y,medium,1,high
C022577,9,N,long,0,low
C022578,9,N,long,0,low
C022579,9,N,long,0,low
C022580,9,N,long,0,low
C022581,9,N,long,0,low
C022582,7,N,long,0,low
C022583,9,N,long,0,low
C022584,10,N,long,0,low
C022585,8,N,long,0,low
C022586,9,Y,long,1,high
C022587,8,N,long,0,low
C022588,5,N,medium,0,medium
C022589,5,N,medium,0,medium
C022590,9,N,long,0,low
C022591,9,N,long,0,low
C022592,7,Y,long,1,high
C022593,8,N,long,0,low
C022594,10,N,long,0,low
C022595,7,N,long,0,low
C022596,7,Y,long,1,high
C022597,7,N,long,0,low
C022598,9,N,long,0,low
C022599,10,N,long,0,low
C022600,8,N,long,0,low
C022601,5,N,medium,0,medium
C022602,9,N,long,0,low
C022603,5,N,medium,0,medium
C022604,7,N,long,0,low
C022605,5,Y,medium,1,high
C022606,9,Y,long,1,high
C022607,6,Y,long,1,high
C022608,10,N,long,0,low
C022609,9,N,long,0,low
C022610,7,N,long,0,low
C022611,5,N,medium,0,medium
C022612,10,N,long,0,low
C022613,9,N,long,0,low
C022614,7,N,long,0,low
C022615,10,Y,long,1,high
C022616,6,N,long,0,low
C022617,7,Y,long,1,high
C022618,9,N,long,0,low
C022619,10,N,long,0,low
C022620,8,N,long,0,low
C022621,7,N,long,0,low
C022622,7,N,long,0,low
C022623,7,N,long,0,low
C022624,7,N,long,0,low
C022625,6,N,long,0,low
C022626,8,N,long,0,low
C022627,5,N,medium,0,medium
C022628,7,Y,long,1,high
C022629,6,N,long,0,low
C022630,8,N,long,0,low
C022631,5,N,medium,0,medium
C022632,6,Y,long,1,high
C022633,10,N,long,0,low
C022634,10,N,long,0,low
C022635,6,N,long,0,low
C022636,9,N,long,0,low
C022637,5,Y,medium,1,high
C022638,6,N,long,0,low
C022639,5,N,medium,0,medium
C022640,8,N,long,0,low
C022641,8,Y,long,1,high
C022642,5,N,medium,0,medium
C022643,6,N,long,0,low
C022644,9,N,long,0,low
C022645,10,N,long,0,low
C022646,5,N,medium,0,medium
C022647,7,N,long,0,low
C022648,5,Y,medium,1,high
C022649,6,N,long,0,low
C022650,8,N,long,0,low
C022651,10,Y,long,1,high
C022652,8,N,long,0,low
C022653,7,N,long,0,low
C022654,9,Y,long,1,high
C022655,5,N,medium,0,medium
C022656,6,N,long,0,low
C022657,7,N,long,0,low
C022658,6,N,long,0,low
C022659,5,N,medium,0,medium
C022660,8,Y,long,1,high
C022661,9,N,long,0,low
C022662,7,Y,long,1,high
C022663,9,Y,long,1,high
C022664,5,N,medium,0,medium
C022665,5,N,medium,0,medium
C022666,6,N,long,0,low
C022667,8,N,long,0,low
C022668,8,N,long,0,low
C022669,5,N,medium,0,medium
C022670,5,N,medium,0,medium
C022671,6,Y,long,1,high
C022672,6,N,long,0,low
C022673,9,N,long,0,low
C022674,7,N,long,0,low
C022675,5,N,medium,0,medium
C022676,5,N,medium,0,medium
C022677,10,N,long,0,low
C022678,10,N,long,0,low
C022679,6,N,long,0,low
C022680,7,N,long,0,low
C022681,7,N,long,0,low
C022682,5,Y,medium,1,high
C022683,5,N,medium,0,medium
C022684,7,N,long,0,low
C022685,8,N,long,0,low
C022686,10,N,long,0,low
C022687,6,Y,long,1,high
C022688,9,N,long,0,low
C022689,7,N,long,0,low
C022690,10,N,long,0,low
C022691,6,Y,long,1,high
C022692,7,Y,long,1,high
C022693,5,Y,medium,1,high
C022694,6,N,long,0,low
C022695,6,N,long,0,low
C022696,10,N,long,0,low
C022697,5,N,medium,0,medium
C022698,7,N,long,0,low
C022699,5,N,medium,0,medium
C022700,7,N,long,0,low
C022701,8,Y,long,1,high
C022702,7,N,long,0,low
C022703,6,Y,long,1,high
C022704,10,N,long,0,low
C022705,5,N,medium,0,medium
C022706,9,N,long,0,low
C022707,7,N,long,0,low
C022708,8,N,long,0,low
C022709,10,N,long,0,low
C022710,5,Y,medium,1,high
C022711,6,N,long,0,low
C022712,6,N,long,0,low
C022713,7,N,long,0,low
C022714,8,N,long,0,low
C022715,10,N,long,0,low
C022716,7,N,long,0,low
C022717,10,N,long,0,low
C022718,9,N,long,0,low
C022719,10,N,long,0,low
C022720,7,N,long,0,low
C022721,10,Y,long,1,high
C022722,6,Y,long,1,high
C022723,8,N,long,0,low
C022724,10,N,long,0,low
C022725,8,N,long,0,low
C022726,10,N,long,0,low
C022727,8,N,long,0,low
C022728,9,N,long,0,low
C022729,6,N,long,0,low
C022730,10,N,long,0,low
C022731,10,Y,long,1,high
C022732,8,N,long,0,low
C022733,5,N,medium,0,medium
C022734,6,N,long,0,low
C022735,8,N,long,0,low
C022736,7,Y,long,1,high
C022737,5,N,medium,0,medium
C022738,7,Y,long,1,high
C022739,6,N,long,0,low
C022740,10,N,long,0,low
C022741,10,N,long,0,low
C022742,5,N,medium,0,medium
C022743,7,N,long,0,low
C022744,5,N,medium,0,medium
C022745,9,N,long,0,low
C022746,5,N,medium,0,medium
C022747,8,Y,long,1,high
C022748,6,N,long,0,low
C022749,9,N,long,0,low
C022750,8,N,long,0,low
C022751,6,N,long,0,low
C022752,10,N,long,0,low
C022753,10,N,long,0,low
C022754,5,Y,medium,1,high
C022755,9,Y,long,1,high
C022756,7,Y,long,1,high
C022757,8,N,long,0,low
C022758,8,Y,long,1,high
C022759,9,N,long,0,low
C022760,5,N,medium,0,medium
C022761,5,N,medium,0,medium
C022762,10,N,long,0,low
C022763,5,Y,medium,1,high
C022764,7,N,long,0,low
C022765,6,N,long,0,low
C022766,8,N,long,0,low
C022767,6,N,long,0,low
C022768,7,N,long,0,low
C022769,9,N,long,0,low
C022770,6,N,long,0,low
C022771,8,N,long,0,low
C022772,9,N,long,0,low
C022773,6,Y,long,1,high
C022774,8,Y,long,1,high
C022775,9,N,long,0,low
C022776,7,N,long,0,low
C022777,9,N,long,0,low
C022778,8,N,long,0,low
C022779,5,N,medium,0,medium
C022780,6,N,long,0,low
C022781,10,N,long,0,low
C022782,8,N,long,0,low
C022783,8,N,long,0,low
C022784,9,N,long,0,low
C022785,8,Y,long,1,high
C022786,8,N,long,0,low
C022787,6,Y,long,1,high
C022788,7,N,long,0,low
C022789,6,Y,long,1,high
C022790,5,N,medium,0,medium
C022791,7,N,long,0,low
C022792,8,N,long,0,low
C022793,5,N,medium,0,medium
C022794,8,N,long,0,low
C022795,10,N,long,0,low
C022796,8,N,long,0,low
C022797,10,N,long,0,low
C022798,8,N,long,0,low
C022799,6,N,long,0,low
C022800,8,N,long,0,low
C022801,5,N,medium,0,medium
C022802,6,N,long,0,low
C022803,6,N,long,0,low
C022804,8,Y,long,1,high
C022805,8,N,long,0,low
C022806,9,N,long,0,low
C022807,8,N,long,0,low
C022808,7,N,long,0,low
C022809,5,Y,medium,1,high
C022810,5,N,medium,0,medium
C022811,10,N,long,0,low
C022812,9,Y,long,1,high
C022813,5,Y,medium,1,high
C022814,7,N,long,0,low
C022815,7,N,long,0,low
C022816,10,N,long,0,low
C022817,9,N,long,0,low
C022818,7,N,long,0,low
C022819,10,N,long,0,low
C022820,9,N,long,0,low
C022821,8,N,long,0,low
C022822,10,N,long,0,low
C022823,5,N,medium,0,medium
C022824,10,N,long,0,low
C022825,7,N,long,0,low
C022826,7,N,long,0,low
C022827,6,N,long,0,low
C022828,7,N,long,0,low
C022829,6,N,long,0,low
C022830,5,N,medium,0,medium
C022831,8,N,long,0,low
C022832,8,Y,long,1,high
C022833,6,N,long,0,low
C022834,8,N,long,0,low
C022835,9,N,long,0,low
C022836,10,N,long,0,low
C022837,9,N,long,0,low
C022838,8,N,long,0,low
C022839,7,N,long,0,low
C022840,7,N,long,0,low
C022841,6,N,long,0,low
C022842,5,N,medium,0,medium
C022843,10,N,long,0,low
C022844,6,N,long,0,low
C022845,9,N,long,0,low
C022846,10,N,long,0,low
C022847,5,N,medium,0,medium
C022848,7,N,long,0,low
C022849,10,N,long,0,low
C022850,6,N,long,0,low
C022851,9,N,long,0,low
C022852,9,Y,long,1,high
C022853,10,N,long,0,low
C022854,9,Y,long,1,high
C022855,6,N,long,0,low
C022856,8,N,long,0,low
C022857,8,N,long,0,low
C022858,9,N,long,0,low
C022859,10,N,long,0,low
C022860,6,N,long,0,low
C022861,7,N,long,0,low
C022862,6,N,long,0,low
C022863,5,N,medium,0,medium
C022864,6,N,long,0,low
C022865,7,N,long,0,low
C022866,6,N,long,0,low
C022867,6,N,long,0,low
C022868,7,N,long,0,low
C022869,5,N,medium,0,medium
C022870,6,Y,long,1,high
C022871,5,N,medium,0,medium
C022872,8,N,long,0,low
C022873,10,N,long,0,low
C022874,7,N,long,0,low
C022875,10,N,long,0,low
C022876,8,N,long,0,low
C022877,9,N,long,0,low
C022878,7,N,long,0,low
C022879,5,N,medium,0,medium
C022880,7,N,long,0,low
C022881,8,N,long,0,low
C022882,6,N,long,0,low
C022883,7,Y,long,1,high
C022884,9,N,long,0,low
C022885,10,N,long,0,low
C022886,9,Y,long,1,high
C022887,5,N,medium,0,medium
C022888,5,N,medium,0,medium
C022889,10,N,long,0,low
C022890,5,N,medium,0,medium
C022891,7,N,long,0,low
C022892,8,N,long,0,low
C022893,10,N,long,0,low
C022894,8,N,long,0,low
C022895,6,N,long,0,low
C022896,8,N,long,0,low
C022897,8,N,long,0,low
C022898,7,N,long,0,low
C022899,7,N,long,0,low
C022900,5,N,medium,0,medium
C022901,10,Y,long,1,high
C022902,10,N,long,0,low
C022903,9,N,long,0,low
C022904,7,N,long,0,low
C022905,7,N,long,0,low
C022906,8,N,long,0,low
C022907,8,N,long,0,low
C022908,6,N,long,0,low
C022909,5,Y,medium,1,high
C022910,8,Y,long,1,high
C022911,9,Y,long,1,high
C022912,7,N,long,0,low
C022913,9,N,long,0,low
C022914,9,Y,long,1,high
C022915,5,N,medium,0,medium
C022916,10,N,long,0,low
C022917,5,Y,medium,1,high
C022918,10,N,long,0,low
C022919,7,N,long,0,low
C022920,10,N,long,0,low
C022921,9,N,long,0,low
C022922,10,Y,long,1,high
C022923,5,N,medium,0,medium
C022924,5,N,medium,0,medium
C022925,9,Y,long,1,high
C022926,7,N,long,0,low
C022927,7,N,long,0,low
C022928,7,N,long,0,low
C022929,6,N,long,0,low
C022930,5,N,medium,0,medium
C022931,10,N,long,0,low
C022932,6,N,long,0,low
C022933,9,N,long,0,low
C022934,9,Y,long,1,high
C022935,10,N,long,0,low
C022936,8,N,long,0,low
C022937,9,N,long,0,low
C022938,7,N,long,0,low
C022939,8,N,long,0,low
C022940,9,Y,long,1,high
C022941,6,N,long,0,low
C022942,5,N,medium,0,medium
C022943,8,N,long,0,low
C022944,10,N,long,0,low
C022945,10,N,long,0,low
C022946,6,N,long,0,low
C022947,6,N,long,0,low
C022948,6,N,long,0,low
C022949,10,N,long,0,low
C022950,8,N,long,0,low
C022951,5,N,medium,0,medium
C022952,7,N,long,0,low
C022953,8,N,long,0,low
C022954,10,N,long,0,low
C022955,7,N,long,0,low
C022956,8,N,long,0,low
C022957,9,Y,long,1,high
C022958,7,N,long,0,low
C022959,6,N,long,0,low
C022960,6,N,long,0,low
C022961,10,Y,long,1,high
C022962,8,N,long,0,low
C022963,7,N,long,0,low
C022964,6,N,long,0,low
C022965,7,N,long,0,low
C022966,9,N,long,0,low
C022967,8,N,long,0,low
C022968,7,N,long,0,low
C022969,7,N,long,0,low
C022970,10,N,long,0,low
C022971,7,N,long,0,low
C022972,9,N,long,0,low
C022973,10,N,long,0,low
C022974,10,N,long,0,low
C022975,6,N,long,0,low
C022976,7,Y,long,1,high
C022977,9,Y,long,1,high
C022978,8,Y,long,1,high
C022979,8,N,long,0,low
C022980,5,Y,medium,1,high
C022981,6,N,long,0,low
C022982,7,N,long,0,low
C022983,9,N,long,0,low
C022984,8,N,long,0,low
C022985,7,N,long,0,low
C022986,10,N,long,0,low
C022987,8,N,long,0,low
C022988,9,Y,long,1,high
C022989,5,N,medium,0,medium
C022990,9,N,long,0,low
C022991,10,Y,long,1,high
C022992,5,N,medium,0,medium
C022993,9,N,long,0,low
C022994,7,N,long,0,low
C022995,6,N,long,0,low
C022996,9,N,long,0,low
C022997,10,N,long,0,low
C022998,5,Y,medium,1,high
C022999,8,N,long,0,low
C023000,7,N,long,0,low
C023001,6,N,long,0,low
C023002,5,N,medium,0,medium
C023003,8,N,long,0,low
C023004,7,N,long,0,low
C023005,8,N,long,0,low
C023006,9,N,long,0,low
C023007,7,N,long,0,low
C023008,7,N,long,0,low
C023009,6,N,long,0,low
C023010,9,N,long,0,low
C023011,5,N,medium,0,medium
C023012,9,N,long,0,low
C023013,7,N,long,0,low
C023014,7,N,long,0,low
C023015,6,N,long,0,low
C023016,7,N,long,0,low
C023017,6,Y,long,1,high
C023018,9,N,long,0,low
C023019,9,N,long,0,low
C023020,8,N,long,0,low
C023021,5,N,medium,0,medium
C023022,7,N,long,0,low
C023023,6,N,long,0,low
C023024,6,N,long,0,low
C023025,8,N,long,0,low
C023026,7,N,long,0,low
C023027,8,N,long,0,low
C023028,5,N,medium,0,medium
C023029,5,N,medium,0,medium
C023030,8,N,long,0,low
C023031,9,N,long,0,low
C023032,7,Y,long,1,high
C023033,5,N,medium,0,medium
C023034,10,N,long,0,low
C023035,6,N,long,0,low
C023036,10,N,long,0,low
C023037,5,N,medium,0,medium
C023038,7,Y,long,1,high
C023039,9,N,long,0,low
C023040,5,N,medium,0,medium
C023041,5,N,medium,0,medium
C023042,10,N,long,0,low
C023043,10,N,long,0,low
C023044,6,N,long,0,low
C023045,5,N,medium,0,medium
C023046,7,N,long,0,low
C023047,6,N,long,0,low
C023048,10,N,long,0,low
C023049,5,N,medium,0,medium
C023050,5,N,medium,0,medium
C023051,6,N,long,0,low
C023052,9,N,long,0,low
C023053,10,N,long,0,low
C023054,8,N,long,0,low
C023055,6,Y,long,1,high
C023056,8,N,long,0,low
C023057,7,N,long,0,low
C023058,9,N,long,0,low
C023059,10,Y,long,1,high
C023060,9,N,long,0,low
C023061,6,N,long,0,low
C023062,6,N,long,0,low
C023063,7,N,long,0,low
C023064,5,Y,medium,1,high
C023065,6,N,long,0,low
C023066,10,N,long,0,low
C023067,9,N,long,0,low
C023068,7,Y,long,1,high
C023069,9,N,long,0,low
C023070,9,N,long,0,low
C023071,9,N,long,0,low
C023072,6,N,long,0,low
C023073,8,N,long,0,low
C023074,6,N,long,0,low
C023075,8,N,long,0,low
C023076,9,N,long,0,low
C023077,10,N,long,0,low
C023078,10,Y,long,1,high
C023079,8,Y,long,1,high
C023080,6,Y,long,1,high
C023081,5,N,medium,0,medium
C023082,10,N,long,0,low
C023083,7,N,long,0,low
C023084,9,N,long,0,low
C023085,8,N,long,0,low
C023086,6,N,long,0,low
C023087,9,N,long,0,low
C023088,9,N,long,0,low
C023089,9,Y,long,1,high
C023090,7,N,long,0,low
C023091,8,N,long,0,low
C023092,10,Y,long,1,high
C023093,9,N,long,0,low
C023094,8,N,long,0,low
C023095,10,N,long,0,low
C023096,8,N,long,0,low
C023097,10,N,long,0,low
C023098,9,N,long,0,low
C023099,8,N,long,0,low
C023100,5,N,medium,0,medium
C023101,6,N,long,0,low
C023102,9,N,long,0,low
C023103,7,Y,long,1,high
C023104,8,N,long,0,low
C023105,7,N,long,0,low
C023106,10,N,long,0,low
C023107,6,N,long,0,low
C023108,9,N,long,0,low
C023109,5,Y,medium,1,high
C023110,8,Y,long,1,high
C023111,6,N,long,0,low
C023112,5,N,medium,0,medium
C023113,10,N,long,0,low
C023114,9,N,long,0,low
C023115,10,N,long,0,low
C023116,8,N,long,0,low
C023117,6,Y,long,1,high
C023118,9,N,long,0,low
C023119,9,N,long,0,low
C023120,7,N,long,0,low
C023121,8,N,long,0,low
C023122,8,N,long,0,low
C023123,5,N,medium,0,medium
C023124,6,N,long,0,low
C023125,9,N,long,0,low
C023126,6,Y,long,1,high
C023127,6,Y,long,1,high
C023128,5,N,medium,0,medium
C023129,5,N,medium,0,medium
C023130,8,Y,long,1,high
C023131,5,N,medium,0,medium
C023132,10,Y,long,1,high
C023133,5,N,medium,0,medium
C023134,7,N,long,0,low
C023135,5,N,medium,0,medium
C023136,6,N,long,0,low
C023137,8,N,long,0,low
C023138,8,N,long,0,low
C023139,6,N,long,0,low
C023140,7,N,long,0,low
C023141,5,N,medium,0,medium
C023142,10,Y,long,1,high
C023143,7,N,long,0,low
C023144,10,N,long,0,low
C023145,8,Y,long,1,high
C023146,5,Y,medium,1,high
C023147,6,N,long,0,low
C023148,10,N,long,0,low
C023149,8,N,long,0,low
C023150,10,N,long,0,low
C023151,5,N,medium,0,medium
C023152,9,N,long,0,low
C023153,6,N,long,0,low
C023154,6,N,long,0,low
C023155,9,N,long,0,low
C023156,10,Y,long,1,high
C023157,8,Y,long,1,high
C023158,8,N,long,0,low
C023159,8,Y,long,1,high
C023160,5,Y,medium,1,high
C023161,7,N,long,0,low
C023162,8,N,long,0,low
C023163,6,Y,long,1,high
C023164,8,N,long,0,low
C023165,9,N,long,0,low
C023166,5,N,medium,0,medium
C023167,6,Y,long,1,high
C023168,5,Y,medium,1,high
C023169,10,N,long,0,low
C023170,8,N,long,0,low
C023171,7,N,long,0,low
C023172,9,N,long,0,low
C023173,8,N,long,0,low
C023174,10,Y,long,1,high
C023175,10,N,long,0,low
C023176,8,N,long,0,low
C023177,7,N,long,0,low
C023178,8,Y,long,1,high
C023179,5,N,medium,0,medium
C023180,5,N,medium,0,medium
C023181,7,N,long,0,low
C023182,10,N,long,0,low
C023183,10,N,long,0,low
C023184,5,N,medium,0,medium
C023185,10,N,long,0,low
C023186,9,N,long,0,low
C023187,10,Y,long,1,high
C023188,9,N,long,0,low
C023189,9,N,long,0,low
C023190,5,N,medium,0,medium
C023191,9,N,long,0,low
C023192,9,N,long,0,low
C023193,7,Y,long,1,high
C023194,6,Y,long,1,high
C023195,6,N,long,0,low
C023196,10,N,long,0,low
C023197,9,N,long,0,low
C023198,9,Y,long,1,high
C023199,7,Y,long,1,high
C023200,10,N,long,0,low
C023201,10,Y,long,1,high
C023202,9,Y,long,1,high
C023203,8,Y,long,1,high
C023204,10,Y,long,1,high
C023205,7,N,long,0,low
C023206,9,N,long,0,low
C023207,7,N,long,0,low
C023208,7,N,long,0,low
C023209,8,N,long,0,low
C023210,5,N,medium,0,medium
C023211,6,N,long,0,low
C023212,5,N,medium,0,medium
C023213,9,N,long,0,low
C023214,9,N,long,0,low
C023215,5,N,medium,0,medium
C023216,10,N,long,0,low
C023217,8,N,long,0,low
C023218,8,Y,long,1,high
C023219,5,N,medium,0,medium
C023220,5,N,medium,0,medium
C023221,7,Y,long,1,high
C023222,10,N,long,0,low
C023223,7,N,long,0,low
C023224,5,Y,medium,1,high
C023225,8,N,long,0,low
C023226,5,N,medium,0,medium
C023227,6,N,long,0,low
C023228,7,N,long,0,low
C023229,5,Y,medium,1,high
C023230,10,N,long,0,low
C023231,8,N,long,0,low
C023232,8,N,long,0,low
C023233,7,N,long,0,low
C023234,10,N,long,0,low
C023235,8,N,long,0,low
C023236,7,N,long,0,low
C023237,6,N,long,0,low
C023238,10,Y,long,1,high
C023239,8,N,long,0,low
C023240,6,N,long,0,low
C023241,10,N,long,0,low
C023242,9,N,long,0,low
C023243,7,Y,long,1,high
C023244,5,N,medium,0,medium
C023245,10,N,long,0,low
C023246,7,Y,long,1,high
C023247,8,Y,long,1,high
C023248,8,N,long,0,low
C023249,9,N,long,0,low
C023250,5,N,medium,0,medium
C023251,10,N,long,0,low
C023252,8,N,long,0,low
C023253,10,N,long,0,low
C023254,6,N,long,0,low
C023255,5,N,medium,0,medium
C023256,5,N,medium,0,medium
C023257,8,N,long,0,low
C023258,6,N,long,0,low
C023259,10,N,long,0,low
C023260,7,N,long,0,low
C023261,7,N,long,0,low
C023262,7,N,long,0,low
C023263,10,N,long,0,low
C023264,5,N,medium,0,medium
C023265,6,N,long,0,low
C023266,10,N,long,0,low
C023267,5,N,medium,0,medium
C023268,5,N,medium,0,medium
C023269,9,N,long,0,low
C023270,6,N,long,0,low
C023271,7,N,long,0,low
C023272,8,N,long,0,low
C023273,9,N,long,0,low
C023274,6,N,long,0,low
C023275,6,Y,long,1,high
C023276,10,Y,long,1,high
C023277,7,N,long,0,low
C023278,7,N,long,0,low
C023279,7,N,long,0,low
C023280,8,N,long,0,low
C023281,9,N,long,0,low
C023282,6,N,long,0,low
C023283,7,N,long,0,low
C023284,5,N,medium,0,medium
C023285,9,N,long,0,low
C023286,5,N,medium,0,medium
C023287,5,N,medium,0,medium
C023288,7,N,long,0,low
C023289,5,Y,medium,1,high
C023290,5,N,medium,0,medium
C023291,6,N,long,0,low
C023292,7,N,long,0,low
C023293,7,N,long,0,low
C023294,7,Y,long,1,high
C023295,7,N,long,0,low
C023296,8,N,long,0,low
C023297,7,N,long,0,low
C023298,6,N,long,0,low
C023299,8,N,long,0,low
C023300,9,Y,long,1,high
C023301,10,N,long,0,low
C023302,10,N,long,0,low
C023303,5,N,medium,0,medium
C023304,10,N,long,0,low
C023305,8,N,long,0,low
C023306,9,N,long,0,low
C023307,10,N,long,0,low
C023308,7,N,long,0,low
C023309,6,N,long,0,low
C023310,6,N,long,0,low
C023311,7,Y,long,1,high
C023312,10,Y,long,1,high
C023313,8,Y,long,1,high
C023314,10,N,long,0,low
C023315,9,Y,long,1,high
C023316,7,N,long,0,low
C023317,9,N,long,0,low
C023318,8,Y,long,1,high
C023319,7,N,long,0,low
C023320,7,Y,long,1,high
C023321,10,N,long,0,low
C023322,5,N,medium,0,medium
C023323,7,N,long,0,low
C023324,5,N,medium,0,medium
C023325,10,N,long,0,low
C023326,7,N,long,0,low
C023327,6,N,long,0,low
C023328,5,N,medium,0,medium
C023329,8,N,long,0,low
C023330,7,N,long,0,low
C023331,10,N,long,0,low
C023332,6,N,long,0,low
C023333,5,N,medium,0,medium
C023334,10,N,long,0,low
C023335,8,N,long,0,low
C023336,6,Y,long,1,high
C023337,5,N,medium,0,medium
C023338,6,Y,long,1,high
C023339,9,N,long,0,low
C023340,6,N,long,0,low
C023341,5,N,medium,0,medium
C023342,8,N,long,0,low
C023343,7,N,long,0,low
C023344,10,N,long,0,low
C023345,7,N,long,0,low
C023346,7,N,long,0,low
C023347,5,N,medium,0,medium
C023348,6,Y,long,1,high
C023349,10,N,long,0,low
C023350,8,N,long,0,low
C023351,9,Y,long,1,high
C023352,5,N,medium,0,medium
C023353,10,Y,long,1,high
C023354,7,N,long,0,low
C023355,7,N,long,0,low
C023356,6,N,long,0,low
C023357,5,N,medium,0,medium
C023358,5,Y,medium,1,high
C023359,10,N,long,0,low
C023360,5,N,medium,0,medium
C023361,5,N,medium,0,medium
C023362,8,N,long,0,low
C023363,5,N,medium,0,medium
C023364,6,N,long,0,low
C023365,7,N,long,0,low
C023366,8,N,long,0,low
C023367,5,N,medium,0,medium
C023368,5,N,medium,0,medium
C023369,7,Y,long,1,high
C023370,8,N,long,0,low
C023371,9,N,long,0,low
C023372,9,N,long,0,low
C023373,10,N,long,0,low
C023374,6,N,long,0,low
C023375,10,N,long,0,low
C023376,9,Y,long,1,high
C023377,7,N,long,0,low
C023378,10,N,long,0,low
C023379,8,N,long,0,low
C023380,6,N,long,0,low
C023381,7,N,long,0,low
C023382,5,N,medium,0,medium
C023383,8,Y,long,1,high
C023384,9,N,long,0,low
C023385,8,N,long,0,low
C023386,10,Y,long,1,high
C023387,6,N,long,0,low
C023388,9,N,long,0,low
C023389,10,N,long,0,low
C023390,9,Y,long,1,high
C023391,6,N,long,0,low
C023392,10,N,long,0,low
C023393,10,Y,long,1,high
C023394,5,N,medium,0,medium
C023395,9,Y,long,1,high
C023396,7,N,long,0,low
C023397,9,N,long,0,low
C023398,5,Y,medium,1,high
C023399,8,N,long,0,low
C023400,6,N,long,0,low
C023401,10,N,long,0,low
C023402,8,N,long,0,low
C023403,7,N,long,0,low
C023404,8,Y,long,1,high
C023405,8,N,long,0,low
C023406,10,Y,long,1,high
C023407,8,N,long,0,low
C023408,7,N,long,0,low
C023409,10,N,long,0,low
C023410,6,Y,long,1,high
C023411,10,Y,long,1,high
C023412,7,Y,long,1,high
C023413,7,N,long,0,low
C023414,7,Y,long,1,high
C023415,10,N,long,0,low
C023416,6,N,long,0,low
C023417,10,N,long,0,low
C023418,7,N,long,0,low
C023419,5,N,medium,0,medium
C023420,8,N,long,0,low
C023421,7,N,long,0,low
C023422,10,N,long,0,low
C023423,5,N,medium,0,medium
C023424,5,N,medium,0,medium
C023425,7,N,long,0,low
C023426,6,N,long,0,low
C023427,7,N,long,0,low
C023428,9,N,long,0,low
C023429,7,N,long,0,low
C023430,10,N,long,0,low
C023431,6,N,long,0,low
C023432,10,Y,long,1,high
C023433,9,N,long,0,low
C023434,10,Y,long,1,high
C023435,8,N,long,0,low
C023436,5,Y,medium,1,high
C023437,5,N,medium,0,medium
C023438,8,N,long,0,low
C023439,10,N,long,0,low
C023440,9,N,long,0,low
C023441,7,N,long,0,low
C023442,10,N,long,0,low
C023443,5,Y,medium,1,high
C023444,10,N,long,0,low
C023445,6,N,long,0,low
C023446,5,N,medium,0,medium
C023447,10,Y,long,1,high
C023448,6,N,long,0,low
C023449,8,N,long,0,low
C023450,9,N,long,0,low
C023451,7,N,long,0,low
C023452,8,N,long,0,low
C023453,5,N,medium,0,medium
C023454,9,N,long,0,low
C023455,10,N,long,0,low
C023456,5,N,medium,0,medium
C023457,9,N,long,0,low
C023458,7,N,long,0,low
C023459,5,N,medium,0,medium
C023460,5,N,medium,0,medium
C023461,8,N,long,0,low
C023462,8,N,long,0,low
C023463,8,N,long,0,low
C023464,9,N,long,0,low
C023465,7,N,long,0,low
C023466,5,Y,medium,1,high
C023467,10,N,long,0,low
C023468,9,N,long,0,low
C023469,7,N,long,0,low
C023470,9,N,long,0,low
C023471,7,N,long,0,low
C023472,9,N,long,0,low
C023473,6,N,long,0,low
C023474,8,N,long,0,low
C023475,8,N,long,0,low
C023476,7,N,long,0,low
C023477,9,N,long,0,low
C023478,5,N,medium,0,medium
C023479,7,N,long,0,low
C023480,9,N,long,0,low
C023481,9,N,long,0,low
C023482,6,Y,long,1,high
C023483,6,N,long,0,low
C023484,9,N,long,0,low
C023485,10,N,long,0,low
C023486,7,N,long,0,low
C023487,5,N,medium,0,medium
C023488,9,N,long,0,low
C023489,9,N,long,0,low
C023490,7,N,long,0,low
C023491,6,N,long,0,low
C023492,8,N,long,0,low
C023493,7,Y,long,1,high
C023494,10,N,long,0,low
C023495,8,N,long,0,low
C023496,5,N,medium,0,medium
C023497,7,N,long,0,low
C023498,8,Y,long,1,high
C023499,8,Y,long,1,high
C023500,6,N,long,0,low
C023501,7,Y,long,1,high
C023502,6,N,long,0,low
C023503,5,N,medium,0,medium
C023504,9,N,long,0,low
C023505,6,N,long,0,low
C023506,10,N,long,0,low
C023507,10,Y,long,1,high
C023508,8,N,long,0,low
C023509,10,N,long,0,low
C023510,5,N,medium,0,medium
C023511,5,N,medium,0,medium
C023512,9,Y,long,1,high
C023513,10,Y,long,1,high
C023514,8,N,long,0,low
C023515,10,N,long,0,low
C023516,7,N,long,0,low
C023517,9,N,long,0,low
C023518,6,N,long,0,low
C023519,8,N,long,0,low
C023520,10,N,long,0,low
C023521,10,Y,long,1,high
C023522,9,N,long,0,low
C023523,5,N,medium,0,medium
C023524,10,N,long,0,low
C023525,8,N,long,0,low
C023526,6,N,long,0,low
C023527,5,N,medium,0,medium
C023528,6,N,long,0,low
C023529,9,N,long,0,low
C023530,8,N,long,0,low
C023531,6,Y,long,1,high
C023532,5,N,medium,0,medium
C023533,8,N,long,0,low
C023534,5,N,medium,0,medium
C023535,6,N,long,0,low
C023536,8,N,long,0,low
C023537,9,N,long,0,low
C023538,8,N,long,0,low
C023539,10,N,long,0,low
C023540,10,N,long,0,low
C023541,5,Y,medium,1,high
C023542,9,N,long,0,low
C023543,8,N,long,0,low
C023544,8,N,long,0,low
C023545,5,N,medium,0,medium
C023546,5,N,medium,0,medium
C023547,5,N,medium,0,medium
C023548,6,N,long,0,low
C023549,9,N,long,0,low
C023550,6,N,long,0,low
C023551,7,N,long,0,low
C023552,5,N,medium,0,medium
C023553,8,N,long,0,low
C023554,5,N,medium,0,medium
C023555,6,Y,long,1,high
C023556,5,N,medium,0,medium
C023557,6,N,long,0,low
C023558,7,N,long,0,low
C023559,7,Y,long,1,high
C023560,7,N,long,0,low
C023561,7,N,long,0,low
C023562,5,N,medium,0,medium
C023563,8,N,long,0,low
C023564,7,N,long,0,low
C023565,5,N,medium,0,medium
C023566,5,Y,medium,1,high
C023567,9,Y,long,1,high
C023568,7,N,long,0,low
C023569,8,N,long,0,low
C023570,7,N,long,0,low
C023571,10,Y,long,1,high
C023572,9,N,long,0,low
C023573,7,Y,long,1,high
C023574,5,N,medium,0,medium
C023575,8,N,long,0,low
C023576,5,N,medium,0,medium
C023577,5,N,medium,0,medium
C023578,10,N,long,0,low
C023579,9,N,long,0,low
C023580,7,N,long,0,low
C023581,10,Y,long,1,high
C023582,5,N,medium,0,medium
C023583,8,N,long,0,low
C023584,7,N,long,0,low
C023585,9,N,long,0,low
C023586,6,N,long,0,low
C023587,6,N,long,0,low
C023588,8,N,long,0,low
C023589,9,N,long,0,low
C023590,6,N,long,0,low
C023591,9,N,long,0,low
C023592,10,N,long,0,low
C023593,8,N,long,0,low
C023594,6,N,long,0,low
C023595,10,N,long,0,low
C023596,9,Y,long,1,high
C023597,8,N,long,0,low
C023598,8,N,long,0,low
C023599,9,N,long,0,low
C023600,5,N,medium,0,medium
C023601,5,N,medium,0,medium
C023602,8,N,long,0,low
C023603,7,N,long,0,low
C023604,6,N,long,0,low
C023605,6,N,long,0,low
C023606,8,Y,long,1,high
C023607,6,Y,long,1,high
C023608,9,N,long,0,low
C023609,9,N,long,0,low
C023610,9,N,long,0,low
C023611,7,Y,long,1,high
C023612,10,Y,long,1,high
C023613,6,N,long,0,low
C023614,8,N,long,0,low
C023615,5,Y,medium,1,high
C023616,6,N,long,0,low
C023617,5,Y,medium,1,high
C023618,10,N,long,0,low
C023619,5,N,medium,0,medium
C023620,6,N,long,0,low
C023621,6,N,long,0,low
C023622,7,Y,long,1,high
C023623,8,N,long,0,low
C023624,5,N,medium,0,medium
C023625,8,N,long,0,low
C023626,10,N,long,0,low
C023627,6,Y,long,1,high
C023628,5,N,medium,0,medium
C023629,9,N,long,0,low
C023630,8,Y,long,1,high
C023631,8,N,long,0,low
C023632,5,N,medium,0,medium
C023633,8,N,long,0,low
C023634,7,N,long,0,low
C023635,8,Y,long,1,high
C023636,10,N,long,0,low
C023637,9,N,long,0,low
C023638,7,Y,long,1,high
C023639,10,N,long,0,low
C023640,5,N,medium,0,medium
C023641,10,N,long,0,low
C023642,7,N,long,0,low
C023643,5,N,medium,0,medium
C023644,5,N,medium,0,medium
C023645,10,N,long,0,low
C023646,6,N,long,0,low
C023647,5,N,medium,0,medium
C023648,9,N,long,0,low
C023649,5,N,medium,0,medium
C023650,7,N,long,0,low
C023651,7,N,long,0,low
C023652,10,N,long,0,low
C023653,8,N,long,0,low
C023654,10,N,long,0,low
C023655,8,N,long,0,low
C023656,7,N,long,0,low
C023657,5,N,medium,0,medium
C023658,7,N,long,0,low
C023659,6,Y,long,1,high
C023660,5,N,medium,0,medium
C023661,5,N,medium,0,medium
C023662,7,N,long,0,low
C023663,9,N,long,0,low
C023664,7,N,long,0,low
C023665,10,N,long,0,low
C023666,5,N,medium,0,medium
C023667,5,Y,medium,1,high
C023668,7,N,long,0,low
C023669,6,N,long,0,low
C023670,9,N,long,0,low
C023671,10,N,long,0,low
C023672,6,N,long,0,low
C023673,6,N,long,0,low
C023674,7,Y,long,1,high
C023675,7,N,long,0,low
C023676,9,N,long,0,low
C023677,10,N,long,0,low
C023678,5,N,medium,0,medium
C023679,6,N,long,0,low
C023680,5,N,medium,0,medium
C023681,5,N,medium,0,medium
C023682,10,N,long,0,low
C023683,6,N,long,0,low
C023684,6,N,long,0,low
C023685,9,N,long,0,low
C023686,6,N,long,0,low
C023687,7,N,long,0,low
C023688,5,N,medium,0,medium
C023689,7,N,long,0,low
C023690,7,N,long,0,low
C023691,7,N,long,0,low
C023692,8,N,long,0,low
C023693,10,Y,long,1,high
C023694,5,N,medium,0,medium
C023695,5,N,medium,0,medium
C023696,8,N,long,0,low
C023697,10,N,long,0,low
C023698,5,N,medium,0,medium
C023699,7,N,long,0,low
C023700,9,Y,long,1,high
C023701,9,N,long,0,low
C023702,5,N,medium,0,medium
C023703,6,Y,long,1,high
C023704,5,N,medium,0,medium
C023705,6,N,long,0,low
C023706,7,N,long,0,low
C023707,9,N,long,0,low
C023708,9,N,long,0,low
C023709,7,N,long,0,low
C023710,9,N,long,0,low
C023711,5,N,medium,0,medium
C023712,8,N,long,0,low
C023713,5,N,medium,0,medium
C023714,9,N,long,0,low
C023715,5,N,medium,0,medium
C023716,10,N,long,0,low
C023717,9,N,long,0,low
C023718,7,N,long,0,low
C023719,7,N,long,0,low
C023720,7,N,long,0,low
C023721,10,N,long,0,low
C023722,6,N,long,0,low
C023723,7,N,long,0,low
C023724,9,Y,long,1,high
C023725,7,N,long,0,low
C023726,5,Y,medium,1,high
C023727,5,N,medium,0,medium
C023728,6,N,long,0,low
C023729,7,N,long,0,low
C023730,10,N,long,0,low
C023731,8,N,long,0,low
C023732,8,N,long,0,low
C023733,5,N,medium,0,medium
C023734,8,N,long,0,low
C023735,7,N,long,0,low
C023736,7,N,long,0,low
C023737,6,Y,long,1,high
C023738,5,N,medium,0,medium
C023739,7,N,long,0,low
C023740,8,N,long,0,low
C023741,10,Y,long,1,high
C023742,10,N,long,0,low
C023743,7,Y,long,1,high
C023744,8,N,long,0,low
C023745,5,N,medium,0,medium
C023746,5,N,medium,0,medium
C023747,7,N,long,0,low
C023748,10,N,long,0,low
C023749,6,N,long,0,low
C023750,6,Y,long,1,high
C023751,7,N,long,0,low
C023752,5,N,medium,0,medium
C023753,8,N,long,0,low
C023754,9,N,long,0,low
C023755,5,Y,medium,1,high
C023756,8,N,long,0,low
C023757,7,Y,long,1,high
C023758,8,Y,long,1,high
C023759,7,N,long,0,low
C023760,10,Y,long,1,high
C023761,10,N,long,0,low
C023762,6,N,long,0,low
C023763,5,N,medium,0,medium
C023764,5,N,medium,0,medium
C023765,5,N,medium,0,medium
C023766,7,N,long,0,low
C023767,5,N,medium,0,medium
C023768,9,Y,long,1,high
C023769,5,N,medium,0,medium
C023770,9,N,long,0,low
C023771,9,N,long,0,low
C023772,6,N,long,0,low
C023773,8,N,long,0,low
C023774,9,N,long,0,low
C023775,6,N,long,0,low
C023776,8,N,long,0,low
C023777,10,N,long,0,low
C023778,10,Y,long,1,high
C023779,9,N,long,0,low
C023780,7,Y,long,1,high
C023781,9,N,long,0,low
C023782,7,N,long,0,low
C023783,8,N,long,0,low
C023784,5,N,medium,0,medium
C023785,7,Y,long,1,high
C023786,7,N,long,0,low
C023787,5,N,medium,0,medium
C023788,9,N,long,0,low
C023789,8,N,long,0,low
C023790,10,N,long,0,low
C023791,6,N,long,0,low
C023792,8,N,long,0,low
C023793,8,N,long,0,low
C023794,7,N,long,0,low
C023795,5,N,medium,0,medium
C023796,9,Y,long,1,high
C023797,7,N,long,0,low
C023798,8,N,long,0,low
C023799,5,Y,medium,1,high
C023800,10,N,long,0,low
C023801,9,N,long,0,low
C023802,5,N,medium,0,medium
C023803,7,N,long,0,low
C023804,10,Y,long,1,high
C023805,8,N,long,0,low
C023806,5,Y,medium,1,high
C023807,5,N,medium,0,medium
C023808,7,Y,long,1,high
C023809,9,Y,long,1,high
C023810,9,N,long,0,low
C023811,7,Y,long,1,high
C023812,7,N,long,0,low
C023813,5,Y,medium,1,high
C023814,10,N,long,0,low
C023815,10,Y,long,1,high
C023816,7,N,long,0,low
C023817,5,N,medium,0,medium
C023818,7,N,long,0,low
C023819,5,N,medium,0,medium
C023820,8,N,long,0,low
C023821,7,N,long,0,low
C023822,8,Y,long,1,high
C023823,7,N,long,0,low
C023824,10,N,long,0,low
C023825,7,N,long,0,low
C023826,7,Y,long,1,high
C023827,6,Y,long,1,high
C023828,9,Y,long,1,high
C023829,9,N,long,0,low
C023830,9,N,long,0,low
C023831,7,N,long,0,low
C023832,10,N,long,0,low
C023833,8,N,long,0,low
C023834,6,N,long,0,low
C023835,10,N,long,0,low
C023836,9,N,long,0,low
C023837,6,N,long,0,low
C023838,6,Y,long,1,high
C023839,7,Y,long,1,high
C023840,9,Y,long,1,high
C023841,9,N,long,0,low
C023842,10,N,long,0,low
C023843,7,N,long,0,low
C023844,9,N,long,0,low
C023845,5,N,medium,0,medium
C023846,8,N,long,0,low
C023847,8,N,long,0,low
C023848,9,N,long,0,low
C023849,5,Y,medium,1,high
C023850,5,N,medium,0,medium
C023851,5,Y,medium,1,high
C023852,7,N,long,0,low
C023853,8,N,long,0,low
C023854,6,N,long,0,low
C023855,10,N,long,0,low
C023856,5,N,medium,0,medium
C023857,6,N,long,0,low
C023858,9,Y,long,1,high
C023859,8,N,long,0,low
C023860,7,N,long,0,low
C023861,8,N,long,0,low
C023862,7,Y,long,1,high
C023863,8,Y,long,1,high
C023864,9,N,long,0,low
C023865,5,N,medium,0,medium
C023866,10,N,long,0,low
C023867,7,N,long,0,low
C023868,5,N,medium,0,medium
C023869,5,N,medium,0,medium
C023870,10,N,long,0,low
C023871,7,N,long,0,low
C023872,6,Y,long,1,high
C023873,10,Y,long,1,high
C023874,6,N,long,0,low
C023875,6,N,long,0,low
C023876,7,N,long,0,low
C023877,9,Y,long,1,high
C023878,8,N,long,0,low
C023879,8,N,long,0,low
C023880,10,N,long,0,low
C023881,8,N,long,0,low
C023882,7,N,long,0,low
C023883,9,N,long,0,low
C023884,7,N,long,0,low
C023885,9,N,long,0,low
C023886,9,N,long,0,low
C023887,6,N,long,0,low
C023888,8,N,long,0,low
C023889,7,N,long,0,low
C023890,5,N,medium,0,medium
C023891,6,Y,long,1,high
C023892,6,N,long,0,low
C023893,9,N,long,0,low
C023894,5,N,medium,0,medium
C023895,8,N,long,0,low
C023896,7,N,long,0,low
C023897,8,N,long,0,low
C023898,6,N,long,0,low
C023899,10,N,long,0,low
C023900,9,N,long,0,low
C023901,10,Y,long,1,high
C023902,10,N,long,0,low
C023903,9,N,long,0,low
C023904,6,N,long,0,low
C023905,9,N,long,0,low
C023906,6,N,long,0,low
C023907,8,N,long,0,low
C023908,7,N,long,0,low
C023909,8,N,long,0,low
C023910,7,N,long,0,low
C023911,10,N,long,0,low
C023912,9,N,long,0,low
C023913,8,N,long,0,low
C023914,10,N,long,0,low
C023915,7,N,long,0,low
C023916,5,N,medium,0,medium
C023917,6,N,long,0,low
C023918,7,N,long,0,low
C023919,6,N,long,0,low
C023920,9,N,long,0,low
C023921,6,N,long,0,low
C023922,8,N,long,0,low
C023923,9,N,long,0,low
C023924,7,N,long,0,low
C023925,6,N,long,0,low
C023926,6,N,long,0,low
C023927,5,N,medium,0,medium
C023928,6,N,long,0,low
C023929,8,N,long,0,low
C023930,9,N,long,0,low
C023931,7,Y,long,1,high
C023932,7,N,long,0,low
C023933,5,N,medium,0,medium
C023934,5,N,medium,0,medium
C023935,5,N,medium,0,medium
C023936,10,Y,long,1,high
C023937,6,N,long,0,low
C023938,7,Y,long,1,high
C023939,9,N,long,0,low
C023940,5,N,medium,0,medium
C023941,10,N,long,0,low
C023942,9,N,long,0,low
C023943,9,N,long,0,low
C023944,7,N,long,0,low
C023945,7,N,long,0,low
C023946,9,N,long,0,low
C023947,7,N,long,0,low
C023948,7,N,long,0,low
C023949,5,N,medium,0,medium
C023950,5,N,medium,0,medium
C023951,7,N,long,0,low
C023952,7,N,long,0,low
C023953,10,N,long,0,low
C023954,9,N,long,0,low
C023955,10,N,long,0,low
C023956,8,N,long,0,low
C023957,5,N,medium,0,medium
C023958,10,N,long,0,low
C023959,7,N,long,0,low
C023960,10,N,long,0,low
C023961,10,N,long,0,low
C023962,5,N,medium,0,medium
C023963,7,N,long,0,low
C023964,9,N,long,0,low
C023965,5,N,medium,0,medium
C023966,6,N,long,0,low
C023967,7,N,long,0,low
C023968,8,N,long,0,low
C023969,7,N,long,0,low
C023970,5,N,medium,0,medium
C023971,9,N,long,0,low
C023972,10,N,long,0,low
C023973,6,Y,long,1,high
C023974,8,N,long,0,low
C023975,10,N,long,0,low
C023976,7,N,long,0,low
C023977,7,N,long,0,low
C023978,9,N,long,0,low
C023979,10,N,long,0,low
C023980,7,N,long,0,low
C023981,5,N,medium,0,medium
C023982,9,Y,long,1,high
C023983,9,N,long,0,low
C023984,6,N,long,0,low
C023985,8,N,long,0,low
C023986,6,N,long,0,low
C023987,9,N,long,0,low
C023988,9,N,long,0,low
C023989,9,N,long,0,low
C023990,10,N,long,0,low
C023991,5,N,medium,0,medium
C023992,8,N,long,0,low
C023993,5,N,medium,0,medium
C023994,7,N,long,0,low
C023995,8,N,long,0,low
C023996,5,N,medium,0,medium
C023997,10,N,long,0,low
C023998,8,N,long,0,low
C023999,10,Y,long,1,high
C024000,6,N,long,0,low
C024001,6,N,long,0,low
C024002,6,Y,long,1,high
C024003,6,N,long,0,low
C024004,9,N,long,0,low
C024005,6,N,long,0,low
C024006,6,Y,long,1,high
C024007,9,N,long,0,low
C024008,10,N,long,0,low
C024009,8,Y,long,1,high
C024010,5,N,medium,0,medium
C024011,6,N,long,0,low
C024012,6,N,long,0,low
C024013,9,Y,long,1,high
C024014,9,N,long,0,low
C024015,7,N,long,0,low
C024016,8,N,long,0,low
C024017,9,N,long,0,low
C024018,10,Y,long,1,high
C024019,10,N,long,0,low
C024020,7,N,long,0,low
C024021,7,N,long,0,low
C024022,9,Y,long,1,high
C024023,6,N,long,0,low
C024024,5,N,medium,0,medium
C024025,6,N,long,0,low
C024026,5,N,medium,0,medium
C024027,9,N,long,0,low
C024028,8,N,long,0,low
C024029,5,N,medium,0,medium
C024030,6,N,long,0,low
C024031,6,N,long,0,low
C024032,6,N,long,0,low
C024033,8,N,long,0,low
C024034,8,Y,long,1,high
C024035,6,N,long,0,low
C024036,8,N,long,0,low
C024037,6,Y,long,1,high
C024038,7,Y,long,1,high
C024039,5,N,medium,0,medium
C024040,9,N,long,0,low
C024041,9,N,long,0,low
C024042,5,N,medium,0,medium
C024043,10,N,long,0,low
C024044,6,N,long,0,low
C024045,9,N,long,0,low
C024046,6,Y,long,1,high
C024047,7,Y,long,1,high
C024048,10,N,long,0,low
C024049,6,N,long,0,low
C024050,8,N,long,0,low
C024051,9,N,long,0,low
C024052,9,N,long,0,low
C024053,5,Y,medium,1,high
C024054,8,N,long,0,low
C024055,9,N,long,0,low
C024056,10,N,long,0,low
C024057,10,N,long,0,low
C024058,10,N,long,0,low
C024059,9,N,long,0,low
C024060,8,N,long,0,low
C024061,6,N,long,0,low
C024062,6,N,long,0,low
C024063,5,N,medium,0,medium
C024064,6,N,long,0,low
C024065,10,N,long,0,low
C024066,6,N,long,0,low
C024067,8,N,long,0,low
C024068,10,N,long,0,low
C024069,7,N,long,0,low
C024070,10,N,long,0,low
C024071,9,N,long,0,low
C024072,5,N,medium,0,medium
C024073,7,N,long,0,low
C024074,7,N,long,0,low
C024075,10,N,long,0,low
C024076,7,N,long,0,low
C024077,7,N,long,0,low
C024078,7,Y,long,1,high
C024079,6,N,long,0,low
C024080,8,Y,long,1,high
C024081,7,N,long,0,low
C024082,8,N,long,0,low
C024083,10,N,long,0,low
C024084,6,N,long,0,low
C024085,9,N,long,0,low
C024086,8,Y,long,1,high
C024087,10,N,long,0,low
C024088,5,N,medium,0,medium
C024089,5,N,medium,0,medium
C024090,8,Y,long,1,high
C024091,7,N,long,0,low
C024092,6,Y,long,1,high
C024093,10,N,long,0,low
C024094,8,N,long,0,low
C024095,8,Y,long,1,high
C024096,7,Y,long,1,high
C024097,7,N,long,0,low
C024098,10,N,long,0,low
C024099,6,N,long,0,low
C024100,10,Y,long,1,high
C024101,8,N,long,0,low
C024102,7,N,long,0,low
C024103,8,N,long,0,low
C024104,5,N,medium,0,medium
C024105,5,N,medium,0,medium
C024106,5,N,medium,0,medium
C024107,5,N,medium,0,medium
C024108,7,N,long,0,low
C024109,7,N,long,0,low
C024110,9,Y,long,1,high
C024111,10,N,long,0,low
C024112,6,N,long,0,low
C024113,7,N,long,0,low
C024114,5,N,medium,0,medium
C024115,6,N,long,0,low
C024116,9,N,long,0,low
C024117,10,N,long,0,low
C024118,5,Y,medium,1,high
C024119,5,Y,medium,1,high
C024120,7,N,long,0,low
C024121,5,N,medium,0,medium
C024122,8,Y,long,1,high
C024123,9,N,long,0,low
C024124,6,Y,long,1,high
C024125,5,N,medium,0,medium
C024126,5,N,medium,0,medium
C024127,6,N,long,0,low
C024128,6,N,long,0,low
C024129,5,Y,medium,1,high
C024130,9,N,long,0,low
C024131,8,Y,long,1,high
C024132,7,N,long,0,low
C024133,8,N,long,0,low
C024134,10,N,long,0,low
C024135,7,N,long,0,low
C024136,8,N,long,0,low
C024137,5,N,medium,0,medium
C024138,6,Y,long,1,high
C024139,10,N,long,0,low
C024140,7,N,long,0,low
C024141,6,Y,long,1,high
C024142,6,Y,long,1,high
C024143,10,N,long,0,low
C024144,9,N,long,0,low
C024145,9,Y,long,1,high
C024146,6,N,long,0,low
C024147,9,N,long,0,low
C024148,5,N,medium,0,medium
C024149,5,N,medium,0,medium
C024150,9,N,long,0,low
C024151,7,N,long,0,low
C024152,9,N,long,0,low
C024153,7,N,long,0,low
C024154,8,N,long,0,low
C024155,9,N,long,0,low
C024156,6,N,long,0,low
C024157,9,N,long,0,low
C024158,6,N,long,0,low
C024159,9,N,long,0,low
C024160,7,N,long,0,low
C024161,9,N,long,0,low
C024162,7,N,long,0,low
C024163,9,N,long,0,low
C024164,5,N,medium,0,medium
C024165,9,N,long,0,low
C024166,5,N,medium,0,medium
C024167,10,N,long,0,low
C024168,7,N,long,0,low
C024169,5,N,medium,0,medium
C024170,7,N,long,0,low
C024171,6,N,long,0,low
C024172,8,N,long,0,low
C024173,8,N,long,0,low
C024174,9,N,long,0,low
C024175,7,N,long,0,low
C024176,10,Y,long,1,high
C024177,6,N,long,0,low
C024178,7,Y,long,1,high
C024179,7,N,long,0,low
C024180,10,N,long,0,low
C024181,6,N,long,0,low
C024182,7,N,long,0,low
C024183,10,N,long,0,low
C024184,5,N,medium,0,medium
C024185,9,Y,long,1,high
C024186,8,N,long,0,low
C024187,6,N,long,0,low
C024188,10,N,long,0,low
C024189,6,N,long,0,low
C024190,5,N,medium,0,medium
C024191,5,N,medium,0,medium
C024192,9,N,long,0,low
C024193,5,N,medium,0,medium
C024194,9,N,long,0,low
C024195,9,N,long,0,low
C024196,5,N,medium,0,medium
C024197,10,N,long,0,low
C024198,8,N,long,0,low
C024199,6,Y,long,1,high
C024200,6,N,long,0,low
C024201,5,N,medium,0,medium
C024202,5,N,medium,0,medium
C024203,6,Y,long,1,high
C024204,6,N,long,0,low
C024205,7,N,long,0,low
C024206,8,N,long,0,low
C024207,7,Y,long,1,high
C024208,6,N,long,0,low
C024209,10,N,long,0,low
C024210,5,N,medium,0,medium
C024211,6,N,long,0,low
C024212,8,N,long,0,low
C024213,9,N,long,0,low
C024214,10,Y,long,1,high
C024215,9,N,long,0,low
C024216,7,N,long,0,low
C024217,10,N,long,0,low
C024218,5,N,medium,0,medium
C024219,9,Y,long,1,high
C024220,10,N,long,0,low
C024221,5,Y,medium,1,high
C024222,6,N,long,0,low
C024223,5,N,medium,0,medium
C024224,5,N,medium,0,medium
C024225,8,Y,long,1,high
C024226,10,N,long,0,low
C024227,8,Y,long,1,high
C024228,6,N,long,0,low
C024229,10,Y,long,1,high
C024230,7,N,long,0,low
C024231,6,N,long,0,low
C024232,7,N,long,0,low
C024233,6,N,long,0,low
C024234,5,Y,medium,1,high
C024235,7,N,long,0,low
C024236,5,N,medium,0,medium
C024237,7,N,long,0,low
C024238,7,N,long,0,low
C024239,7,N,long,0,low
C024240,10,N,long,0,low
C024241,7,Y,long,1,high
C024242,5,N,medium,0,medium
C024243,7,Y,long,1,high
C024244,10,N,long,0,low
C024245,6,Y,long,1,high
C024246,10,N,long,0,low
C024247,7,N,long,0,low
C024248,10,N,long,0,low
C024249,5,N,medium,0,medium
C024250,5,N,medium,0,medium
C024251,5,Y,medium,1,high
C024252,7,N,long,0,low
C024253,5,N,medium,0,medium
C024254,5,N,medium,0,medium
C024255,5,N,medium,0,medium
C024256,7,N,long,0,low
C024257,6,N,long,0,low
C024258,5,N,medium,0,medium
C024259,6,N,long,0,low
C024260,5,N,medium,0,medium
C024261,9,N,long,0,low
C024262,5,N,medium,0,medium
C024263,9,N,long,0,low
C024264,9,N,long,0,low
C024265,9,Y,long,1,high
C024266,6,N,long,0,low
C024267,10,Y,long,1,high
C024268,8,Y,long,1,high
C024269,5,N,medium,0,medium
C024270,9,N,long,0,low
C024271,5,N,medium,0,medium
C024272,7,N,long,0,low
C024273,6,N,long,0,low
C024274,10,Y,long,1,high
C024275,9,N,long,0,low
C024276,6,N,long,0,low
C024277,6,Y,long,1,high
C024278,9,N,long,0,low
C024279,10,Y,long,1,high
C024280,10,Y,long,1,high
C024281,9,Y,long,1,high
C024282,9,N,long,0,low
C024283,7,N,long,0,low
C024284,7,N,long,0,low
C024285,8,N,long,0,low
C024286,10,N,long,0,low
C024287,10,N,long,0,low
C024288,9,N,long,0,low
C024289,10,Y,long,1,high
C024290,6,Y,long,1,high
C024291,8,N,long,0,low
C024292,8,Y,long,1,high
C024293,9,N,long,0,low
C024294,10,N,long,0,low
C024295,5,N,medium,0,medium
C024296,7,Y,long,1,high
C024297,9,N,long,0,low
C024298,8,N,long,0,low
C024299,5,Y,medium,1,high
C024300,5,N,medium,0,medium
C024301,6,N,long,0,low
C024302,6,N,long,0,low
C024303,5,N,medium,0,medium
C024304,6,N,long,0,low
C024305,6,N,long,0,low
C024306,7,N,long,0,low
C024307,10,N,long,0,low
C024308,6,N,long,0,low
C024309,6,N,long,0,low
C024310,9,N,long,0,low
C024311,8,N,long,0,low
C024312,10,N,long,0,low
C024313,7,N,long,0,low
C024314,6,N,long,0,low
C024315,9,N,long,0,low
C024316,5,N,medium,0,medium
C024317,9,N,long,0,low
C024318,8,N,long,0,low
C024319,8,N,long,0,low
C024320,10,N,long,0,low
C024321,6,Y,long,1,high
C024322,5,N,medium,0,medium
C024323,6,Y,long,1,high
C024324,10,N,long,0,low
C024325,5,N,medium,0,medium
C024326,8,Y,long,1,high
C024327,5,N,medium,0,medium
C024328,7,N,long,0,low
C024329,8,N,long,0,low
C024330,8,N,long,0,low
C024331,6,N,long,0,low
C024332,10,N,long,0,low
C024333,9,N,long,0,low
C024334,7,N,long,0,low
C024335,6,N,long,0,low
C024336,7,Y,long,1,high
C024337,6,N,long,0,low
C024338,5,N,medium,0,medium
C024339,10,N,long,0,low
C024340,7,N,long,0,low
C024341,5,N,medium,0,medium
C024342,9,N,long,0,low
C024343,10,N,long,0,low
C024344,8,N,long,0,low
C024345,5,N,medium,0,medium
C024346,10,N,long,0,low
C024347,6,N,long,0,low
C024348,9,Y,long,1,high
C024349,5,N,medium,0,medium
C024350,9,Y,long,1,high
C024351,8,Y,long,1,high
C024352,9,N,long,0,low
C024353,7,Y,long,1,high
C024354,8,N,long,0,low
C024355,9,N,long,0,low
C024356,6,N,long,0,low
C024357,5,N,medium,0,medium
C024358,7,N,long,0,low
C024359,9,N,long,0,low
C024360,9,N,long,0,low
C024361,5,N,medium,0,medium
C024362,6,N,long,0,low
C024363,5,N,medium,0,medium
C024364,5,N,medium,0,medium
C024365,9,N,long,0,low
C024366,8,N,long,0,low
C024367,9,N,long,0,low
C024368,8,N,long,0,low
C024369,8,N,long,0,low
C024370,9,N,long,0,low
C024371,10,Y,long,1,high
C024372,7,N,long,0,low
C024373,6,N,long,0,low
C024374,10,N,long,0,low
C024375,8,N,long,0,low
C024376,7,N,long,0,low
C024377,5,N,medium,0,medium
C024378,7,N,long,0,low
C024379,10,N,long,0,low
C024380,7,N,long,0,low
C024381,10,N,long,0,low
C024382,5,N,medium,0,medium
C024383,8,N,long,0,low
C024384,7,N,long,0,low
C024385,7,Y,long,1,high
C024386,8,N,long,0,low
C024387,8,N,long,0,low
C024388,8,N,long,0,low
C024389,10,N,long,0,low
C024390,7,N,long,0,low
C024391,10,N,long,0,low
C024392,8,N,long,0,low
C024393,5,N,medium,0,medium
C024394,7,N,long,0,low
C024395,8,N,long,0,low
C024396,5,N,medium,0,medium
C024397,9,N,long,0,low
C024398,7,N,long,0,low
C024399,8,N,long,0,low
C024400,7,N,long,0,low
C024401,5,N,medium,0,medium
C024402,9,N,long,0,low
C024403,9,N,long,0,low
C024404,8,N,long,0,low
C024405,6,N,long,0,low
C024406,9,N,long,0,low
C024407,10,Y,long,1,high
C024408,6,Y,long,1,high
C024409,8,Y,long,1,high
C024410,9,N,long,0,low
C024411,6,N,long,0,low
C024412,6,N,long,0,low
C024413,6,N,long,0,low
C024414,6,N,long,0,low
C024415,7,Y,long,1,high
C024416,7,N,long,0,low
C024417,5,N,medium,0,medium
C024418,8,N,long,0,low
C024419,9,N,long,0,low
C024420,5,N,medium,0,medium
C024421,6,N,long,0,low
C024422,6,N,long,0,low
C024423,9,N,long,0,low
C024424,7,Y,long,1,high
C024425,5,Y,medium,1,high
C024426,10,Y,long,1,high
C024427,9,N,long,0,low
C024428,6,N,long,0,low
C024429,5,N,medium,0,medium
C024430,7,N,long,0,low
C024431,8,N,long,0,low
C024432,7,N,long,0,low
C024433,5,Y,medium,1,high
C024434,10,N,long,0,low
C024435,8,N,long,0,low
C024436,9,Y,long,1,high
C024437,9,N,long,0,low
C024438,6,N,long,0,low
C024439,10,N,long,0,low
C024440,7,N,long,0,low
C024441,8,N,long,0,low
C024442,9,Y,long,1,high
C024443,9,N,long,0,low
C024444,8,N,long,0,low
C024445,6,N,long,0,low
C024446,5,N,medium,0,medium
C024447,9,N,long,0,low
C024448,6,N,long,0,low
C024449,5,N,medium,0,medium
C024450,9,N,long,0,low
C024451,5,N,medium,0,medium
C024452,7,N,long,0,low
C024453,7,N,long,0,low
C024454,10,N,long,0,low
C024455,10,N,long,0,low
C024456,7,Y,long,1,high
C024457,6,N,long,0,low
C024458,10,N,long,0,low
C024459,8,Y,long,1,high
C024460,8,N,long,0,low
C024461,10,N,long,0,low
C024462,10,N,long,0,low
C024463,9,N,long,0,low
C024464,9,N,long,0,low
C024465,6,Y,long,1,high
C024466,9,Y,long,1,high
C024467,8,N,long,0,low
C024468,8,N,long,0,low
C024469,5,N,medium,0,medium
C024470,9,N,long,0,low
C024471,7,N,long,0,low
C024472,9,N,long,0,low
C024473,8,N,long,0,low
C024474,7,N,long,0,low
C024475,7,N,long,0,low
C024476,10,N,long,0,low
C024477,10,N,long,0,low
C024478,7,N,long,0,low
C024479,8,N,long,0,low
C024480,10,N,long,0,low
C024481,8,N,long,0,low
C024482,5,N,medium,0,medium
C024483,10,N,long,0,low
C024484,8,Y,long,1,high
C024485,9,N,long,0,low
C024486,9,Y,long,1,high
C024487,8,N,long,0,low
C024488,6,N,long,0,low
C024489,9,N,long,0,low
C024490,5,N,medium,0,medium
C024491,9,N,long,0,low
C024492,10,N,long,0,low
C024493,5,N,medium,0,medium
C024494,8,N,long,0,low
C024495,6,N,long,0,low
C024496,5,N,medium,0,medium
C024497,6,N,long,0,low
C024498,8,N,long,0,low
C024499,6,Y,long,1,high
C024500,7,N,long,0,low
C024501,6,Y,long,1,high
C024502,8,N,long,0,low
C024503,5,N,medium,0,medium
C024504,7,N,long,0,low
C024505,5,Y,medium,1,high
C024506,5,N,medium,0,medium
C024507,8,N,long,0,low
C024508,10,N,long,0,low
C024509,8,N,long,0,low
C024510,7,N,long,0,low
C024511,9,N,long,0,low
C024512,7,N,long,0,low
C024513,7,N,long,0,low
C024514,5,N,medium,0,medium
C024515,10,N,long,0,low
C024516,8,N,long,0,low
C024517,8,N,long,0,low
C024518,5,N,medium,0,medium
C024519,10,Y,long,1,high
C024520,6,Y,long,1,high
C024521,9,N,long,0,low
C024522,9,Y,long,1,high
C024523,9,N,long,0,low
C024524,7,N,long,0,low
C024525,9,Y,long,1,high
C024526,7,N,long,0,low
C024527,8,N,long,0,low
C024528,5,N,medium,0,medium
C024529,9,N,long,0,low
C024530,10,N,long,0,low
C024531,6,N,long,0,low
C024532,10,N,long,0,low
C024533,9,Y,long,1,high
C024534,5,N,medium,0,medium
C024535,7,N,long,0,low
C024536,10,N,long,0,low
C024537,10,Y,long,1,high
C024538,7,N,long,0,low
C024539,9,N,long,0,low
C024540,10,N,long,0,low
C024541,7,N,long,0,low
C024542,7,Y,long,1,high
C024543,5,N,medium,0,medium
C024544,6,Y,long,1,high
C024545,7,N,long,0,low
C024546,9,N,long,0,low
C024547,8,N,long,0,low
C024548,6,N,long,0,low
C024549,8,Y,long,1,high
C024550,5,N,medium,0,medium
C024551,9,N,long,0,low
C024552,6,N,long,0,low
C024553,9,N,long,0,low
C024554,10,N,long,0,low
C024555,9,N,long,0,low
C024556,7,N,long,0,low
C024557,6,N,long,0,low
C024558,8,N,long,0,low
C024559,9,N,long,0,low
C024560,7,N,long,0,low
C024561,10,N,long,0,low
C024562,7,N,long,0,low
C024563,9,N,long,0,low
C024564,9,N,long,0,low
C024565,9,N,long,0,low
C024566,5,N,medium,0,medium
C024567,5,N,medium,0,medium
C024568,5,N,medium,0,medium
C024569,9,N,long,0,low
C024570,6,N,long,0,low
C024571,7,N,long,0,low
C024572,7,N,long,0,low
C024573,7,N,long,0,low
C024574,5,N,medium,0,medium
C024575,5,N,medium,0,medium
C024576,6,N,long,0,low
C024577,9,N,long,0,low
C024578,6,N,long,0,low
C024579,6,Y,long,1,high
C024580,9,N,long,0,low
C024581,9,N,long,0,low
C024582,7,N,long,0,low
C024583,7,N,long,0,low
C024584,9,N,long,0,low
C024585,8,N,long,0,low
C024586,5,N,medium,0,medium
C024587,10,N,long,0,low
C024588,7,N,long,0,low
C024589,8,N,long,0,low
C024590,8,N,long,0,low
C024591,5,Y,medium,1,high
C024592,10,N,long,0,low
C024593,5,Y,medium,1,high
C024594,7,Y,long,1,high
C024595,9,Y,long,1,high
C024596,6,N,long,0,low
C024597,9,Y,long,1,high
C024598,10,N,long,0,low
C024599,6,N,long,0,low
C024600,8,Y,long,1,high
C024601,8,N,long,0,low
C024602,7,N,long,0,low
C024603,5,Y,medium,1,high
C024604,10,N,long,0,low
C024605,5,Y,medium,1,high
C024606,8,N,long,0,low
C024607,6,N,long,0,low
C024608,5,N,medium,0,medium
C024609,5,N,medium,0,medium
C024610,7,N,long,0,low
C024611,5,N,medium,0,medium
C024612,8,N,long,0,low
C024613,9,N,long,0,low
C024614,7,N,long,0,low
C024615,10,Y,long,1,high
C024616,10,N,long,0,low
C024617,10,N,long,0,low
C024618,9,N,long,0,low
C024619,6,N,long,0,low
C024620,8,Y,long,1,high
C024621,7,N,long,0,low
C024622,9,N,long,0,low
C024623,5,N,medium,0,medium
C024624,5,N,medium,0,medium
C024625,7,N,long,0,low
C024626,6,N,long,0,low
C024627,8,N,long,0,low
C024628,7,Y,long,1,high
C024629,10,N,long,0,low
C024630,8,N,long,0,low
C024631,5,N,medium,0,medium
C024632,10,N,long,0,low
C024633,10,Y,long,1,high
C024634,7,Y,long,1,high
C024635,10,N,long,0,low
C024636,9,N,long,0,low
C024637,5,Y,medium,1,high
C024638,5,N,medium,0,medium
C024639,5,Y,medium,1,high
C024640,6,Y,long,1,high
C024641,6,N,long,0,low
C024642,6,Y,long,1,high
C024643,6,N,long,0,low
C024644,7,N,long,0,low
C024645,9,N,long,0,low
C024646,6,N,long,0,low
C024647,9,N,long,0,low
C024648,9,N,long,0,low
C024649,6,N,long,0,low
C024650,9,N,long,0,low
C024651,10,N,long,0,low
C024652,10,N,long,0,low
C024653,7,N,long,0,low
C024654,7,N,long,0,low
C024655,7,N,long,0,low
C024656,10,Y,long,1,high
C024657,8,N,long,0,low
C024658,7,Y,long,1,high
C024659,5,N,medium,0,medium
C024660,8,N,long,0,low
C024661,10,N,long,0,low
C024662,7,N,long,0,low
C024663,5,N,medium,0,medium
C024664,10,N,long,0,low
C024665,5,N,medium,0,medium
C024666,7,N,long,0,low
C024667,10,N,long,0,low
C024668,9,N,long,0,low
C024669,6,N,long,0,low
C024670,8,N,long,0,low
C024671,10,N,long,0,low
C024672,10,N,long,0,low
C024673,8,N,long,0,low
C024674,5,N,medium,0,medium
C024675,8,Y,long,1,high
C024676,5,N,medium,0,medium
C024677,8,N,long,0,low
C024678,7,N,long,0,low
C024679,7,N,long,0,low
C024680,10,Y,long,1,high
C024681,10,Y,long,1,high
C024682,9,Y,long,1,high
C024683,6,N,long,0,low
C024684,6,N,long,0,low
C024685,5,N,medium,0,medium
C024686,5,N,medium,0,medium
C024687,9,N,long,0,low
C024688,10,N,long,0,low
C024689,9,N,long,0,low
C024690,6,N,long,0,low
C024691,9,N,long,0,low
C024692,9,N,long,0,low
C024693,6,N,long,0,low
C024694,6,N,long,0,low
C024695,5,N,medium,0,medium
C024696,8,Y,long,1,high
C024697,10,N,long,0,low
C024698,5,Y,medium,1,high
C024699,9,Y,long,1,high
C024700,7,N,long,0,low
C024701,7,N,long,0,low
C024702,9,N,long,0,low
C024703,7,N,long,0,low
C024704,7,N,long,0,low
C024705,5,N,medium,0,medium
C024706,10,N,long,0,low
C024707,6,N,long,0,low
C024708,5,Y,medium,1,high
C024709,10,N,long,0,low
C024710,8,N,long,0,low
C024711,8,Y,long,1,high
C024712,7,N,long,0,low
C024713,8,N,long,0,low
C024714,8,N,long,0,low
C024715,10,N,long,0,low
C024716,6,N,long,0,low
C024717,6,N,long,0,low
C024718,5,N,medium,0,medium
C024719,7,N,long,0,low
C024720,5,N,medium,0,medium
C024721,9,N,long,0,low
C024722,10,N,long,0,low
C024723,10,N,long,0,low
C024724,10,Y,long,1,high
C024725,9,N,long,0,low
C024726,9,N,long,0,low
C024727,8,N,long,0,low
C024728,9,N,long,0,low
C024729,10,Y,long,1,high
C024730,6,N,long,0,low
C024731,5,N,medium,0,medium
C024732,7,N,long,0,low
C024733,5,N,medium,0,medium
C024734,8,N,long,0,low
C024735,9,Y,long,1,high
C024736,6,Y,long,1,high
C024737,7,N,long,0,low
C024738,10,N,long,0,low
C024739,7,N,long,0,low
C024740,6,Y,long,1,high
C024741,7,Y,long,1,high
C024742,8,Y,long,1,high
C024743,6,N,long,0,low
C024744,5,N,medium,0,medium
C024745,8,Y,long,1,high
C024746,8,N,long,0,low
C024747,7,N,long,0,low
C024748,5,N,medium,0,medium
C024749,10,N,long,0,low
C024750,8,N,long,0,low
C024751,5,N,medium,0,medium
C024752,7,N,long,0,low
C024753,6,Y,long,1,high
C024754,10,N,long,0,low
C024755,9,N,long,0,low
C024756,7,N,long,0,low
C024757,8,N,long,0,low
C024758,7,N,long,0,low
C024759,10,N,long,0,low
C024760,7,N,long,0,low
C024761,7,N,long,0,low
C024762,8,N,long,0,low
C024763,9,Y,long,1,high
C024764,5,N,medium,0,medium
C024765,7,N,long,0,low
C024766,10,N,long,0,low
C024767,10,N,long,0,low
C024768,6,N,long,0,low
C024769,8,N,long,0,low
C024770,6,N,long,0,low
C024771,5,Y,medium,1,high
C024772,7,N,long,0,low
C024773,9,N,long,0,low
C024774,10,N,long,0,low
C024775,9,N,long,0,low
C024776,10,N,long,0,low
C024777,5,N,medium,0,medium
C024778,9,N,long,0,low
C024779,5,N,medium,0,medium
C024780,9,N,long,0,low
C024781,8,N,long,0,low
C024782,6,N,long,0,low
C024783,6,N,long,0,low
C024784,10,N,long,0,low
C024785,5,N,medium,0,medium
C024786,10,N,long,0,low
C024787,8,N,long,0,low
C024788,10,N,long,0,low
C024789,5,Y,medium,1,high
C024790,10,Y,long,1,high
C024791,9,N,long,0,low
C024792,9,Y,long,1,high
C024793,8,N,long,0,low
C024794,10,N,long,0,low
C024795,10,N,long,0,low
C024796,10,N,long,0,low
C024797,7,N,long,0,low
C024798,10,N,long,0,low
C024799,5,N,medium,0,medium
C024800,9,N,long,0,low
C024801,7,N,long,0,low
C024802,7,N,long,0,low
C024803,7,N,long,0,low
C024804,10,Y,long,1,high
C024805,6,N,long,0,low
C024806,10,N,long,0,low
C024807,10,N,long,0,low
C024808,9,N,long,0,low
C024809,9,N,long,0,low
C024810,5,N,medium,0,medium
C024811,7,N,long,0,low
C024812,9,N,long,0,low
C024813,5,N,medium,0,medium
C024814,8,N,long,0,low
C024815,10,N,long,0,low
C024816,8,Y,long,1,high
C024817,5,N,medium,0,medium
C024818,7,N,long,0,low
C024819,7,N,long,0,low
C024820,7,N,long,0,low
C024821,5,N,medium,0,medium
C024822,10,N,long,0,low
C024823,6,Y,long,1,high
C024824,5,N,medium,0,medium
C024825,7,N,long,0,low
C024826,7,N,long,0,low
C024827,9,N,long,0,low
C024828,8,N,long,0,low
C024829,7,N,long,0,low
C024830,10,Y,long,1,high
C024831,10,N,long,0,low
C024832,10,N,long,0,low
C024833,7,N,long,0,low
C024834,10,N,long,0,low
C024835,8,Y,long,1,high
C024836,8,N,long,0,low
C024837,5,N,medium,0,medium
C024838,8,Y,long,1,high
C024839,6,N,long,0,low
C024840,8,N,long,0,low
C024841,7,N,long,0,low
C024842,5,N,medium,0,medium
C024843,8,N,long,0,low
C024844,10,N,long,0,low
C024845,10,N,long,0,low
C024846,6,N,long,0,low
C024847,7,N,long,0,low
C024848,5,N,medium,0,medium
C024849,5,N,medium,0,medium
C024850,7,N,long,0,low
C024851,7,N,long,0,low
C024852,10,N,long,0,low
C024853,9,N,long,0,low
C024854,6,N,long,0,low
C024855,5,N,medium,0,medium
C024856,6,N,long,0,low
C024857,7,N,long,0,low
C024858,8,N,long,0,low
C024859,10,N,long,0,low
C024860,10,N,long,0,low
C024861,5,N,medium,0,medium
C024862,7,Y,long,1,high
C024863,8,N,long,0,low
C024864,7,N,long,0,low
C024865,5,N,medium,0,medium
C024866,9,N,long,0,low
C024867,6,N,long,0,low
C024868,8,N,long,0,low
C024869,7,N,long,0,low
C024870,10,N,long,0,low
C024871,7,N,long,0,low
C024872,10,N,long,0,low
C024873,5,Y,medium,1,high
C024874,9,N,long,0,low
C024875,10,N,long,0,low
C024876,10,N,long,0,low
C024877,5,N,medium,0,medium
C024878,6,N,long,0,low
C024879,10,N,long,0,low
C024880,10,N,long,0,low
C024881,9,N,long,0,low
C024882,5,N,medium,0,medium
C024883,7,N,long,0,low
C024884,5,Y,medium,1,high
C024885,5,Y,medium,1,high
C024886,10,N,long,0,low
C024887,9,Y,long,1,high
C024888,10,N,long,0,low
C024889,7,Y,long,1,high
C024890,10,N,long,0,low
C024891,9,Y,long,1,high
C024892,8,N,long,0,low
C024893,5,N,medium,0,medium
C024894,10,N,long,0,low
C024895,5,N,medium,0,medium
C024896,6,N,long,0,low
C024897,8,N,long,0,low
C024898,7,N,long,0,low
C024899,10,N,long,0,low
C024900,9,N,long,0,low
C024901,5,N,medium,0,medium
C024902,7,Y,long,1,high
C024903,10,N,long,0,low
C024904,9,N,long,0,low
C024905,6,N,long,0,low
C024906,7,N,long,0,low
C024907,5,N,medium,0,medium
C024908,10,N,long,0,low
C024909,7,N,long,0,low
C024910,9,N,long,0,low
C024911,6,N,long,0,low
C024912,8,N,long,0,low
C024913,6,N,long,0,low
C024914,10,N,long,0,low
C024915,9,N,long,0,low
C024916,8,N,long,0,low
C024917,6,Y,long,1,high
C024918,8,N,long,0,low
C024919,10,N,long,0,low
C024920,7,N,long,0,low
C024921,5,N,medium,0,medium
C024922,6,N,long,0,low
C024923,6,N,long,0,low
C024924,7,Y,long,1,high
C024925,5,N,medium,0,medium
C024926,10,Y,long,1,high
C024927,7,N,long,0,low
C024928,10,Y,long,1,high
C024929,10,N,long,0,low
C024930,8,N,long,0,low
C024931,8,N,long,0,low
C024932,7,N,long,0,low
C024933,7,Y,long,1,high
C024934,9,Y,long,1,high
C024935,8,N,long,0,low
C024936,10,Y,long,1,high
C024937,5,N,medium,0,medium
C024938,6,N,long,0,low
C024939,9,N,long,0,low
C024940,6,N,long,0,low
C024941,5,Y,medium,1,high
C024942,5,N,medium,0,medium
C024943,10,N,long,0,low
C024944,8,N,long,0,low
C024945,10,N,long,0,low
C024946,10,N,long,0,low
C024947,9,Y,long,1,high
C024948,9,N,long,0,low
C024949,5,N,medium,0,medium
C024950,8,N,long,0,low
C024951,8,N,long,0,low
C024952,8,N,long,0,low
C024953,5,N,medium,0,medium
C024954,10,N,long,0,low
C024955,6,N,long,0,low
C024956,8,N,long,0,low
C024957,8,N,long,0,low
C024958,9,Y,long,1,high
C024959,5,N,medium,0,medium
C024960,7,N,long,0,low
C024961,5,Y,medium,1,high
C024962,5,N,medium,0,medium
C024963,7,N,long,0,low
C024964,8,N,long,0,low
C024965,8,N,long,0,low
C024966,6,N,long,0,low
C024967,8,N,long,0,low
C024968,10,N,long,0,low
C024969,7,N,long,0,low
C024970,10,N,long,0,low
C024971,8,N,long,0,low
C024972,10,Y,long,1,high
C024973,6,N,long,0,low
C024974,6,N,long,0,low
C024975,9,N,long,0,low
C024976,10,Y,long,1,high
C024977,6,N,long,0,low
C024978,8,N,long,0,low
C024979,9,N,long,0,low
C024980,5,N,medium,0,medium
C024981,6,N,long,0,low
C024982,5,N,medium,0,medium
C024983,7,N,long,0,low
C024984,6,N,long,0,low
C024985,9,N,long,0,low
C024986,6,Y,long,1,high
C024987,8,N,long,0,low
C024988,6,N,long,0,low
C024989,8,Y,long,1,high
C024990,7,N,long,0,low
C024991,9,Y,long,1,high
C024992,6,N,long,0,low
C024993,7,N,long,0,low
C024994,5,Y,medium,1,high
C024995,8,N,long,0,low
C024996,5,N,medium,0,medium
C024997,8,Y,long,1,high
C024998,10,Y,long,1,high
C024999,5,Y,medium,1,high
C025000,5,N,medium,0,medium
C025001,9,N,long,0,low
C025002,9,N,long,0,low
C025003,8,N,long,0,low
C025004,10,N,long,0,low
C025005,10,Y,long,1,high
C025006,5,N,medium,0,medium
C025007,5,N,medium,0,medium
C025008,10,N,long,0,low
C025009,9,N,long,0,low
C025010,8,N,long,0,low
C025011,5,N,medium,0,medium
C025012,6,N,long,0,low
C025013,10,N,long,0,low
C025014,8,N,long,0,low
C025015,7,N,long,0,low
C025016,10,N,long,0,low
C025017,8,N,long,0,low
C025018,10,N,long,0,low
C025019,8,Y,long,1,high
C025020,10,Y,long,1,high
C025021,6,N,long,0,low
C025022,10,Y,long,1,high
C025023,9,N,long,0,low
C025024,8,Y,long,1,high
C025025,9,N,long,0,low
C025026,6,N,long,0,low
C025027,6,Y,long,1,high
C025028,5,N,medium,0,medium
C025029,9,N,long,0,low
C025030,10,N,long,0,low
C025031,10,N,long,0,low
C025032,8,N,long,0,low
C025033,6,N,long,0,low
C025034,10,N,long,0,low
C025035,9,Y,long,1,high
C025036,7,N,long,0,low
C025037,8,N,long,0,low
C025038,5,N,medium,0,medium
C025039,7,N,long,0,low
C025040,6,N,long,0,low
C025041,8,N,long,0,low
C025042,6,N,long,0,low
C025043,6,N,long,0,low
C025044,9,N,long,0,low
C025045,6,N,long,0,low
C025046,10,N,long,0,low
C025047,10,Y,long,1,high
C025048,10,N,long,0,low
C025049,8,N,long,0,low
C025050,9,N,long,0,low
C025051,5,N,medium,0,medium
C025052,7,N,long,0,low
C025053,5,N,medium,0,medium
C025054,9,N,long,0,low
C025055,6,Y,long,1,high
C025056,9,N,long,0,low
C025057,8,N,long,0,low
C025058,5,N,medium,0,medium
C025059,10,N,long,0,low
C025060,9,N,long,0,low
C025061,6,N,long,0,low
C025062,7,N,long,0,low
C025063,8,N,long,0,low
C025064,7,N,long,0,low
C025065,8,N,long,0,low
C025066,6,Y,long,1,high
C025067,9,N,long,0,low
C025068,7,N,long,0,low
C025069,9,N,long,0,low
C025070,9,N,long,0,low
C025071,9,N,long,0,low
C025072,5,N,medium,0,medium
C025073,7,Y,long,1,high
C025074,9,Y,long,1,high
C025075,6,Y,long,1,high
C025076,10,N,long,0,low
C025077,9,N,long,0,low
C025078,9,N,long,0,low
C025079,10,N,long,0,low
C025080,6,N,long,0,low
C025081,9,N,long,0,low
C025082,10,N,long,0,low
C025083,5,N,medium,0,medium
C025084,9,N,long,0,low
C025085,8,N,long,0,low
C025086,8,N,long,0,low
C025087,7,N,long,0,low
C025088,7,N,long,0,low
C025089,5,N,medium,0,medium
C025090,9,N,long,0,low
C025091,5,N,medium,0,medium
C025092,7,N,long,0,low
C025093,5,N,medium,0,medium
C025094,6,N,long,0,low
C025095,6,N,long,0,low
C025096,5,N,medium,0,medium
C025097,9,N,long,0,low
C025098,9,Y,long,1,high
C025099,8,N,long,0,low
C025100,10,N,long,0,low
C025101,6,N,long,0,low
C025102,10,N,long,0,low
C025103,6,N,long,0,low
C025104,8,N,long,0,low
C025105,10,N,long,0,low
C025106,6,N,long,0,low
C025107,6,N,long,0,low
C025108,6,N,long,0,low
C025109,10,N,long,0,low
C025110,9,N,long,0,low
C025111,9,N,long,0,low
C025112,10,N,long,0,low
C025113,7,N,long,0,low
C025114,6,N,long,0,low
C025115,10,N,long,0,low
C025116,10,N,long,0,low
C025117,6,N,long,0,low
C025118,10,N,long,0,low
C025119,9,N,long,0,low
C025120,9,N,long,0,low
C025121,7,Y,long,1,high
C025122,7,N,long,0,low
C025123,7,N,long,0,low
C025124,5,N,medium,0,medium
C025125,8,N,long,0,low
C025126,10,N,long,0,low
C025127,7,N,long,0,low
C025128,6,N,long,0,low
C025129,9,N,long,0,low
C025130,10,Y,long,1,high
C025131,10,N,long,0,low
C025132,10,N,long,0,low
C025133,9,N,long,0,low
C025134,6,N,long,0,low
C025135,7,N,long,0,low
C025136,9,N,long,0,low
C025137,6,N,long,0,low
C025138,9,N,long,0,low
C025139,9,N,long,0,low
C025140,9,N,long,0,low
C025141,7,N,long,0,low
C025142,6,N,long,0,low
C025143,5,N,medium,0,medium
C025144,10,N,long,0,low
C025145,5,N,medium,0,medium
C025146,5,N,medium,0,medium
C025147,8,N,long,0,low
C025148,7,N,long,0,low
C025149,8,N,long,0,low
C025150,7,Y,long,1,high
C025151,8,N,long,0,low
C025152,9,Y,long,1,high
C025153,7,Y,long,1,high
C025154,10,N,long,0,low
C025155,8,N,long,0,low
C025156,5,N,medium,0,medium
C025157,5,N,medium,0,medium
C025158,8,N,long,0,low
C025159,9,N,long,0,low
C025160,7,Y,long,1,high
C025161,7,N,long,0,low
C025162,6,N,long,0,low
C025163,8,N,long,0,low
C025164,8,N,long,0,low
C025165,5,N,medium,0,medium
C025166,7,N,long,0,low
C025167,5,N,medium,0,medium
C025168,10,N,long,0,low
C025169,9,N,long,0,low
C025170,6,N,long,0,low
C025171,8,N,long,0,low
C025172,6,N,long,0,low
C025173,8,Y,long,1,high
C025174,6,N,long,0,low
C025175,5,N,medium,0,medium
C025176,10,N,long,0,low
C025177,8,N,long,0,low
C025178,6,Y,long,1,high
C025179,8,Y,long,1,high
C025180,7,N,long,0,low
C025181,9,Y,long,1,high
C025182,10,N,long,0,low
C025183,7,N,long,0,low
C025184,8,N,long,0,low
C025185,7,N,long,0,low
C025186,10,N,long,0,low
C025187,8,N,long,0,low
C025188,9,N,long,0,low
C025189,7,N,long,0,low
C025190,10,N,long,0,low
C025191,5,N,medium,0,medium
C025192,7,N,long,0,low
C025193,9,N,long,0,low
C025194,6,N,long,0,low
C025195,10,Y,long,1,high
C025196,8,N,long,0,low
C025197,9,N,long,0,low
C025198,10,N,long,0,low
C025199,8,N,long,0,low
C025200,9,N,long,0,low
C025201,7,N,long,0,low
C025202,5,N,medium,0,medium
C025203,6,N,long,0,low
C025204,8,N,long,0,low
C025205,10,N,long,0,low
C025206,9,N,long,0,low
C025207,9,Y,long,1,high
C025208,10,N,long,0,low
C025209,8,N,long,0,low
C025210,10,N,long,0,low
C025211,6,N,long,0,low
C025212,7,N,long,0,low
C025213,5,N,medium,0,medium
C025214,8,N,long,0,low
C025215,10,N,long,0,low
C025216,8,N,long,0,low
C025217,7,Y,long,1,high
C025218,9,N,long,0,low
C025219,9,N,long,0,low
C025220,10,N,long,0,low
C025221,8,N,long,0,low
C025222,7,N,long,0,low
C025223,10,N,long,0,low
C025224,9,N,long,0,low
C025225,9,N,long,0,low
C025226,7,Y,long,1,high
C025227,8,N,long,0,low
C025228,10,N,long,0,low
C025229,7,N,long,0,low
C025230,8,N,long,0,low
C025231,6,N,long,0,low
C025232,10,N,long,0,low
C025233,6,N,long,0,low
C025234,6,N,long,0,low
C025235,5,N,medium,0,medium
C025236,9,Y,long,1,high
C025237,5,N,medium,0,medium
C025238,10,N,long,0,low
C025239,10,Y,long,1,high
C025240,5,N,medium,0,medium
C025241,10,N,long,0,low
C025242,10,N,long,0,low
C025243,5,Y,medium,1,high
C025244,9,N,long,0,low
C025245,7,N,long,0,low
C025246,8,N,long,0,low
C025247,5,N,medium,0,medium
C025248,10,N,long,0,low
C025249,8,N,long,0,low
C025250,7,N,long,0,low
C025251,10,N,long,0,low
C025252,9,N,long,0,low
C025253,7,N,long,0,low
C025254,9,N,long,0,low
C025255,5,N,medium,0,medium
C025256,9,N,long,0,low
C025257,9,Y,long,1,high
C025258,8,Y,long,1,high
C025259,9,N,long,0,low
C025260,8,N,long,0,low
C025261,5,N,medium,0,medium
C025262,8,N,long,0,low
C025263,5,N,medium,0,medium
C025264,7,N,long,0,low
C025265,5,N,medium,0,medium
C025266,6,N,long,0,low
C025267,5,Y,medium,1,high
C025268,5,N,medium,0,medium
C025269,6,Y,long,1,high
C025270,7,N,long,0,low
C025271,7,N,long,0,low
C025272,10,N,long,0,low
C025273,9,Y,long,1,high
C025274,9,N,long,0,low
C025275,6,N,long,0,low
C025276,7,Y,long,1,high
C025277,7,N,long,0,low
C025278,9,N,long,0,low
C025279,6,Y,long,1,high
C025280,9,N,long,0,low
C025281,9,Y,long,1,high
C025282,5,N,medium,0,medium
C025283,7,N,long,0,low
C025284,8,N,long,0,low
C025285,7,Y,long,1,high
C025286,10,N,long,0,low
C025287,9,N,long,0,low
C025288,10,N,long,0,low
C025289,6,Y,long,1,high
C025290,9,Y,long,1,high
C025291,6,N,long,0,low
C025292,7,N,long,0,low
C025293,5,N,medium,0,medium
C025294,5,N,medium,0,medium
C025295,10,N,long,0,low
C025296,6,Y,long,1,high
C025297,6,N,long,0,low
C025298,9,N,long,0,low
C025299,7,N,long,0,low
C025300,10,N,long,0,low
C025301,9,N,long,0,low
C025302,6,N,long,0,low
C025303,8,Y,long,1,high
C025304,8,Y,long,1,high
C025305,6,N,long,0,low
C025306,10,N,long,0,low
C025307,6,N,long,0,low
C025308,6,N,long,0,low
C025309,10,N,long,0,low
C025310,7,Y,long,1,high
C025311,6,N,long,0,low
C025312,5,N,medium,0,medium
C025313,9,N,long,0,low
C025314,5,N,medium,0,medium
C025315,7,N,long,0,low
C025316,10,N,long,0,low
C025317,7,Y,long,1,high
C025318,10,N,long,0,low
C025319,9,N,long,0,low
C025320,10,Y,long,1,high
C025321,9,N,long,0,low
C025322,6,N,long,0,low
C025323,6,N,long,0,low
C025324,6,N,long,0,low
C025325,7,N,long,0,low
C025326,8,Y,long,1,high
C025327,6,N,long,0,low
C025328,5,N,medium,0,medium
C025329,6,Y,long,1,high
C025330,8,N,long,0,low
C025331,8,N,long,0,low
C025332,8,N,long,0,low
C025333,7,N,long,0,low
C025334,8,Y,long,1,high
C025335,6,N,long,0,low
C025336,6,N,long,0,low
C025337,8,N,long,0,low
C025338,6,Y,long,1,high
C025339,6,N,long,0,low
C025340,9,N,long,0,low
C025341,7,N,long,0,low
C025342,10,N,long,0,low
C025343,10,N,long,0,low
C025344,10,N,long,0,low
C025345,6,N,long,0,low
C025346,10,N,long,0,low
C025347,8,N,long,0,low
C025348,8,N,long,0,low
C025349,5,N,medium,0,medium
C025350,6,N,long,0,low
C025351,7,N,long,0,low
C025352,8,N,long,0,low
C025353,10,N,long,0,low
C025354,10,N,long,0,low
C025355,8,N,long,0,low
C025356,5,Y,medium,1,high
C025357,10,N,long,0,low
C025358,5,N,medium,0,medium
C025359,7,N,long,0,low
C025360,9,N,long,0,low
C025361,5,N,medium,0,medium
C025362,9,N,long,0,low
C025363,9,N,long,0,low
C025364,5,N,medium,0,medium
C025365,5,N,medium,0,medium
C025366,9,N,long,0,low
C025367,7,N,long,0,low
C025368,9,N,long,0,low
C025369,8,N,long,0,low
C025370,6,N,long,0,low
C025371,8,N,long,0,low
C025372,9,N,long,0,low
C025373,5,N,medium,0,medium
C025374,10,N,long,0,low
C025375,7,N,long,0,low
C025376,8,N,long,0,low
C025377,8,N,long,0,low
C025378,10,N,long,0,low
C025379,6,N,long,0,low
C025380,7,Y,long,1,high
C025381,6,N,long,0,low
C025382,6,N,long,0,low
C025383,10,N,long,0,low
C025384,5,N,medium,0,medium
C025385,5,Y,medium,1,high
C025386,5,N,medium,0,medium
C025387,8,Y,long,1,high
C025388,7,N,long,0,low
C025389,8,N,long,0,low
C025390,10,N,long,0,low
C025391,10,N,long,0,low
C025392,6,Y,long,1,high
C025393,8,N,long,0,low
C025394,6,N,long,0,low
C025395,5,Y,medium,1,high
C025396,5,N,medium,0,medium
C025397,5,N,medium,0,medium
C025398,9,N,long,0,low
C025399,10,N,long,0,low
C025400,7,N,long,0,low
C025401,8,N,long,0,low
C025402,10,N,long,0,low
C025403,7,N,long,0,low
C025404,10,N,long,0,low
C025405,8,N,long,0,low
C025406,7,Y,long,1,high
C025407,5,N,medium,0,medium
C025408,9,Y,long,1,high
C025409,7,N,long,0,low
C025410,7,N,long,0,low
C025411,5,N,medium,0,medium
C025412,5,N,medium,0,medium
C025413,6,N,long,0,low
C025414,8,N,long,0,low
C025415,10,N,long,0,low
C025416,5,N,medium,0,medium
C025417,9,N,long,0,low
C025418,7,N,long,0,low
C025419,7,Y,long,1,high
C025420,8,N,long,0,low
C025421,6,N,long,0,low
C025422,10,N,long,0,low
C025423,5,N,medium,0,medium
C025424,8,N,long,0,low
C025425,9,N,long,0,low
C025426,8,N,long,0,low
C025427,6,Y,long,1,high
C025428,8,N,long,0,low
C025429,6,N,long,0,low
C025430,7,N,long,0,low
C025431,10,N,long,0,low
C025432,9,N,long,0,low
C025433,6,N,long,0,low
C025434,5,Y,medium,1,high
C025435,6,N,long,0,low
C025436,8,N,long,0,low
C025437,5,N,medium,0,medium
C025438,6,N,long,0,low
C025439,8,N,long,0,low
C025440,5,N,medium,0,medium
C025441,8,N,long,0,low
C025442,10,N,long,0,low
C025443,9,Y,long,1,high
C025444,6,Y,long,1,high
C025445,10,N,long,0,low
C025446,6,Y,long,1,high
C025447,8,N,long,0,low
C025448,9,Y,long,1,high
C025449,5,N,medium,0,medium
C025450,7,N,long,0,low
C025451,7,N,long,0,low
C025452,9,N,long,0,low
C025453,7,N,long,0,low
C025454,5,N,medium,0,medium
C025455,5,N,medium,0,medium
C025456,10,N,long,0,low
C025457,9,N,long,0,low
C025458,6,N,long,0,low
C025459,9,N,long,0,low
C025460,5,Y,medium,1,high
C025461,8,N,long,0,low
C025462,6,N,long,0,low
C025463,8,N,long,0,low
C025464,5,Y,medium,1,high
C025465,10,Y,long,1,high
C025466,7,N,long,0,low
C025467,10,N,long,0,low
C025468,7,N,long,0,low
C025469,6,N,long,0,low
C025470,9,N,long,0,low
C025471,5,Y,medium,1,high
C025472,8,N,long,0,low
C025473,5,N,medium,0,medium
C025474,6,N,long,0,low
C025475,9,Y,long,1,high
C025476,7,Y,long,1,high
C025477,5,N,medium,0,medium
C025478,5,N,medium,0,medium
C025479,5,N,medium,0,medium
C025480,6,N,long,0,low
C025481,10,N,long,0,low
C025482,10,N,long,0,low
C025483,7,N,long,0,low
C025484,10,N,long,0,low
C025485,9,N,long,0,low
C025486,6,N,long,0,low
C025487,7,Y,long,1,high
C025488,7,N,long,0,low
C025489,10,Y,long,1,high
C025490,10,N,long,0,low
C025491,5,N,medium,0,medium
C025492,5,N,medium,0,medium
C025493,7,Y,long,1,high
C025494,10,N,long,0,low
C025495,8,N,long,0,low
C025496,8,Y,long,1,high
C025497,9,N,long,0,low
C025498,6,Y,long,1,high
C025499,9,Y,long,1,high
C025500,10,N,long,0,low
C025501,6,N,long,0,low
C025502,8,N,long,0,low
C025503,10,N,long,0,low
C025504,6,N,long,0,low
C025505,9,Y,long,1,high
C025506,10,Y,long,1,high
C025507,5,N,medium,0,medium
C025508,5,N,medium,0,medium
C025509,8,N,long,0,low
C025510,5,N,medium,0,medium
C025511,9,N,long,0,low
C025512,6,Y,long,1,high
C025513,10,N,long,0,low
C025514,10,N,long,0,low
C025515,8,Y,long,1,high
C025516,5,N,medium,0,medium
C025517,7,N,long,0,low
C025518,10,N,long,0,low
C025519,10,N,long,0,low
C025520,10,N,long,0,low
C025521,8,N,long,0,low
C025522,8,Y,long,1,high
C025523,10,N,long,0,low
C025524,9,N,long,0,low
C025525,10,N,long,0,low
C025526,7,Y,long,1,high
C025527,9,N,long,0,low
C025528,10,N,long,0,low
C025529,10,N,long,0,low
C025530,8,N,long,0,low
C025531,7,N,long,0,low
C025532,6,Y,long,1,high
C025533,9,N,long,0,low
C025534,10,N,long,0,low
C025535,5,N,medium,0,medium
C025536,9,N,long,0,low
C025537,8,N,long,0,low
C025538,6,Y,long,1,high
C025539,6,N,long,0,low
C025540,9,N,long,0,low
C025541,10,N,long,0,low
C025542,9,N,long,0,low
C025543,10,N,long,0,low
C025544,7,N,long,0,low
C025545,8,N,long,0,low
C025546,6,N,long,0,low
C025547,10,N,long,0,low
C025548,7,N,long,0,low
C025549,9,Y,long,1,high
C025550,6,N,long,0,low
C025551,10,N,long,0,low
C025552,6,N,long,0,low
C025553,10,N,long,0,low
C025554,5,Y,medium,1,high
C025555,10,N,long,0,low
C025556,7,N,long,0,low
C025557,10,N,long,0,low
C025558,5,N,medium,0,medium
C025559,8,N,long,0,low
C025560,6,N,long,0,low
C025561,5,N,medium,0,medium
C025562,5,N,medium,0,medium
C025563,6,N,long,0,low
C025564,9,N,long,0,low
C025565,5,N,medium,0,medium
C025566,10,N,long,0,low
C025567,6,N,long,0,low
C025568,10,N,long,0,low
C025569,8,N,long,0,low
C025570,5,Y,medium,1,high
C025571,7,N,long,0,low
C025572,8,N,long,0,low
C025573,7,N,long,0,low
C025574,6,Y,long,1,high
C025575,5,N,medium,0,medium
C025576,6,Y,long,1,high
C025577,8,N,long,0,low
C025578,9,N,long,0,low
C025579,9,N,long,0,low
C025580,6,N,long,0,low
C025581,10,N,long,0,low
C025582,9,N,long,0,low
C025583,6,N,long,0,low
C025584,10,N,long,0,low
C025585,10,N,long,0,low
C025586,8,N,long,0,low
C025587,5,Y,medium,1,high
C025588,5,N,medium,0,medium
C025589,8,N,long,0,low
C025590,9,N,long,0,low
C025591,7,Y,long,1,high
C025592,5,Y,medium,1,high
C025593,10,N,long,0,low
C025594,9,Y,long,1,high
C025595,5,N,medium,0,medium
C025596,9,N,long,0,low
C025597,6,N,long,0,low
C025598,8,Y,long,1,high
C025599,5,N,medium,0,medium
C025600,5,N,medium,0,medium
C025601,5,N,medium,0,medium
C025602,6,N,long,0,low
C025603,6,N,long,0,low
C025604,6,N,long,0,low
C025605,5,N,medium,0,medium
C025606,6,N,long,0,low
C025607,7,N,long,0,low
C025608,8,N,long,0,low
C025609,6,N,long,0,low
C025610,7,N,long,0,low
C025611,8,N,long,0,low
C025612,5,N,medium,0,medium
C025613,6,N,long,0,low
C025614,10,N,long,0,low
C025615,10,N,long,0,low
C025616,10,Y,long,1,high
C025617,7,N,long,0,low
C025618,6,N,long,0,low
C025619,6,N,long,0,low
C025620,8,N,long,0,low
C025621,6,N,long,0,low
C025622,5,N,medium,0,medium
C025623,9,N,long,0,low
C025624,7,N,long,0,low
C025625,10,Y,long,1,high
C025626,7,N,long,0,low
C025627,5,N,medium,0,medium
C025628,10,N,long,0,low
C025629,10,N,long,0,low
C025630,5,N,medium,0,medium
C025631,8,N,long,0,low
C025632,7,N,long,0,low
C025633,6,N,long,0,low
C025634,6,Y,long,1,high
C025635,8,N,long,0,low
C025636,5,N,medium,0,medium
C025637,8,Y,long,1,high
C025638,8,Y,long,1,high
C025639,6,Y,long,1,high
C025640,8,Y,long,1,high
C025641,5,N,medium,0,medium
C025642,5,N,medium,0,medium
C025643,6,N,long,0,low
C025644,9,Y,long,1,high
C025645,10,N,long,0,low
C025646,10,N,long,0,low
C025647,8,N,long,0,low
C025648,10,Y,long,1,high
C025649,9,Y,long,1,high
C025650,10,N,long,0,low
C025651,8,N,long,0,low
C025652,6,N,long,0,low
C025653,6,N,long,0,low
C025654,10,N,long,0,low
C025655,6,N,long,0,low
C025656,7,N,long,0,low
C025657,9,N,long,0,low
C025658,8,N,long,0,low
C025659,9,N,long,0,low
C025660,10,N,long,0,low
C025661,6,N,long,0,low
C025662,6,N,long,0,low
C025663,7,N,long,0,low
C025664,6,N,long,0,low
C025665,6,Y,long,1,high
C025666,10,Y,long,1,high
C025667,5,N,medium,0,medium
C025668,8,N,long,0,low
C025669,9,N,long,0,low
C025670,7,N,long,0,low
C025671,8,Y,long,1,high
C025672,6,N,long,0,low
C025673,10,N,long,0,low
C025674,6,N,long,0,low
C025675,10,N,long,0,low
C025676,8,N,long,0,low
C025677,9,N,long,0,low
C025678,5,Y,medium,1,high
C025679,9,Y,long,1,high
C025680,7,N,long,0,low
C025681,6,N,long,0,low
C025682,9,N,long,0,low
C025683,5,N,medium,0,medium
C025684,6,N,long,0,low
C025685,7,N,long,0,low
C025686,5,N,medium,0,medium
C025687,6,N,long,0,low
C025688,10,N,long,0,low
C025689,5,N,medium,0,medium
C025690,10,Y,long,1,high
C025691,8,N,long,0,low
C025692,8,Y,long,1,high
C025693,9,N,long,0,low
C025694,10,N,long,0,low
C025695,9,N,long,0,low
C025696,10,Y,long,1,high
C025697,7,Y,long,1,high
C025698,6,N,long,0,low
C025699,10,N,long,0,low
C025700,10,N,long,0,low
C025701,10,N,long,0,low
C025702,7,N,long,0,low
C025703,6,N,long,0,low
C025704,8,N,long,0,low
C025705,5,Y,medium,1,high
C025706,9,N,long,0,low
C025707,7,N,long,0,low
C025708,9,N,long,0,low
C025709,9,N,long,0,low
C025710,5,N,medium,0,medium
C025711,9,N,long,0,low
C025712,6,N,long,0,low
C025713,10,N,long,0,low
C025714,6,N,long,0,low
C025715,9,Y,long,1,high
C025716,5,Y,medium,1,high
C025717,9,N,long,0,low
C025718,6,N,long,0,low
C025719,8,N,long,0,low
C025720,10,N,long,0,low
C025721,6,N,long,0,low
C025722,8,Y,long,1,high
C025723,6,N,long,0,low
C025724,9,N,long,0,low
C025725,9,N,long,0,low
C025726,10,N,long,0,low
C025727,7,N,long,0,low
C025728,9,Y,long,1,high
C025729,9,N,long,0,low
C025730,8,N,long,0,low
C025731,5,N,medium,0,medium
C025732,5,N,medium,0,medium
C025733,7,N,long,0,low
C025734,6,N,long,0,low
C025735,6,N,long,0,low
C025736,8,Y,long,1,high
C025737,10,N,long,0,low
C025738,5,N,medium,0,medium
C025739,5,N,medium,0,medium
C025740,5,N,medium,0,medium
C025741,7,Y,long,1,high
C025742,7,N,long,0,low
C025743,9,N,long,0,low
C025744,5,N,medium,0,medium
C025745,9,N,long,0,low
C025746,8,N,long,0,low
C025747,10,N,long,0,low
C025748,8,N,long,0,low
C025749,6,N,long,0,low
C025750,6,N,long,0,low
C025751,7,Y,long,1,high
C025752,5,N,medium,0,medium
C025753,10,N,long,0,low
C025754,6,Y,long,1,high
C025755,7,N,long,0,low
C025756,6,Y,long,1,high
C025757,5,N,medium,0,medium
C025758,5,N,medium,0,medium
C025759,8,Y,long,1,high
C025760,10,N,long,0,low
C025761,6,N,long,0,low
C025762,7,N,long,0,low
C025763,8,N,long,0,low
C025764,10,N,long,0,low
C025765,9,N,long,0,low
C025766,6,N,long,0,low
C025767,9,N,long,0,low
C025768,5,N,medium,0,medium
C025769,6,Y,long,1,high
C025770,10,N,long,0,low
C025771,7,N,long,0,low
C025772,6,N,long,0,low
C025773,6,N,long,0,low
C025774,10,N,long,0,low
C025775,7,N,long,0,low
C025776,9,N,long,0,low
C025777,8,N,long,0,low
C025778,7,Y,long,1,high
C025779,5,N,medium,0,medium
C025780,7,Y,long,1,high
C025781,10,N,long,0,low
C025782,9,N,long,0,low
C025783,7,N,long,0,low
C025784,5,N,medium,0,medium
C025785,7,N,long,0,low
C025786,5,N,medium,0,medium
C025787,9,N,long,0,low
C025788,5,Y,medium,1,high
C025789,8,N,long,0,low
C025790,8,N,long,0,low
C025791,8,N,long,0,low
C025792,10,N,long,0,low
C025793,7,Y,long,1,high
C025794,8,N,long,0,low
C025795,9,N,long,0,low
C025796,10,N,long,0,low
C025797,10,N,long,0,low
C025798,8,N,long,0,low
C025799,10,N,long,0,low
C025800,5,Y,medium,1,high
C025801,7,N,long,0,low
C025802,10,Y,long,1,high
C025803,5,N,medium,0,medium
C025804,5,N,medium,0,medium
C025805,8,N,long,0,low
C025806,6,N,long,0,low
C025807,7,N,long,0,low
C025808,6,N,long,0,low
C025809,7,N,long,0,low
C025810,10,Y,long,1,high
C025811,8,Y,long,1,high
C025812,5,N,medium,0,medium
C025813,5,N,medium,0,medium
C025814,10,Y,long,1,high
C025815,9,N,long,0,low
C025816,8,N,long,0,low
C025817,6,N,long,0,low
C025818,7,N,long,0,low
C025819,8,N,long,0,low
C025820,10,N,long,0,low
C025821,5,N,medium,0,medium
C025822,6,N,long,0,low
C025823,10,N,long,0,low
C025824,8,N,long,0,low
C025825,5,N,medium,0,medium
C025826,5,N,medium,0,medium
C025827,6,N,long,0,low
C025828,7,Y,long,1,high
C025829,9,Y,long,1,high
C025830,6,N,long,0,low
C025831,6,N,long,0,low
C025832,5,N,medium,0,medium
C025833,8,Y,long,1,high
C025834,5,N,medium,0,medium
C025835,8,N,long,0,low
C025836,5,N,medium,0,medium
C025837,5,N,medium,0,medium
C025838,8,N,long,0,low
C025839,7,N,long,0,low
C025840,7,N,long,0,low
C025841,7,N,long,0,low
C025842,5,N,medium,0,medium
C025843,6,Y,long,1,high
C025844,7,Y,long,1,high
C025845,6,N,long,0,low
C025846,6,N,long,0,low
C025847,9,N,long,0,low
C025848,5,Y,medium,1,high
C025849,8,N,long,0,low
C025850,5,N,medium,0,medium
C025851,8,N,long,0,low
C025852,7,N,long,0,low
C025853,7,N,long,0,low
C025854,7,N,long,0,low
C025855,7,N,long,0,low
C025856,6,N,long,0,low
C025857,8,N,long,0,low
C025858,8,N,long,0,low
C025859,9,N,long,0,low
C025860,9,N,long,0,low
C025861,6,Y,long,1,high
C025862,10,N,long,0,low
C025863,6,N,long,0,low
C025864,6,N,long,0,low
C025865,9,N,long,0,low
C025866,10,N,long,0,low
C025867,9,N,long,0,low
C025868,6,Y,long,1,high
C025869,9,N,long,0,low
C025870,7,N,long,0,low
C025871,8,N,long,0,low
C025872,8,N,long,0,low
C025873,5,N,medium,0,medium
C025874,5,N,medium,0,medium
C025875,8,N,long,0,low
C025876,10,N,long,0,low
C025877,7,N,long,0,low
C025878,5,N,medium,0,medium
C025879,6,N,long,0,low
C025880,9,N,long,0,low
C025881,8,N,long,0,low
C025882,9,N,long,0,low
C025883,8,N,long,0,low
C025884,7,Y,long,1,high
C025885,7,Y,long,1,high
C025886,8,N,long,0,low
C025887,8,N,long,0,low
C025888,5,N,medium,0,medium
C025889,8,N,long,0,low
C025890,8,Y,long,1,high
C025891,10,N,long,0,low
C025892,7,N,long,0,low
C025893,10,N,long,0,low
C025894,7,N,long,0,low
C025895,7,N,long,0,low
C025896,8,N,long,0,low
C025897,7,N,long,0,low
C025898,6,N,long,0,low
C025899,5,N,medium,0,medium
C025900,10,N,long,0,low
C025901,8,N,long,0,low
C025902,6,N,long,0,low
C025903,5,N,medium,0,medium
C025904,5,N,medium,0,medium
C025905,7,N,long,0,low
C025906,10,N,long,0,low
C025907,5,N,medium,0,medium
C025908,9,Y,long,1,high
C025909,7,N,long,0,low
C025910,9,N,long,0,low
C025911,9,N,long,0,low
C025912,10,N,long,0,low
C025913,6,Y,long,1,high
C025914,6,N,long,0,low
C025915,7,N,long,0,low
C025916,9,N,long,0,low
C025917,8,N,long,0,low
C025918,9,N,long,0,low
C025919,10,N,long,0,low
C025920,10,N,long,0,low
C025921,8,N,long,0,low
C025922,6,N,long,0,low
C025923,6,N,long,0,low
C025924,8,N,long,0,low
C025925,9,N,long,0,low
C025926,10,Y,long,1,high
C025927,10,Y,long,1,high
C025928,8,Y,long,1,high
C025929,9,N,long,0,low
C025930,7,N,long,0,low
C025931,5,N,medium,0,medium
C025932,10,N,long,0,low
C025933,8,N,long,0,low
C025934,9,N,long,0,low
C025935,7,N,long,0,low
C025936,8,N,long,0,low
C025937,9,N,long,0,low
C025938,10,N,long,0,low
C025939,10,N,long,0,low
C025940,7,N,long,0,low
C025941,10,N,long,0,low
C025942,8,N,long,0,low
C025943,10,N,long,0,low
C025944,10,N,long,0,low
C025945,9,Y,long,1,high
C025946,6,N,long,0,low
C025947,8,N,long,0,low
C025948,7,N,long,0,low
C025949,6,N,long,0,low
C025950,10,Y,long,1,high
C025951,9,N,long,0,low
C025952,7,N,long,0,low
C025953,9,N,long,0,low
C025954,7,N,long,0,low
C025955,6,N,long,0,low
C025956,6,N,long,0,low
C025957,8,Y,long,1,high
C025958,6,N,long,0,low
C025959,9,N,long,0,low
C025960,5,N,medium,0,medium
C025961,7,N,long,0,low
C025962,6,N,long,0,low
C025963,7,N,long,0,low
C025964,7,Y,long,1,high
C025965,5,N,medium,0,medium
C025966,9,N,long,0,low
C025967,7,N,long,0,low
C025968,9,Y,long,1,high
C025969,10,N,long,0,low
C025970,8,N,long,0,low
C025971,5,N,medium,0,medium
C025972,10,N,long,0,low
C025973,7,N,long,0,low
C025974,9,N,long,0,low
C025975,8,Y,long,1,high
C025976,7,Y,long,1,high
C025977,7,N,long,0,low
C025978,9,Y,long,1,high
C025979,5,N,medium,0,medium
C025980,7,N,long,0,low
C025981,7,N,long,0,low
C025982,5,Y,medium,1,high
C025983,7,N,long,0,low
C025984,8,N,long,0,low
C025985,10,N,long,0,low
C025986,6,N,long,0,low
C025987,5,N,medium,0,medium
C025988,9,Y,long,1,high
C025989,6,Y,long,1,high
C025990,7,N,long,0,low
C025991,7,N,long,0,low
C025992,7,N,long,0,low
C025993,7,N,long,0,low
C025994,8,N,long,0,low
C025995,5,N,medium,0,medium
C025996,10,N,long,0,low
C025997,5,N,medium,0,medium
C025998,5,N,medium,0,medium
C025999,9,N,long,0,low
C026000,8,N,long,0,low
C026001,8,Y,long,1,high
C026002,9,N,long,0,low
C026003,5,N,medium,0,medium
C026004,8,N,long,0,low
C026005,7,Y,long,1,high
C026006,5,N,medium,0,medium
C026007,9,N,long,0,low
C026008,6,N,long,0,low
C026009,9,N,long,0,low
C026010,9,N,long,0,low
C026011,5,N,medium,0,medium
C026012,9,N,long,0,low
C026013,10,N,long,0,low
C026014,8,N,long,0,low
C026015,6,N,long,0,low
C026016,10,N,long,0,low
C026017,9,N,long,0,low
C026018,7,N,long,0,low
C026019,9,Y,long,1,high
C026020,5,N,medium,0,medium
C026021,6,N,long,0,low
C026022,8,N,long,0,low
C026023,7,Y,long,1,high
C026024,7,N,long,0,low
C026025,10,Y,long,1,high
C026026,6,N,long,0,low
C026027,6,N,long,0,low
C026028,10,N,long,0,low
C026029,9,N,long,0,low
C026030,8,N,long,0,low
C026031,10,N,long,0,low
C026032,9,N,long,0,low
C026033,9,N,long,0,low
C026034,7,N,long,0,low
C026035,8,N,long,0,low
C026036,9,N,long,0,low
C026037,10,N,long,0,low
C026038,8,N,long,0,low
C026039,9,N,long,0,low
C026040,7,Y,long,1,high
C026041,8,N,long,0,low
C026042,6,N,long,0,low
C026043,10,N,long,0,low
C026044,5,N,medium,0,medium
C026045,10,N,long,0,low
C026046,7,N,long,0,low
C026047,9,N,long,0,low
C026048,10,N,long,0,low
C026049,9,N,long,0,low
C026050,10,N,long,0,low
C026051,7,N,long,0,low
C026052,6,N,long,0,low
C026053,9,N,long,0,low
C026054,8,N,long,0,low
C026055,9,N,long,0,low
C026056,10,N,long,0,low
C026057,7,N,long,0,low
C026058,9,N,long,0,low
C026059,5,N,medium,0,medium
C026060,7,N,long,0,low
C026061,5,N,medium,0,medium
C026062,9,Y,long,1,high
C026063,8,N,long,0,low
C026064,7,N,long,0,low
C026065,10,Y,long,1,high
C026066,6,N,long,0,low
C026067,5,Y,medium,1,high
C026068,7,Y,long,1,high
C026069,9,N,long,0,low
C026070,8,Y,long,1,high
C026071,9,N,long,0,low
C026072,9,Y,long,1,high
C026073,8,N,long,0,low
C026074,9,Y,long,1,high
C026075,9,N,long,0,low
C026076,6,Y,long,1,high
C026077,7,N,long,0,low
C026078,7,N,long,0,low
C026079,7,N,long,0,low
C026080,6,N,long,0,low
C026081,7,Y,long,1,high
C026082,5,N,medium,0,medium
C026083,5,Y,medium,1,high
C026084,6,N,long,0,low
C026085,9,Y,long,1,high
C026086,10,N,long,0,low
C026087,10,N,long,0,low
C026088,6,Y,long,1,high
C026089,10,N,long,0,low
C026090,10,Y,long,1,high
C026091,7,N,long,0,low
C026092,9,N,long,0,low
C026093,6,N,long,0,low
C026094,6,Y,long,1,high
C026095,10,N,long,0,low
C026096,7,N,long,0,low
C026097,6,N,long,0,low
C026098,6,N,long,0,low
C026099,10,N,long,0,low
C026100,6,N,long,0,low
C026101,10,N,long,0,low
C026102,8,N,long,0,low
C026103,5,N,medium,0,medium
C026104,9,N,long,0,low
C026105,7,N,long,0,low
C026106,6,Y,long,1,high
C026107,7,N,long,0,low
C026108,9,N,long,0,low
C026109,10,N,long,0,low
C026110,9,Y,long,1,high
C026111,7,N,long,0,low
C026112,7,N,long,0,low
C026113,9,Y,long,1,high
C026114,8,N,long,0,low
C026115,8,N,long,0,low
C026116,6,N,long,0,low
C026117,5,Y,medium,1,high
C026118,6,N,long,0,low
C026119,10,N,long,0,low
C026120,6,Y,long,1,high
C026121,6,N,long,0,low
C026122,5,N,medium,0,medium
C026123,8,N,long,0,low
C026124,6,N,long,0,low
C026125,10,N,long,0,low
C026126,5,N,medium,0,medium
C026127,5,Y,medium,1,high
C026128,5,N,medium,0,medium
C026129,5,N,medium,0,medium
C026130,8,N,long,0,low
C026131,6,N,long,0,low
C026132,6,N,long,0,low
C026133,6,N,long,0,low
C026134,5,N,medium,0,medium
C026135,8,Y,long,1,high
C026136,8,Y,long,1,high
C026137,5,Y,medium,1,high
C026138,5,N,medium,0,medium
C026139,6,Y,long,1,high
C026140,9,N,long,0,low
C026141,9,N,long,0,low
C026142,7,N,long,0,low
C026143,10,N,long,0,low
C026144,6,N,long,0,low
C026145,8,N,long,0,low
C026146,5,N,medium,0,medium
C026147,8,N,long,0,low
C026148,5,N,medium,0,medium
C026149,5,N,medium,0,medium
C026150,6,N,long,0,low
C026151,10,N,long,0,low
C026152,6,N,long,0,low
C026153,9,Y,long,1,high
C026154,9,N,long,0,low
C026155,8,N,long,0,low
C026156,10,N,long,0,low
C026157,5,N,medium,0,medium
C026158,6,N,long,0,low
C026159,7,N,long,0,low
C026160,7,N,long,0,low
C026161,8,N,long,0,low
C026162,6,Y,long,1,high
C026163,5,Y,medium,1,high
C026164,5,Y,medium,1,high
C026165,10,N,long,0,low
C026166,9,N,long,0,low
C026167,5,Y,medium,1,high
C026168,8,N,long,0,low
C026169,5,N,medium,0,medium
C026170,9,N,long,0,low
C026171,6,N,long,0,low
C026172,9,N,long,0,low
C026173,5,Y,medium,1,high
C026174,6,N,long,0,low
C026175,10,N,long,0,low
C026176,7,N,long,0,low
C026177,8,N,long,0,low
C026178,8,N,long,0,low
C026179,9,N,long,0,low
C026180,10,N,long,0,low
C026181,8,N,long,0,low
C026182,10,N,long,0,low
C026183,9,N,long,0,low
C026184,7,Y,long,1,high
C026185,6,Y,long,1,high
C026186,9,N,long,0,low
C026187,9,N,long,0,low
C026188,7,Y,long,1,high
C026189,10,N,long,0,low
C026190,5,N,medium,0,medium
C026191,7,N,long,0,low
C026192,6,N,long,0,low
C026193,6,N,long,0,low
C026194,5,N,medium,0,medium
C026195,7,N,long,0,low
C026196,5,Y,medium,1,high
C026197,5,N,medium,0,medium
C026198,7,N,long,0,low
C026199,7,N,long,0,low
C026200,5,N,medium,0,medium
C026201,5,N,medium,0,medium
C026202,7,N,long,0,low
C026203,5,N,medium,0,medium
C026204,5,N,medium,0,medium
C026205,10,N,long,0,low
C026206,10,N,long,0,low
C026207,9,N,long,0,low
C026208,6,Y,long,1,high
C026209,5,N,medium,0,medium
C026210,10,N,long,0,low
C026211,7,N,long,0,low
C026212,6,N,long,0,low
C026213,9,N,long,0,low
C026214,10,N,long,0,low
C026215,9,N,long,0,low
C026216,7,Y,long,1,high
C026217,10,N,long,0,low
C026218,5,N,medium,0,medium
C026219,9,N,long,0,low
C026220,5,N,medium,0,medium
C026221,9,Y,long,1,high
C026222,6,N,long,0,low
C026223,7,N,long,0,low
C026224,10,N,long,0,low
C026225,6,N,long,0,low
C026226,6,N,long,0,low
C026227,7,N,long,0,low
C026228,8,N,long,0,low
C026229,7,N,long,0,low
C026230,9,N,long,0,low
C026231,5,N,medium,0,medium
C026232,9,N,long,0,low
C026233,10,N,long,0,low
C026234,8,N,long,0,low
C026235,7,N,long,0,low
C026236,8,N,long,0,low
C026237,5,N,medium,0,medium
C026238,7,N,long,0,low
C026239,8,N,long,0,low
C026240,7,N,long,0,low
C026241,7,N,long,0,low
C026242,7,N,long,0,low
C026243,6,N,long,0,low
C026244,8,N,long,0,low
C026245,8,N,long,0,low
C026246,9,N,long,0,low
C026247,8,N,long,0,low
C026248,7,Y,long,1,high
C026249,7,N,long,0,low
C026250,6,Y,long,1,high
C026251,9,N,long,0,low
C026252,8,N,long,0,low
C026253,10,Y,long,1,high
C026254,10,N,long,0,low
C026255,10,N,long,0,low
C026256,8,N,long,0,low
C026257,5,N,medium,0,medium
C026258,9,N,long,0,low
C026259,8,N,long,0,low
C026260,10,Y,long,1,high
C026261,5,Y,medium,1,high
C026262,6,Y,long,1,high
C026263,8,Y,long,1,high
C026264,8,N,long,0,low
C026265,8,Y,long,1,high
C026266,6,N,long,0,low
C026267,5,N,medium,0,medium
C026268,10,N,long,0,low
C026269,9,N,long,0,low
C026270,6,N,long,0,low
C026271,10,N,long,0,low
C026272,7,N,long,0,low
C026273,8,N,long,0,low
C026274,6,N,long,0,low
C026275,5,N,medium,0,medium
C026276,9,N,long,0,low
C026277,10,N,long,0,low
C026278,8,N,long,0,low
C026279,8,Y,long,1,high
C026280,7,N,long,0,low
C026281,7,N,long,0,low
C026282,8,N,long,0,low
C026283,6,N,long,0,low
C026284,7,N,long,0,low
C026285,7,N,long,0,low
C026286,6,Y,long,1,high
C026287,9,N,long,0,low
C026288,9,N,long,0,low
C026289,7,N,long,0,low
C026290,6,Y,long,1,high
C026291,9,Y,long,1,high
C026292,8,N,long,0,low
C026293,7,N,long,0,low
C026294,6,N,long,0,low
C026295,5,N,medium,0,medium
C026296,10,Y,long,1,high
C026297,6,N,long,0,low
C026298,10,N,long,0,low
C026299,6,N,long,0,low
C026300,10,N,long,0,low
C026301,8,N,long,0,low
C026302,9,N,long,0,low
C026303,7,Y,long,1,high
C026304,5,N,medium,0,medium
C026305,7,N,long,0,low
C026306,8,N,long,0,low
C026307,9,N,long,0,low
C026308,8,N,long,0,low
C026309,8,N,long,0,low
C026310,5,N,medium,0,medium
C026311,9,N,long,0,low
C026312,10,N,long,0,low
C026313,8,N,long,0,low
C026314,10,N,long,0,low
C026315,8,N,long,0,low
C026316,6,Y,long,1,high
C026317,5,N,medium,0,medium
C026318,7,N,long,0,low
C026319,7,N,long,0,low
C026320,6,N,long,0,low
C026321,8,N,long,0,low
C026322,8,N,long,0,low
C026323,6,Y,long,1,high
C026324,9,Y,long,1,high
C026325,5,N,medium,0,medium
C026326,6,Y,long,1,high
C026327,7,N,long,0,low
C026328,9,N,long,0,low
C026329,5,N,medium,0,medium
C026330,7,N,long,0,low
C026331,6,N,long,0,low
C026332,5,N,medium,0,medium
C026333,7,N,long,0,low
C026334,9,N,long,0,low
C026335,6,N,long,0,low
C026336,9,N,long,0,low
C026337,5,N,medium,0,medium
C026338,7,N,long,0,low
C026339,10,N,long,0,low
C026340,8,N,long,0,low
C026341,10,N,long,0,low
C026342,10,N,long,0,low
C026343,6,Y,long,1,high
C026344,8,Y,long,1,high
C026345,9,N,long,0,low
C026346,8,N,long,0,low
C026347,5,N,medium,0,medium
C026348,5,N,medium,0,medium
C026349,6,N,long,0,low
C026350,8,Y,long,1,high
C026351,7,N,long,0,low
C026352,7,N,long,0,low
C026353,6,N,long,0,low
C026354,9,N,long,0,low
C026355,10,N,long,0,low
C026356,10,Y,long,1,high
C026357,5,N,medium,0,medium
C026358,8,N,long,0,low
C026359,6,N,long,0,low
C026360,6,N,long,0,low
C026361,6,N,long,0,low
C026362,6,Y,long,1,high
C026363,8,N,long,0,low
C026364,10,N,long,0,low
C026365,6,N,long,0,low
C026366,6,Y,long,1,high
C026367,5,N,medium,0,medium
C026368,9,Y,long,1,high
C026369,8,N,long,0,low
C026370,10,N,long,0,low
C026371,9,N,long,0,low
C026372,6,N,long,0,low
C026373,9,N,long,0,low
C026374,9,Y,long,1,high
C026375,7,N,long,0,low
C026376,5,N,medium,0,medium
C026377,5,N,medium,0,medium
C026378,5,N,medium,0,medium
C026379,8,N,long,0,low
C026380,10,Y,long,1,high
C026381,10,Y,long,1,high
C026382,5,N,medium,0,medium
C026383,10,N,long,0,low
C026384,10,N,long,0,low
C026385,5,Y,medium,1,high
C026386,7,N,long,0,low
C026387,6,Y,long,1,high
C026388,6,Y,long,1,high
C026389,8,N,long,0,low
C026390,7,N,long,0,low
C026391,5,N,medium,0,medium
C026392,9,N,long,0,low
C026393,9,Y,long,1,high
C026394,5,N,medium,0,medium
C026395,6,N,long,0,low
C026396,6,Y,long,1,high
C026397,10,N,long,0,low
C026398,5,N,medium,0,medium
C026399,8,N,long,0,low
C026400,7,N,long,0,low
C026401,6,N,long,0,low
C026402,8,Y,long,1,high
C026403,5,N,medium,0,medium
C026404,10,N,long,0,low
C026405,10,N,long,0,low
C026406,8,N,long,0,low
C026407,8,N,long,0,low
C026408,6,N,long,0,low
C026409,6,N,long,0,low
C026410,7,N,long,0,low
C026411,8,N,long,0,low
C026412,7,N,long,0,low
C026413,6,N,long,0,low
C026414,5,N,medium,0,medium
C026415,6,N,long,0,low
C026416,5,N,medium,0,medium
C026417,5,N,medium,0,medium
C026418,8,N,long,0,low
C026419,7,N,long,0,low
C026420,6,N,long,0,low
C026421,7,N,long,0,low
C026422,8,N,long,0,low
C026423,10,N,long,0,low
C026424,5,N,medium,0,medium
C026425,9,N,long,0,low
C026426,8,N,long,0,low
C026427,7,N,long,0,low
C026428,9,N,long,0,low
C026429,5,N,medium,0,medium
C026430,9,N,long,0,low
C026431,8,N,long,0,low
C026432,5,N,medium,0,medium
C026433,8,N,long,0,low
C026434,5,N,medium,0,medium
C026435,8,Y,long,1,high
C026436,10,Y,long,1,high
C026437,9,N,long,0,low
C026438,5,N,medium,0,medium
C026439,8,Y,long,1,high
C026440,9,Y,long,1,high
C026441,5,N,medium,0,medium
C026442,10,N,long,0,low
C026443,9,N,long,0,low
C026444,5,N,medium,0,medium
C026445,8,Y,long,1,high
C026446,8,N,long,0,low
C026447,10,N,long,0,low
C026448,9,N,long,0,low
C026449,6,N,long,0,low
C026450,5,N,medium,0,medium
C026451,7,N,long,0,low
C026452,5,N,medium,0,medium
C026453,8,N,long,0,low
C026454,7,N,long,0,low
C026455,9,N,long,0,low
C026456,7,N,long,0,low
C026457,8,Y,long,1,high
C026458,8,N,long,0,low
C026459,6,Y,long,1,high
C026460,10,N,long,0,low
C026461,7,N,long,0,low
C026462,6,N,long,0,low
C026463,6,N,long,0,low
C026464,8,N,long,0,low
C026465,5,N,medium,0,medium
C026466,7,N,long,0,low
C026467,10,N,long,0,low
C026468,8,N,long,0,low
C026469,7,N,long,0,low
C026470,10,N,long,0,low
C026471,8,N,long,0,low
C026472,9,N,long,0,low
C026473,5,N,medium,0,medium
C026474,8,N,long,0,low
C026475,6,N,long,0,low
C026476,8,N,long,0,low
C026477,10,N,long,0,low
C026478,6,N,long,0,low
C026479,7,N,long,0,low
C026480,6,N,long,0,low
C026481,6,N,long,0,low
C026482,9,N,long,0,low
C026483,6,N,long,0,low
C026484,10,N,long,0,low
C026485,8,N,long,0,low
C026486,9,N,long,0,low
C026487,8,N,long,0,low
C026488,8,Y,long,1,high
C026489,7,N,long,0,low
C026490,9,N,long,0,low
C026491,9,N,long,0,low
C026492,8,N,long,0,low
C026493,10,N,long,0,low
C026494,8,N,long,0,low
C026495,6,Y,long,1,high
C026496,7,N,long,0,low
C026497,6,N,long,0,low
C026498,5,N,medium,0,medium
C026499,7,Y,long,1,high
C026500,9,N,long,0,low
C026501,9,N,long,0,low
C026502,6,N,long,0,low
C026503,6,Y,long,1,high
C026504,10,N,long,0,low
C026505,7,Y,long,1,high
C026506,8,N,long,0,low
C026507,8,N,long,0,low
C026508,10,N,long,0,low
C026509,10,N,long,0,low
C026510,9,N,long,0,low
C026511,7,N,long,0,low
C026512,9,N,long,0,low
C026513,7,N,long,0,low
C026514,9,N,long,0,low
C026515,8,Y,long,1,high
C026516,8,N,long,0,low
C026517,5,N,medium,0,medium
C026518,8,N,long,0,low
C026519,6,N,long,0,low
C026520,10,N,long,0,low
C026521,10,N,long,0,low
C026522,9,N,long,0,low
C026523,6,N,long,0,low
C026524,5,N,medium,0,medium
C026525,10,N,long,0,low
C026526,7,N,long,0,low
C026527,8,Y,long,1,high
C026528,7,N,long,0,low
C026529,10,N,long,0,low
C026530,5,N,medium,0,medium
C026531,6,N,long,0,low
C026532,8,N,long,0,low
C026533,7,N,long,0,low
C026534,6,N,long,0,low
C026535,9,N,long,0,low
C026536,5,Y,medium,1,high
C026537,10,N,long,0,low
C026538,7,N,long,0,low
C026539,10,Y,long,1,high
C026540,9,N,long,0,low
C026541,7,N,long,0,low
C026542,9,N,long,0,low
C026543,10,N,long,0,low
C026544,10,N,long,0,low
C026545,10,N,long,0,low
C026546,6,N,long,0,low
C026547,9,N,long,0,low
C026548,7,N,long,0,low
C026549,5,N,medium,0,medium
C026550,9,N,long,0,low
C026551,10,N,long,0,low
C026552,10,Y,long,1,high
C026553,6,N,long,0,low
C026554,5,N,medium,0,medium
C026555,9,N,long,0,low
C026556,6,N,long,0,low
C026557,5,Y,medium,1,high
C026558,9,Y,long,1,high
C026559,5,Y,medium,1,high
C026560,6,N,long,0,low
C026561,6,Y,long,1,high
C026562,10,N,long,0,low
C026563,8,Y,long,1,high
C026564,6,N,long,0,low
C026565,6,N,long,0,low
C026566,8,N,long,0,low
C026567,8,N,long,0,low
C026568,8,N,long,0,low
C026569,8,N,long,0,low
C026570,6,N,long,0,low
C026571,10,N,long,0,low
C026572,9,N,long,0,low
C026573,8,Y,long,1,high
C026574,7,N,long,0,low
C026575,6,N,long,0,low
C026576,7,N,long,0,low
C026577,6,N,long,0,low
C026578,7,N,long,0,low
C026579,9,Y,long,1,high
C026580,9,N,long,0,low
C026581,5,N,medium,0,medium
C026582,7,N,long,0,low
C026583,7,N,long,0,low
C026584,6,Y,long,1,high
C026585,10,N,long,0,low
C026586,9,N,long,0,low
C026587,10,N,long,0,low
C026588,9,N,long,0,low
C026589,7,N,long,0,low
C026590,5,N,medium,0,medium
C026591,7,N,long,0,low
C026592,5,N,medium,0,medium
C026593,9,N,long,0,low
C026594,7,N,long,0,low
C026595,5,N,medium,0,medium
C026596,5,N,medium,0,medium
C026597,6,Y,long,1,high
C026598,10,N,long,0,low
C026599,8,N,long,0,low
C026600,10,Y,long,1,high
C026601,9,N,long,0,low
C026602,10,N,long,0,low
C026603,9,N,long,0,low
C026604,10,N,long,0,low
C026605,8,Y,long,1,high
C026606,7,Y,long,1,high
C026607,5,N,medium,0,medium
C026608,10,N,long,0,low
C026609,10,N,long,0,low
C026610,7,N,long,0,low
C026611,8,N,long,0,low
C026612,5,N,medium,0,medium
C026613,7,N,long,0,low
C026614,9,Y,long,1,high
C026615,10,N,long,0,low
C026616,6,N,long,0,low
C026617,5,N,medium,0,medium
C026618,6,N,long,0,low
C026619,8,N,long,0,low
C026620,6,Y,long,1,high
C026621,5,N,medium,0,medium
C026622,8,N,long,0,low
C026623,9,Y,long,1,high
C026624,10,N,long,0,low
C026625,10,Y,long,1,high
C026626,5,N,medium,0,medium
C026627,9,Y,long,1,high
C026628,10,Y,long,1,high
C026629,7,Y,long,1,high
C026630,7,Y,long,1,high
C026631,6,Y,long,1,high
C026632,5,N,medium,0,medium
C026633,8,N,long,0,low
C026634,5,Y,medium,1,high
C026635,7,N,long,0,low
C026636,7,N,long,0,low
C026637,5,N,medium,0,medium
C026638,7,Y,long,1,high
C026639,8,Y,long,1,high
C026640,9,N,long,0,low
C026641,5,Y,medium,1,high
C026642,9,Y,long,1,high
C026643,6,N,long,0,low
C026644,8,N,long,0,low
C026645,8,N,long,0,low
C026646,8,N,long,0,low
C026647,6,N,long,0,low
C026648,5,N,medium,0,medium
C026649,6,N,long,0,low
C026650,9,N,long,0,low
C026651,9,N,long,0,low
C026652,7,N,long,0,low
C026653,8,N,long,0,low
C026654,5,N,medium,0,medium
C026655,8,N,long,0,low
C026656,9,N,long,0,low
C026657,9,N,long,0,low
C026658,7,Y,long,1,high
C026659,10,N,long,0,low
C026660,7,N,long,0,low
C026661,8,N,long,0,low
C026662,6,N,long,0,low
C026663,10,N,long,0,low
C026664,6,N,long,0,low
C026665,5,N,medium,0,medium
C026666,9,N,long,0,low
C026667,9,Y,long,1,high
C026668,5,N,medium,0,medium
C026669,8,N,long,0,low
C026670,5,N,medium,0,medium
C026671,6,N,long,0,low
C026672,7,N,long,0,low
C026673,9,N,long,0,low
C026674,10,N,long,0,low
C026675,9,N,long,0,low
C026676,8,N,long,0,low
C026677,5,Y,medium,1,high
C026678,8,N,long,0,low
C026679,10,N,long,0,low
C026680,6,N,long,0,low
C026681,7,N,long,0,low
C026682,10,N,long,0,low
C026683,7,N,long,0,low
C026684,8,N,long,0,low
C026685,10,N,long,0,low
C026686,9,N,long,0,low
C026687,7,N,long,0,low
C026688,10,N,long,0,low
C026689,10,N,long,0,low
C026690,8,N,long,0,low
C026691,8,N,long,0,low
C026692,8,N,long,0,low
C026693,6,N,long,0,low
C026694,6,N,long,0,low
C026695,10,N,long,0,low
C026696,6,N,long,0,low
C026697,6,N,long,0,low
C026698,7,N,long,0,low
C026699,7,Y,long,1,high
C026700,9,N,long,0,low
C026701,10,N,long,0,low
C026702,6,N,long,0,low
C026703,6,N,long,0,low
C026704,6,N,long,0,low
C026705,9,N,long,0,low
C026706,10,N,long,0,low
C026707,9,N,long,0,low
C026708,6,Y,long,1,high
C026709,7,N,long,0,low
C026710,10,N,long,0,low
C026711,6,N,long,0,low
C026712,6,N,long,0,low
C026713,9,N,long,0,low
C026714,5,N,medium,0,medium
C026715,10,N,long,0,low
C026716,10,N,long,0,low
C026717,5,N,medium,0,medium
C026718,5,N,medium,0,medium
C026719,9,N,long,0,low
C026720,6,N,long,0,low
C026721,10,N,long,0,low
C026722,7,Y,long,1,high
C026723,10,N,long,0,low
C026724,6,N,long,0,low
C026725,7,N,long,0,low
C026726,10,N,long,0,low
C026727,10,N,long,0,low
C026728,9,Y,long,1,high
C026729,10,N,long,0,low
C026730,7,N,long,0,low
C026731,9,N,long,0,low
C026732,6,N,long,0,low
C026733,5,N,medium,0,medium
C026734,5,Y,medium,1,high
C026735,9,N,long,0,low
C026736,6,Y,long,1,high
C026737,5,N,medium,0,medium
C026738,6,N,long,0,low
C026739,10,N,long,0,low
C026740,6,N,long,0,low
C026741,9,N,long,0,low
C026742,6,N,long,0,low
C026743,6,N,long,0,low
C026744,6,N,long,0,low
C026745,6,Y,long,1,high
C026746,7,N,long,0,low
C026747,10,N,long,0,low
C026748,7,Y,long,1,high
C026749,10,N,long,0,low
C026750,10,N,long,0,low
C026751,6,N,long,0,low
C026752,8,N,long,0,low
C026753,6,N,long,0,low
C026754,10,N,long,0,low
C026755,8,N,long,0,low
C026756,7,Y,long,1,high
C026757,5,N,medium,0,medium
C026758,6,Y,long,1,high
C026759,8,N,long,0,low
C026760,10,N,long,0,low
C026761,10,N,long,0,low
C026762,9,N,long,0,low
C026763,8,N,long,0,low
C026764,10,N,long,0,low
C026765,10,Y,long,1,high
C026766,9,N,long,0,low
C026767,6,N,long,0,low
C026768,8,N,long,0,low
C026769,7,N,long,0,low
C026770,5,N,medium,0,medium
C026771,10,N,long,0,low
C026772,6,N,long,0,low
C026773,10,N,long,0,low
C026774,5,N,medium,0,medium
C026775,6,N,long,0,low
C026776,10,N,long,0,low
C026777,5,N,medium,0,medium
C026778,6,Y,long,1,high
C026779,10,N,long,0,low
C026780,10,Y,long,1,high
C026781,7,N,long,0,low
C026782,5,N,medium,0,medium
C026783,10,N,long,0,low
C026784,8,N,long,0,low
C026785,8,N,long,0,low
C026786,5,N,medium,0,medium
C026787,7,N,long,0,low
C026788,9,Y,long,1,high
C026789,8,N,long,0,low
C026790,8,N,long,0,low
C026791,8,N,long,0,low
C026792,9,N,long,0,low
C026793,5,Y,medium,1,high
C026794,6,N,long,0,low
C026795,8,N,long,0,low
C026796,6,N,long,0,low
C026797,9,N,long,0,low
C026798,7,N,long,0,low
C026799,8,N,long,0,low
C026800,10,N,long,0,low
C026801,5,N,medium,0,medium
C026802,5,N,medium,0,medium
C026803,10,N,long,0,low
C026804,8,N,long,0,low
C026805,5,N,medium,0,medium
C026806,5,N,medium,0,medium
C026807,10,N,long,0,low
C026808,8,N,long,0,low
C026809,10,N,long,0,low
C026810,8,Y,long,1,high
C026811,10,Y,long,1,high
C026812,6,N,long,0,low
C026813,9,N,long,0,low
C026814,9,N,long,0,low
C026815,6,N,long,0,low
C026816,5,N,medium,0,medium
C026817,7,N,long,0,low
C026818,7,N,long,0,low
C026819,5,N,medium,0,medium
C026820,8,N,long,0,low
C026821,6,N,long,0,low
C026822,8,N,long,0,low
C026823,8,N,long,0,low
C026824,7,N,long,0,low
C026825,6,N,long,0,low
C026826,10,N,long,0,low
C026827,6,N,long,0,low
C026828,9,N,long,0,low
C026829,6,N,long,0,low
C026830,5,N,medium,0,medium
C026831,10,N,long,0,low
C026832,5,Y,medium,1,high
C026833,8,N,long,0,low
C026834,9,N,long,0,low
C026835,9,N,long,0,low
C026836,10,N,long,0,low
C026837,7,N,long,0,low
C026838,8,N,long,0,low
C026839,6,N,long,0,low
C026840,5,N,medium,0,medium
C026841,10,N,long,0,low
C026842,9,N,long,0,low
C026843,6,N,long,0,low
C026844,6,N,long,0,low
C026845,7,Y,long,1,high
C026846,10,Y,long,1,high
C026847,5,N,medium,0,medium
C026848,5,Y,medium,1,high
C026849,8,Y,long,1,high
C026850,7,N,long,0,low
C026851,6,N,long,0,low
C026852,9,Y,long,1,high
C026853,7,N,long,0,low
C026854,7,N,long,0,low
C026855,8,N,long,0,low
C026856,5,Y,medium,1,high
C026857,9,N,long,0,low
C026858,9,N,long,0,low
C026859,7,N,long,0,low
C026860,8,N,long,0,low
C026861,10,Y,long,1,high
C026862,10,N,long,0,low
C026863,8,Y,long,1,high
C026864,10,N,long,0,low
C026865,6,N,long,0,low
C026866,5,N,medium,0,medium
C026867,9,N,long,0,low
C026868,6,Y,long,1,high
C026869,7,Y,long,1,high
C026870,8,N,long,0,low
C026871,6,N,long,0,low
C026872,9,N,long,0,low
C026873,9,N,long,0,low
C026874,8,N,long,0,low
C026875,7,N,long,0,low
C026876,10,N,long,0,low
C026877,6,Y,long,1,high
C026878,7,N,long,0,low
C026879,6,N,long,0,low
C026880,10,N,long,0,low
C026881,9,N,long,0,low
C026882,10,N,long,0,low
C026883,5,Y,medium,1,high
C026884,7,N,long,0,low
C026885,9,N,long,0,low
C026886,10,N,long,0,low
C026887,8,N,long,0,low
C026888,5,N,medium,0,medium
C026889,8,N,long,0,low
C026890,7,Y,long,1,high
C026891,7,N,long,0,low
C026892,8,N,long,0,low
C026893,6,N,long,0,low
C026894,5,N,medium,0,medium
C026895,8,N,long,0,low
C026896,9,Y,long,1,high
C026897,7,N,long,0,low
C026898,9,N,long,0,low
C026899,6,N,long,0,low
C026900,5,N,medium,0,medium
C026901,6,Y,long,1,high
C026902,9,N,long,0,low
C026903,7,N,long,0,low
C026904,10,N,long,0,low
C026905,9,N,long,0,low
C026906,6,N,long,0,low
C026907,9,Y,long,1,high
C026908,7,N,long,0,low
C026909,6,Y,long,1,high
C026910,8,N,long,0,low
C026911,9,N,long,0,low
C026912,7,N,long,0,low
C026913,7,N,long,0,low
C026914,8,N,long,0,low
C026915,7,N,long,0,low
C026916,8,Y,long,1,high
C026917,5,N,medium,0,medium
C026918,7,N,long,0,low
C026919,5,N,medium,0,medium
C026920,10,N,long,0,low
C026921,7,N,long,0,low
C026922,10,Y,long,1,high
C026923,10,Y,long,1,high
C026924,5,N,medium,0,medium
C026925,10,N,long,0,low
C026926,7,N,long,0,low
C026927,6,N,long,0,low
C026928,5,N,medium,0,medium
C026929,9,N,long,0,low
C026930,8,N,long,0,low
C026931,8,N,long,0,low
C026932,9,N,long,0,low
C026933,7,N,long,0,low
C026934,8,N,long,0,low
C026935,5,N,medium,0,medium
C026936,9,N,long,0,low
C026937,7,Y,long,1,high
C026938,8,Y,long,1,high
C026939,8,N,long,0,low
C026940,9,N,long,0,low
C026941,9,N,long,0,low
C026942,8,N,long,0,low
C026943,6,Y,long,1,high
C026944,7,N,long,0,low
C026945,9,N,long,0,low
C026946,5,N,medium,0,medium
C026947,7,N,long,0,low
C026948,6,N,long,0,low
C026949,10,N,long,0,low
C026950,6,N,long,0,low
C026951,5,N,medium,0,medium
C026952,8,N,long,0,low
C026953,9,N,long,0,low
C026954,9,N,long,0,low
C026955,10,N,long,0,low
C026956,6,N,long,0,low
C026957,9,Y,long,1,high
C026958,6,N,long,0,low
C026959,6,N,long,0,low
C026960,6,N,long,0,low
C026961,9,N,long,0,low
C026962,6,N,long,0,low
C026963,10,N,long,0,low
C026964,9,N,long,0,low
C026965,7,N,long,0,low
C026966,9,N,long,0,low
C026967,8,N,long,0,low
C026968,10,N,long,0,low
C026969,7,N,long,0,low
C026970,5,N,medium,0,medium
C026971,10,N,long,0,low
C026972,8,N,long,0,low
C026973,8,Y,long,1,high
C026974,9,N,long,0,low
C026975,6,N,long,0,low
C026976,8,N,long,0,low
C026977,9,N,long,0,low
C026978,6,N,long,0,low
C026979,7,N,long,0,low
C026980,6,N,long,0,low
C026981,10,N,long,0,low
C026982,9,N,long,0,low
C026983,9,Y,long,1,high
C026984,7,N,long,0,low
C026985,5,N,medium,0,medium
C026986,5,N,medium,0,medium
C026987,7,N,long,0,low
C026988,5,N,medium,0,medium
C026989,7,N,long,0,low
C026990,10,N,long,0,low
C026991,8,Y,long,1,high
C026992,8,N,long,0,low
C026993,10,N,long,0,low
C026994,8,N,long,0,low
C026995,9,N,long,0,low
C026996,9,N,long,0,low
C026997,5,N,medium,0,medium
C026998,6,N,long,0,low
C026999,5,Y,medium,1,high
C027000,10,N,long,0,low
C027001,6,N,long,0,low
C027002,9,N,long,0,low
C027003,9,N,long,0,low
C027004,5,Y,medium,1,high
C027005,6,N,long,0,low
C027006,9,N,long,0,low
C027007,9,N,long,0,low
C027008,9,N,long,0,low
C027009,6,N,long,0,low
C027010,6,Y,long,1,high
C027011,9,N,long,0,low
C027012,6,N,long,0,low
C027013,8,N,long,0,low
C027014,8,N,long,0,low
C027015,5,N,medium,0,medium
C027016,6,Y,long,1,high
C027017,8,N,long,0,low
C027018,10,N,long,0,low
C027019,10,N,long,0,low
C027020,7,Y,long,1,high
C027021,6,N,long,0,low
C027022,10,N,long,0,low
C027023,9,N,long,0,low
C027024,6,N,long,0,low
C027025,7,N,long,0,low
C027026,5,N,medium,0,medium
C027027,5,N,medium,0,medium
C027028,6,N,long,0,low
C027029,5,N,medium,0,medium
C027030,8,N,long,0,low
C027031,9,N,long,0,low
C027032,9,N,long,0,low
C027033,6,N,long,0,low
C027034,6,N,long,0,low
C027035,7,N,long,0,low
C027036,5,N,medium,0,medium
C027037,10,N,long,0,low
C027038,7,N,long,0,low
C027039,9,N,long,0,low
C027040,6,N,long,0,low
C027041,9,Y,long,1,high
C027042,9,N,long,0,low
C027043,5,N,medium,0,medium
C027044,8,N,long,0,low
C027045,6,N,long,0,low
C027046,9,N,long,0,low
C027047,10,N,long,0,low
C027048,10,N,long,0,low
C027049,5,Y,medium,1,high
C027050,8,N,long,0,low
C027051,8,N,long,0,low
C027052,5,N,medium,0,medium
C027053,6,Y,long,1,high
C027054,6,N,long,0,low
C027055,9,Y,long,1,high
C027056,5,N,medium,0,medium
C027057,6,Y,long,1,high
C027058,10,N,long,0,low
C027059,6,N,long,0,low
C027060,7,Y,long,1,high
C027061,10,N,long,0,low
C027062,8,N,long,0,low
C027063,6,N,long,0,low
C027064,6,N,long,0,low
C027065,8,Y,long,1,high
C027066,8,Y,long,1,high
C027067,6,Y,long,1,high
C027068,6,N,long,0,low
C027069,5,N,medium,0,medium
C027070,7,N,long,0,low
C027071,10,N,long,0,low
C027072,9,N,long,0,low
C027073,10,N,long,0,low
C027074,5,N,medium,0,medium
C027075,9,Y,long,1,high
C027076,8,N,long,0,low
C027077,5,N,medium,0,medium
C027078,7,Y,long,1,high
C027079,8,N,long,0,low
C027080,6,N,long,0,low
C027081,6,N,long,0,low
C027082,9,Y,long,1,high
C027083,7,N,long,0,low
C027084,7,Y,long,1,high
C027085,8,N,long,0,low
C027086,5,Y,medium,1,high
C027087,9,N,long,0,low
C027088,8,N,long,0,low
C027089,6,N,long,0,low
C027090,9,Y,long,1,high
C027091,5,N,medium,0,medium
C027092,7,N,long,0,low
C027093,6,N,long,0,low
C027094,8,Y,long,1,high
C027095,6,N,long,0,low
C027096,7,N,long,0,low
C027097,10,Y,long,1,high
C027098,5,Y,medium,1,high
C027099,6,N,long,0,low
C027100,9,N,long,0,low
C027101,9,Y,long,1,high
C027102,6,N,long,0,low
C027103,9,N,long,0,low
C027104,9,N,long,0,low
C027105,10,N,long,0,low
C027106,6,N,long,0,low
C027107,5,N,medium,0,medium
C027108,7,Y,long,1,high
C027109,9,Y,long,1,high
C027110,7,N,long,0,low
C027111,5,N,medium,0,medium
C027112,5,N,medium,0,medium
C027113,9,Y,long,1,high
C027114,8,N,long,0,low
C027115,8,N,long,0,low
C027116,6,N,long,0,low
C027117,7,N,long,0,low
C027118,6,N,long,0,low
C027119,10,N,long,0,low
C027120,6,N,long,0,low
C027121,7,N,long,0,low
C027122,5,N,medium,0,medium
C027123,7,N,long,0,low
C027124,7,N,long,0,low
C027125,6,Y,long,1,high
C027126,10,N,long,0,low
C027127,5,N,medium,0,medium
C027128,9,N,long,0,low
C027129,6,N,long,0,low
C027130,9,N,long,0,low
C027131,5,Y,medium,1,high
C027132,5,N,medium,0,medium
C027133,6,N,long,0,low
C027134,7,N,long,0,low
C027135,10,N,long,0,low
C027136,7,N,long,0,low
C027137,5,N,medium,0,medium
C027138,9,N,long,0,low
C027139,9,N,long,0,low
C027140,8,Y,long,1,high
C027141,10,N,long,0,low
C027142,7,N,long,0,low
C027143,7,N,long,0,low
C027144,10,N,long,0,low
C027145,5,N,medium,0,medium
C027146,7,N,long,0,low
C027147,10,N,long,0,low
C027148,5,N,medium,0,medium
C027149,7,N,long,0,low
C027150,7,N,long,0,low
C027151,9,N,long,0,low
C027152,6,Y,long,1,high
C027153,8,Y,long,1,high
C027154,8,N,long,0,low
C027155,5,Y,medium,1,high
C027156,6,N,long,0,low
C027157,10,N,long,0,low
C027158,10,N,long,0,low
C027159,9,Y,long,1,high
C027160,8,N,long,0,low
C027161,5,N,medium,0,medium
C027162,7,N,long,0,low
C027163,7,N,long,0,low
C027164,9,Y,long,1,high
C027165,9,N,long,0,low
C027166,6,N,long,0,low
C027167,8,N,long,0,low
C027168,10,N,long,0,low
C027169,10,N,long,0,low
C027170,5,N,medium,0,medium
C027171,5,Y,medium,1,high
C027172,10,N,long,0,low
C027173,8,N,long,0,low
C027174,5,N,medium,0,medium
C027175,8,N,long,0,low
C027176,6,N,long,0,low
C027177,9,N,long,0,low
C027178,7,N,long,0,low
C027179,7,N,long,0,low
C027180,5,Y,medium,1,high
C027181,10,N,long,0,low
C027182,10,N,long,0,low
C027183,8,N,long,0,low
C027184,7,N,long,0,low
C027185,7,Y,long,1,high
C027186,10,N,long,0,low
C027187,9,Y,long,1,high
C027188,9,N,long,0,low
C027189,5,Y,medium,1,high
C027190,10,N,long,0,low
C027191,7,Y,long,1,high
C027192,6,N,long,0,low
C027193,5,Y,medium,1,high
C027194,9,N,long,0,low
C027195,8,Y,long,1,high
C027196,8,N,long,0,low
C027197,5,N,medium,0,medium
C027198,5,N,medium,0,medium
C027199,10,N,long,0,low
C027200,6,N,long,0,low
C027201,10,N,long,0,low
C027202,5,N,medium,0,medium
C027203,6,N,long,0,low
C027204,7,N,long,0,low
C027205,10,N,long,0,low
C027206,5,N,medium,0,medium
C027207,5,N,medium,0,medium
C027208,8,N,long,0,low
C027209,7,N,long,0,low
C027210,7,N,long,0,low
C027211,7,N,long,0,low
C027212,6,N,long,0,low
C027213,5,Y,medium,1,high
C027214,9,N,long,0,low
C027215,9,N,long,0,low
C027216,8,N,long,0,low
C027217,7,N,long,0,low
C027218,7,N,long,0,low
C027219,10,Y,long,1,high
C027220,8,N,long,0,low
C027221,7,Y,long,1,high
C027222,8,Y,long,1,high
C027223,8,N,long,0,low
C027224,6,N,long,0,low
C027225,6,N,long,0,low
C027226,8,N,long,0,low
C027227,8,N,long,0,low
C027228,7,N,long,0,low
C027229,7,N,long,0,low
C027230,5,N,medium,0,medium
C027231,7,N,long,0,low
C027232,6,N,long,0,low
C027233,10,N,long,0,low
C027234,7,Y,long,1,high
C027235,8,N,long,0,low
C027236,6,N,long,0,low
C027237,8,Y,long,1,high
C027238,7,N,long,0,low
C027239,6,Y,long,1,high
C027240,8,N,long,0,low
C027241,9,N,long,0,low
C027242,8,N,long,0,low
C027243,8,N,long,0,low
C027244,9,N,long,0,low
C027245,6,N,long,0,low
C027246,6,N,long,0,low
C027247,9,N,long,0,low
C027248,10,N,long,0,low
C027249,7,N,long,0,low
C027250,5,N,medium,0,medium
C027251,9,N,long,0,low
C027252,6,N,long,0,low
C027253,8,N,long,0,low
C027254,7,N,long,0,low
C027255,9,N,long,0,low
C027256,5,N,medium,0,medium
C027257,10,N,long,0,low
C027258,8,N,long,0,low
C027259,10,N,long,0,low
C027260,7,Y,long,1,high
C027261,6,Y,long,1,high
C027262,7,N,long,0,low
C027263,7,N,long,0,low
C027264,8,N,long,0,low
C027265,10,N,long,0,low
C027266,7,N,long,0,low
C027267,7,Y,long,1,high
C027268,10,N,long,0,low
C027269,5,N,medium,0,medium
C027270,7,Y,long,1,high
C027271,8,Y,long,1,high
C027272,6,N,long,0,low
C027273,5,Y,medium,1,high
C027274,6,Y,long,1,high
C027275,7,N,long,0,low
C027276,5,N,medium,0,medium
C027277,9,N,long,0,low
C027278,7,N,long,0,low
C027279,7,Y,long,1,high
C027280,10,N,long,0,low
C027281,5,N,medium,0,medium
C027282,7,N,long,0,low
C027283,10,Y,long,1,high
C027284,6,N,long,0,low
C027285,5,Y,medium,1,high
C027286,7,N,long,0,low
C027287,6,N,long,0,low
C027288,8,Y,long,1,high
C027289,10,N,long,0,low
C027290,7,N,long,0,low
C027291,8,N,long,0,low
C027292,9,Y,long,1,high
C027293,6,Y,long,1,high
C027294,10,Y,long,1,high
C027295,10,N,long,0,low
C027296,9,N,long,0,low
C027297,8,N,long,0,low
C027298,8,N,long,0,low
C027299,9,N,long,0,low
C027300,10,N,long,0,low
C027301,7,N,long,0,low
C027302,9,N,long,0,low
C027303,5,N,medium,0,medium
C027304,8,Y,long,1,high
C027305,9,N,long,0,low
C027306,6,N,long,0,low
C027307,5,Y,medium,1,high
C027308,7,N,long,0,low
C027309,9,Y,long,1,high
C027310,5,N,medium,0,medium
C027311,8,Y,long,1,high
C027312,7,N,long,0,low
C027313,8,N,long,0,low
C027314,6,N,long,0,low
C027315,9,N,long,0,low
C027316,10,N,long,0,low
C027317,7,N,long,0,low
C027318,5,N,medium,0,medium
C027319,5,N,medium,0,medium
C027320,8,N,long,0,low
C027321,10,Y,long,1,high
C027322,6,N,long,0,low
C027323,9,N,long,0,low
C027324,5,N,medium,0,medium
C027325,5,N,medium,0,medium
C027326,10,N,long,0,low
C027327,7,N,long,0,low
C027328,5,N,medium,0,medium
C027329,6,Y,long,1,high
C027330,7,N,long,0,low
C027331,9,N,long,0,low
C027332,6,Y,long,1,high
C027333,8,N,long,0,low
C027334,8,Y,long,1,high
C027335,5,Y,medium,1,high
C027336,5,N,medium,0,medium
C027337,8,N,long,0,low
C027338,10,N,long,0,low
C027339,7,N,long,0,low
C027340,6,Y,long,1,high
C027341,9,N,long,0,low
C027342,9,N,long,0,low
C027343,9,N,long,0,low
C027344,7,N,long,0,low
C027345,9,N,long,0,low
C027346,9,N,long,0,low
C027347,6,N,long,0,low
C027348,10,N,long,0,low
C027349,8,N,long,0,low
C027350,8,Y,long,1,high
C027351,6,N,long,0,low
C027352,8,N,long,0,low
C027353,10,N,long,0,low
C027354,7,N,long,0,low
C027355,8,N,long,0,low
C027356,6,N,long,0,low
C027357,8,N,long,0,low
C027358,6,N,long,0,low
C027359,6,N,long,0,low
C027360,7,N,long,0,low
C027361,9,Y,long,1,high
C027362,9,N,long,0,low
C027363,10,N,long,0,low
C027364,10,N,long,0,low
C027365,5,N,medium,0,medium
C027366,8,N,long,0,low
C027367,8,N,long,0,low
C027368,9,N,long,0,low
C027369,8,Y,long,1,high
C027370,7,N,long,0,low
C027371,8,N,long,0,low
C027372,5,Y,medium,1,high
C027373,7,Y,long,1,high
C027374,6,N,long,0,low
C027375,6,N,long,0,low
C027376,7,Y,long,1,high
C027377,9,Y,long,1,high
C027378,6,N,long,0,low
C027379,6,Y,long,1,high
C027380,7,N,long,0,low
C027381,8,Y,long,1,high
C027382,6,N,long,0,low
C027383,10,N,long,0,low
C027384,8,N,long,0,low
C027385,10,N,long,0,low
C027386,9,Y,long,1,high
C027387,7,N,long,0,low
C027388,6,N,long,0,low
C027389,6,N,long,0,low
C027390,9,N,long,0,low
C027391,7,N,long,0,low
C027392,7,N,long,0,low
C027393,9,N,long,0,low
C027394,5,N,medium,0,medium
C027395,10,Y,long,1,high
C027396,7,N,long,0,low
C027397,9,N,long,0,low
C027398,6,N,long,0,low
C027399,6,N,long,0,low
C027400,5,N,medium,0,medium
C027401,9,N,long,0,low
C027402,8,Y,long,1,high
C027403,8,N,long,0,low
C027404,7,N,long,0,low
C027405,9,Y,long,1,high
C027406,6,N,long,0,low
C027407,6,N,long,0,low
C027408,5,N,medium,0,medium
C027409,5,N,medium,0,medium
C027410,6,N,long,0,low
C027411,7,N,long,0,low
C027412,7,N,long,0,low
C027413,6,N,long,0,low
C027414,10,Y,long,1,high
C027415,6,N,long,0,low
C027416,6,N,long,0,low
C027417,7,Y,long,1,high
C027418,9,N,long,0,low
C027419,6,N,long,0,low
C027420,7,N,long,0,low
C027421,9,N,long,0,low
C027422,6,N,long,0,low
C027423,6,N,long,0,low
C027424,6,N,long,0,low
C027425,6,N,long,0,low
C027426,8,Y,long,1,high
C027427,9,N,long,0,low
C027428,5,N,medium,0,medium
C027429,5,N,medium,0,medium
C027430,9,N,long,0,low
C027431,8,N,long,0,low
C027432,7,Y,long,1,high
C027433,9,N,long,0,low
C027434,5,N,medium,0,medium
C027435,6,N,long,0,low
C027436,8,N,long,0,low
C027437,6,N,long,0,low
C027438,8,N,long,0,low
C027439,10,N,long,0,low
C027440,10,N,long,0,low
C027441,10,N,long,0,low
C027442,5,N,medium,0,medium
C027443,5,N,medium,0,medium
C027444,8,N,long,0,low
C027445,6,N,long,0,low
C027446,6,N,long,0,low
C027447,10,Y,long,1,high
C027448,5,N,medium,0,medium
C027449,6,N,long,0,low
C027450,8,N,long,0,low
C027451,10,N,long,0,low
C027452,9,N,long,0,low
C027453,9,N,long,0,low
C027454,7,N,long,0,low
C027455,9,N,long,0,low
C027456,6,N,long,0,low
C027457,9,N,long,0,low
C027458,6,N,long,0,low
C027459,5,N,medium,0,medium
C027460,5,N,medium,0,medium
C027461,8,N,long,0,low
C027462,10,N,long,0,low
C027463,5,N,medium,0,medium
C027464,10,N,long,0,low
C027465,5,N,medium,0,medium
C027466,10,N,long,0,low
C027467,7,N,long,0,low
C027468,6,N,long,0,low
C027469,8,N,long,0,low
C027470,10,N,long,0,low
C027471,5,N,medium,0,medium
C027472,10,N,long,0,low
C027473,9,N,long,0,low
C027474,8,N,long,0,low
C027475,7,N,long,0,low
C027476,7,Y,long,1,high
C027477,9,N,long,0,low
C027478,8,N,long,0,low
C027479,8,N,long,0,low
C027480,7,N,long,0,low
C027481,7,N,long,0,low
C027482,9,N,long,0,low
C027483,7,N,long,0,low
C027484,9,N,long,0,low
C027485,6,N,long,0,low
C027486,9,N,long,0,low
C027487,6,N,long,0,low
C027488,7,N,long,0,low
C027489,8,N,long,0,low
C027490,6,Y,long,1,high
C027491,6,N,long,0,low
C027492,10,N,long,0,low
C027493,7,N,long,0,low
C027494,9,N,long,0,low
C027495,9,N,long,0,low
C027496,10,N,long,0,low
C027497,8,N,long,0,low
C027498,10,Y,long,1,high
C027499,5,N,medium,0,medium
C027500,5,N,medium,0,medium
C027501,8,N,long,0,low
C027502,6,N,long,0,low
C027503,7,N,long,0,low
C027504,6,N,long,0,low
C027505,7,N,long,0,low
C027506,8,Y,long,1,high
C027507,9,Y,long,1,high
C027508,8,N,long,0,low
C027509,7,N,long,0,low
C027510,5,N,medium,0,medium
C027511,6,N,long,0,low
C027512,8,N,long,0,low
C027513,5,Y,medium,1,high
C027514,8,N,long,0,low
C027515,9,N,long,0,low
C027516,5,N,medium,0,medium
C027517,8,N,long,0,low
C027518,9,N,long,0,low
C027519,7,N,long,0,low
C027520,8,N,long,0,low
C027521,8,N,long,0,low
C027522,5,N,medium,0,medium
C027523,8,N,long,0,low
C027524,5,Y,medium,1,high
C027525,6,N,long,0,low
C027526,10,N,long,0,low
C027527,5,N,medium,0,medium
C027528,6,N,long,0,low
C027529,9,N,long,0,low
C027530,8,N,long,0,low
C027531,5,Y,medium,1,high
C027532,7,N,long,0,low
C027533,8,N,long,0,low
C027534,5,N,medium,0,medium
C027535,5,N,medium,0,medium
C027536,5,Y,medium,1,high
C027537,5,Y,medium,1,high
C027538,7,N,long,0,low
C027539,10,Y,long,1,high
C027540,10,N,long,0,low
C027541,9,N,long,0,low
C027542,7,N,long,0,low
C027543,10,N,long,0,low
C027544,7,N,long,0,low
C027545,10,N,long,0,low
C027546,10,N,long,0,low
C027547,7,Y,long,1,high
C027548,5,N,medium,0,medium
C027549,5,N,medium,0,medium
C027550,7,Y,long,1,high
C027551,9,N,long,0,low
C027552,6,Y,long,1,high
C027553,5,N,medium,0,medium
C027554,9,Y,long,1,high
C027555,5,N,medium,0,medium
C027556,8,N,long,0,low
C027557,10,N,long,0,low
C027558,8,Y,long,1,high
C027559,5,N,medium,0,medium
C027560,6,N,long,0,low
C027561,9,N,long,0,low
C027562,5,N,medium,0,medium
C027563,9,N,long,0,low
C027564,7,N,long,0,low
C027565,10,N,long,0,low
C027566,5,Y,medium,1,high
C027567,7,N,long,0,low
C027568,6,N,long,0,low
C027569,5,Y,medium,1,high
C027570,9,N,long,0,low
C027571,7,N,long,0,low
C027572,7,N,long,0,low
C027573,7,N,long,0,low
C027574,9,N,long,0,low
C027575,9,N,long,0,low
C027576,8,N,long,0,low
C027577,9,N,long,0,low
C027578,5,N,medium,0,medium
C027579,10,Y,long,1,high
C027580,5,Y,medium,1,high
C027581,6,Y,long,1,high
C027582,9,N,long,0,low
C027583,8,N,long,0,low
C027584,9,N,long,0,low
C027585,8,N,long,0,low
C027586,5,N,medium,0,medium
C027587,9,N,long,0,low
C027588,9,N,long,0,low
C027589,6,Y,long,1,high
C027590,6,N,long,0,low
C027591,5,N,medium,0,medium
C027592,7,N,long,0,low
C027593,6,N,long,0,low
C027594,9,Y,long,1,high
C027595,9,N,long,0,low
C027596,5,N,medium,0,medium
C027597,7,N,long,0,low
C027598,10,Y,long,1,high
C027599,6,N,long,0,low
C027600,6,N,long,0,low
C027601,6,Y,long,1,high
C027602,5,N,medium,0,medium
C027603,6,Y,long,1,high
C027604,6,N,long,0,low
C027605,9,N,long,0,low
C027606,7,Y,long,1,high
C027607,9,N,long,0,low
C027608,9,N,long,0,low
C027609,10,N,long,0,low
C027610,5,N,medium,0,medium
C027611,8,Y,long,1,high
C027612,7,N,long,0,low
C027613,7,N,long,0,low
C027614,8,Y,long,1,high
C027615,8,N,long,0,low
C027616,9,N,long,0,low
C027617,10,N,long,0,low
C027618,9,N,long,0,low
C027619,8,N,long,0,low
C027620,8,N,long,0,low
C027621,7,Y,long,1,high
C027622,7,N,long,0,low
C027623,9,Y,long,1,high
C027624,10,N,long,0,low
C027625,5,Y,medium,1,high
C027626,5,N,medium,0,medium
C027627,8,N,long,0,low
C027628,9,N,long,0,low
C027629,10,N,long,0,low
C027630,5,N,medium,0,medium
C027631,8,N,long,0,low
C027632,6,N,long,0,low
C027633,7,N,long,0,low
C027634,8,Y,long,1,high
C027635,7,Y,long,1,high
C027636,5,N,medium,0,medium
C027637,6,N,long,0,low
C027638,9,N,long,0,low
C027639,6,Y,long,1,high
C027640,10,N,long,0,low
C027641,8,N,long,0,low
C027642,10,Y,long,1,high
C027643,9,N,long,0,low
C027644,6,N,long,0,low
C027645,9,N,long,0,low
C027646,8,N,long,0,low
C027647,6,N,long,0,low
C027648,8,N,long,0,low
C027649,7,N,long,0,low
C027650,9,Y,long,1,high
C027651,6,Y,long,1,high
C027652,8,N,long,0,low
C027653,7,N,long,0,low
C027654,5,N,medium,0,medium
C027655,8,N,long,0,low
C027656,7,Y,long,1,high
C027657,6,N,long,0,low
C027658,10,N,long,0,low
C027659,5,N,medium,0,medium
C027660,8,N,long,0,low
C027661,8,N,long,0,low
C027662,8,N,long,0,low
C027663,7,N,long,0,low
C027664,6,N,long,0,low
C027665,7,N,long,0,low
C027666,6,Y,long,1,high
C027667,5,N,medium,0,medium
C027668,6,N,long,0,low
C027669,10,N,long,0,low
C027670,5,N,medium,0,medium
C027671,8,Y,long,1,high
C027672,8,N,long,0,low
C027673,8,N,long,0,low
C027674,9,N,long,0,low
C027675,10,N,long,0,low
C027676,7,N,long,0,low
C027677,6,Y,long,1,high
C027678,9,N,long,0,low
C027679,8,N,long,0,low
C027680,10,Y,long,1,high
C027681,10,N,long,0,low
C027682,10,N,long,0,low
C027683,9,N,long,0,low
C027684,9,Y,long,1,high
C027685,8,N,long,0,low
C027686,10,N,long,0,low
C027687,10,N,long,0,low
C027688,7,N,long,0,low
C027689,9,N,long,0,low
C027690,8,N,long,0,low
C027691,7,Y,long,1,high
C027692,9,Y,long,1,high
C027693,8,N,long,0,low
C027694,9,N,long,0,low
C027695,8,N,long,0,low
C027696,5,N,medium,0,medium
C027697,7,N,long,0,low
C027698,7,N,long,0,low
C027699,5,Y,medium,1,high
C027700,8,N,long,0,low
C027701,6,N,long,0,low
C027702,5,N,medium,0,medium
C027703,8,Y,long,1,high
C027704,7,Y,long,1,high
C027705,5,Y,medium,1,high
C027706,5,N,medium,0,medium
C027707,10,Y,long,1,high
C027708,10,N,long,0,low
C027709,10,N,long,0,low
C027710,6,N,long,0,low
C027711,5,N,medium,0,medium
C027712,8,N,long,0,low
C027713,8,N,long,0,low
C027714,8,Y,long,1,high
C027715,10,Y,long,1,high
C027716,8,N,long,0,low
C027717,8,N,long,0,low
C027718,6,N,long,0,low
C027719,9,N,long,0,low
C027720,7,N,long,0,low
C027721,7,N,long,0,low
C027722,10,N,long,0,low
C027723,9,N,long,0,low
C027724,7,N,long,0,low
C027725,9,N,long,0,low
C027726,6,N,long,0,low
C027727,9,N,long,0,low
C027728,10,Y,long,1,high
C027729,10,N,long,0,low
C027730,5,N,medium,0,medium
C027731,6,N,long,0,low
C027732,10,N,long,0,low
C027733,7,Y,long,1,high
C027734,5,Y,medium,1,high
C027735,8,N,long,0,low
C027736,6,N,long,0,low
C027737,5,N,medium,0,medium
C027738,9,N,long,0,low
C027739,5,N,medium,0,medium
C027740,6,N,long,0,low
C027741,8,N,long,0,low
C027742,10,N,long,0,low
C027743,5,Y,medium,1,high
C027744,7,Y,long,1,high
C027745,5,N,medium,0,medium
C027746,10,Y,long,1,high
C027747,5,N,medium,0,medium
C027748,10,N,long,0,low
C027749,9,Y,long,1,high
C027750,9,N,long,0,low
C027751,8,N,long,0,low
C027752,5,Y,medium,1,high
C027753,6,N,long,0,low
C027754,6,Y,long,1,high
C027755,8,N,long,0,low
C027756,8,N,long,0,low
C027757,6,N,long,0,low
C027758,8,N,long,0,low
C027759,10,N,long,0,low
C027760,6,Y,long,1,high
C027761,6,N,long,0,low
C027762,10,N,long,0,low
C027763,10,N,long,0,low
C027764,8,N,long,0,low
C027765,7,Y,long,1,high
C027766,7,N,long,0,low
C027767,8,N,long,0,low
C027768,6,N,long,0,low
C027769,7,N,long,0,low
C027770,5,N,medium,0,medium
C027771,5,N,medium,0,medium
C027772,9,N,long,0,low
C027773,7,N,long,0,low
C027774,9,N,long,0,low
C027775,8,N,long,0,low
C027776,6,N,long,0,low
C027777,10,N,long,0,low
C027778,7,Y,long,1,high
C027779,8,N,long,0,low
C027780,9,N,long,0,low
C027781,10,N,long,0,low
C027782,8,N,long,0,low
C027783,5,N,medium,0,medium
C027784,7,N,long,0,low
C027785,7,N,long,0,low
C027786,6,N,long,0,low
C027787,8,N,long,0,low
C027788,7,N,long,0,low
C027789,9,Y,long,1,high
C027790,10,N,long,0,low
C027791,8,N,long,0,low
C027792,9,N,long,0,low
C027793,6,N,long,0,low
C027794,5,N,medium,0,medium
C027795,8,N,long,0,low
C027796,5,N,medium,0,medium
C027797,7,N,long,0,low
C027798,9,N,long,0,low
C027799,5,N,medium,0,medium
C027800,5,Y,medium,1,high
C027801,10,N,long,0,low
C027802,9,N,long,0,low
C027803,7,N,long,0,low
C027804,7,N,long,0,low
C027805,8,N,long,0,low
C027806,6,N,long,0,low
C027807,5,Y,medium,1,high
C027808,10,Y,long,1,high
C027809,9,Y,long,1,high
C027810,6,N,long,0,low
C027811,6,Y,long,1,high
C027812,5,N,medium,0,medium
C027813,6,N,long,0,low
C027814,8,N,long,0,low
C027815,5,N,medium,0,medium
C027816,9,N,long,0,low
C027817,6,N,long,0,low
C027818,9,N,long,0,low
C027819,9,N,long,0,low
C027820,10,Y,long,1,high
C027821,8,N,long,0,low
C027822,9,Y,long,1,high
C027823,5,Y,medium,1,high
C027824,9,Y,long,1,high
C027825,8,N,long,0,low
C027826,9,N,long,0,low
C027827,10,N,long,0,low
C027828,8,Y,long,1,high
C027829,6,Y,long,1,high
C027830,10,N,long,0,low
C027831,8,N,long,0,low
C027832,8,N,long,0,low
C027833,8,N,long,0,low
C027834,10,N,long,0,low
C027835,8,N,long,0,low
C027836,5,N,medium,0,medium
C027837,7,N,long,0,low
C027838,10,N,long,0,low
C027839,10,N,long,0,low
C027840,10,N,long,0,low
C027841,8,N,long,0,low
C027842,8,N,long,0,low
C027843,6,N,long,0,low
C027844,9,Y,long,1,high
C027845,9,N,long,0,low
C027846,7,N,long,0,low
C027847,6,N,long,0,low
C027848,6,N,long,0,low
C027849,10,N,long,0,low
C027850,10,Y,long,1,high
C027851,6,N,long,0,low
C027852,9,Y,long,1,high
C027853,6,N,long,0,low
C027854,8,N,long,0,low
C027855,5,N,medium,0,medium
C027856,10,N,long,0,low
C027857,10,N,long,0,low
C027858,9,N,long,0,low
C027859,7,Y,long,1,high
C027860,10,N,long,0,low
C027861,9,N,long,0,low
C027862,5,N,medium,0,medium
C027863,7,N,long,0,low
C027864,6,N,long,0,low
C027865,6,N,long,0,low
C027866,7,N,long,0,low
C027867,9,Y,long,1,high
C027868,9,N,long,0,low
C027869,5,N,medium,0,medium
C027870,9,N,long,0,low
C027871,5,N,medium,0,medium
C027872,10,Y,long,1,high
C027873,5,N,medium,0,medium
C027874,5,N,medium,0,medium
C027875,7,N,long,0,low
C027876,6,N,long,0,low
C027877,5,Y,medium,1,high
C027878,9,N,long,0,low
C027879,8,N,long,0,low
C027880,6,Y,long,1,high
C027881,7,Y,long,1,high
C027882,9,N,long,0,low
C027883,6,N,long,0,low
C027884,8,N,long,0,low
C027885,10,N,long,0,low
C027886,7,N,long,0,low
C027887,8,N,long,0,low
C027888,8,Y,long,1,high
C027889,6,N,long,0,low
C027890,10,N,long,0,low
C027891,7,N,long,0,low
C027892,8,N,long,0,low
C027893,5,N,medium,0,medium
C027894,7,N,long,0,low
C027895,9,N,long,0,low
C027896,9,N,long,0,low
C027897,9,N,long,0,low
C027898,5,N,medium,0,medium
C027899,7,N,long,0,low
C027900,9,N,long,0,low
C027901,8,Y,long,1,high
C027902,10,N,long,0,low
C027903,5,N,medium,0,medium
C027904,5,N,medium,0,medium
C027905,8,N,long,0,low
C027906,8,N,long,0,low
C027907,8,N,long,0,low
C027908,8,N,long,0,low
C027909,5,N,medium,0,medium
C027910,6,N,long,0,low
C027911,10,Y,long,1,high
C027912,7,N,long,0,low
C027913,6,N,long,0,low
C027914,7,N,long,0,low
C027915,10,N,long,0,low
C027916,8,Y,long,1,high
C027917,9,N,long,0,low
C027918,5,N,medium,0,medium
C027919,9,N,long,0,low
C027920,8,N,long,0,low
C027921,5,N,medium,0,medium
C027922,6,N,long,0,low
C027923,5,Y,medium,1,high
C027924,8,N,long,0,low
C027925,8,N,long,0,low
C027926,10,Y,long,1,high
C027927,9,N,long,0,low
C027928,6,N,long,0,low
C027929,7,N,long,0,low
C027930,8,N,long,0,low
C027931,8,N,long,0,low
C027932,7,N,long,0,low
C027933,9,N,long,0,low
C027934,6,N,long,0,low
C027935,8,N,long,0,low
C027936,8,N,long,0,low
C027937,5,Y,medium,1,high
C027938,9,Y,long,1,high
C027939,6,N,long,0,low
C027940,6,N,long,0,low
C027941,8,N,long,0,low
C027942,10,Y,long,1,high
C027943,9,N,long,0,low
C027944,5,N,medium,0,medium
C027945,6,N,long,0,low
C027946,9,Y,long,1,high
C027947,8,N,long,0,low
C027948,5,N,medium,0,medium
C027949,6,N,long,0,low
C027950,10,N,long,0,low
C027951,8,N,long,0,low
C027952,10,N,long,0,low
C027953,9,N,long,0,low
C027954,5,N,medium,0,medium
C027955,6,N,long,0,low
C027956,6,N,long,0,low
C027957,9,Y,long,1,high
C027958,10,N,long,0,low
C027959,8,N,long,0,low
C027960,6,Y,long,1,high
C027961,6,N,long,0,low
C027962,7,N,long,0,low
C027963,6,N,long,0,low
C027964,6,N,long,0,low
C027965,8,N,long,0,low
C027966,5,N,medium,0,medium
C027967,6,Y,long,1,high
C027968,5,N,medium,0,medium
C027969,7,N,long,0,low
C027970,7,N,long,0,low
C027971,5,N,medium,0,medium
C027972,9,N,long,0,low
C027973,8,N,long,0,low
C027974,6,N,long,0,low
C027975,9,N,long,0,low
C027976,5,Y,medium,1,high
C027977,8,N,long,0,low
C027978,10,N,long,0,low
C027979,9,N,long,0,low
C027980,5,N,medium,0,medium
C027981,6,Y,long,1,high
C027982,8,N,long,0,low
C027983,10,N,long,0,low
C027984,10,N,long,0,low
C027985,7,N,long,0,low
C027986,8,N,long,0,low
C027987,5,N,medium,0,medium
C027988,7,N,long,0,low
C027989,6,N,long,0,low
C027990,10,Y,long,1,high
C027991,8,N,long,0,low
C027992,6,N,long,0,low
C027993,5,Y,medium,1,high
C027994,6,N,long,0,low
C027995,9,N,long,0,low
C027996,8,N,long,0,low
C027997,6,Y,long,1,high
C027998,5,N,medium,0,medium
C027999,5,Y,medium,1,high
C028000,9,N,long,0,low
C028001,9,N,long,0,low
C028002,10,N,long,0,low
C028003,9,Y,long,1,high
C028004,9,N,long,0,low
C028005,10,N,long,0,low
C028006,5,N,medium,0,medium
C028007,7,Y,long,1,high
C028008,5,Y,medium,1,high
C028009,10,N,long,0,low
C028010,6,N,long,0,low
C028011,9,N,long,0,low
C028012,5,N,medium,0,medium
C028013,8,N,long,0,low
C028014,7,N,long,0,low
C028015,5,N,medium,0,medium
C028016,5,N,medium,0,medium
C028017,7,N,long,0,low
C028018,9,N,long,0,low
C028019,8,N,long,0,low
C028020,6,N,long,0,low
C028021,6,N,long,0,low
C028022,7,N,long,0,low
C028023,9,N,long,0,low
C028024,9,N,long,0,low
C028025,5,N,medium,0,medium
C028026,10,N,long,0,low
C028027,5,N,medium,0,medium
C028028,7,N,long,0,low
C028029,8,N,long,0,low
C028030,6,N,long,0,low
C028031,9,N,long,0,low
C028032,6,N,long,0,low
C028033,6,N,long,0,low
C028034,6,N,long,0,low
C028035,10,N,long,0,low
C028036,7,N,long,0,low
C028037,9,N,long,0,low
C028038,6,N,long,0,low
C028039,8,N,long,0,low
C028040,8,Y,long,1,high
C028041,5,N,medium,0,medium
C028042,7,N,long,0,low
C028043,5,N,medium,0,medium
C028044,10,N,long,0,low
C028045,6,N,long,0,low
C028046,9,N,long,0,low
C028047,9,N,long,0,low
C028048,6,N,long,0,low
C028049,9,Y,long,1,high
C028050,5,Y,medium,1,high
C028051,6,Y,long,1,high
C028052,7,N,long,0,low
C028053,7,N,long,0,low
C028054,5,N,medium,0,medium
C028055,9,N,long,0,low
C028056,8,N,long,0,low
C028057,9,N,long,0,low
C028058,8,Y,long,1,high
C028059,9,N,long,0,low
C028060,9,Y,long,1,high
C028061,8,N,long,0,low
C028062,9,N,long,0,low
C028063,6,Y,long,1,high
C028064,10,N,long,0,low
C028065,8,N,long,0,low
C028066,7,Y,long,1,high
C028067,6,N,long,0,low
C028068,9,Y,long,1,high
C028069,5,Y,medium,1,high
C028070,10,N,long,0,low
C028071,7,N,long,0,low
C028072,10,N,long,0,low
C028073,10,N,long,0,low
C028074,7,N,long,0,low
C028075,6,N,long,0,low
C028076,6,N,long,0,low
C028077,7,Y,long,1,high
C028078,5,Y,medium,1,high
C028079,10,N,long,0,low
C028080,10,N,long,0,low
C028081,6,N,long,0,low
C028082,5,N,medium,0,medium
C028083,9,N,long,0,low
C028084,8,N,long,0,low
C028085,7,N,long,0,low
C028086,8,N,long,0,low
C028087,7,N,long,0,low
C028088,10,N,long,0,low
C028089,7,N,long,0,low
C028090,5,N,medium,0,medium
C028091,10,N,long,0,low
C028092,6,Y,long,1,high
C028093,8,N,long,0,low
C028094,5,Y,medium,1,high
C028095,5,N,medium,0,medium
C028096,9,N,long,0,low
C028097,9,N,long,0,low
C028098,8,N,long,0,low
C028099,5,N,medium,0,medium
C028100,10,Y,long,1,high
C028101,5,N,medium,0,medium
C028102,8,N,long,0,low
C028103,8,N,long,0,low
C028104,9,N,long,0,low
C028105,10,N,long,0,low
C028106,8,N,long,0,low
C028107,8,N,long,0,low
C028108,10,N,long,0,low
C028109,5,N,medium,0,medium
C028110,7,N,long,0,low
C028111,5,N,medium,0,medium
C028112,6,N,long,0,low
C028113,7,N,long,0,low
C028114,5,Y,medium,1,high
C028115,6,N,long,0,low
C028116,9,Y,long,1,high
C028117,5,Y,medium,1,high
C028118,5,N,medium,0,medium
C028119,8,N,long,0,low
C028120,9,N,long,0,low
C028121,6,Y,long,1,high
C028122,10,N,long,0,low
C028123,6,N,long,0,low
C028124,8,N,long,0,low
C028125,8,N,long,0,low
C028126,8,Y,long,1,high
C028127,8,N,long,0,low
C028128,10,N,long,0,low
C028129,8,N,long,0,low
C028130,8,N,long,0,low
C028131,8,N,long,0,low
C028132,8,N,long,0,low
C028133,5,N,medium,0,medium
C028134,9,N,long,0,low
C028135,9,N,long,0,low
C028136,8,Y,long,1,high
C028137,9,N,long,0,low
C028138,7,Y,long,1,high
C028139,9,N,long,0,low
C028140,10,N,long,0,low
C028141,9,Y,long,1,high
C028142,8,N,long,0,low
C028143,9,N,long,0,low
C028144,6,Y,long,1,high
C028145,8,N,long,0,low
C028146,8,N,long,0,low
C028147,9,N,long,0,low
C028148,7,N,long,0,low
C028149,7,N,long,0,low
C028150,6,Y,long,1,high
C028151,6,N,long,0,low
C028152,8,N,long,0,low
C028153,5,N,medium,0,medium
C028154,6,N,long,0,low
C028155,8,N,long,0,low
C028156,5,N,medium,0,medium
C028157,9,N,long,0,low
C028158,8,N,long,0,low
C028159,5,N,medium,0,medium
C028160,10,N,long,0,low
C028161,10,N,long,0,low
C028162,5,N,medium,0,medium
C028163,7,N,long,0,low
C028164,5,N,medium,0,medium
C028165,10,N,long,0,low
C028166,9,N,long,0,low
C028167,5,N,medium,0,medium
C028168,6,Y,long,1,high
C028169,10,N,long,0,low
C028170,9,N,long,0,low
C028171,5,N,medium,0,medium
C028172,9,Y,long,1,high
C028173,7,N,long,0,low
C028174,6,N,long,0,low
C028175,9,N,long,0,low
C028176,9,Y,long,1,high
C028177,7,N,long,0,low
C028178,10,N,long,0,low
C028179,7,N,long,0,low
C028180,6,Y,long,1,high
C028181,6,Y,long,1,high
C028182,5,Y,medium,1,high
C028183,5,N,medium,0,medium
C028184,6,N,long,0,low
C028185,6,N,long,0,low
C028186,9,N,long,0,low
C028187,5,N,medium,0,medium
C028188,6,N,long,0,low
C028189,8,Y,long,1,high
C028190,5,N,medium,0,medium
C028191,5,N,medium,0,medium
C028192,5,N,medium,0,medium
C028193,8,N,long,0,low
C028194,8,N,long,0,low
C028195,9,N,long,0,low
C028196,8,N,long,0,low
C028197,7,N,long,0,low
C028198,7,N,long,0,low
C028199,8,N,long,0,low
C028200,5,N,medium,0,medium
C028201,10,N,long,0,low
C028202,10,Y,long,1,high
C028203,6,N,long,0,low
C028204,5,Y,medium,1,high
C028205,10,N,long,0,low
C028206,10,N,long,0,low
C028207,5,Y,medium,1,high
C028208,9,N,long,0,low
C028209,5,N,medium,0,medium
C028210,5,N,medium,0,medium
C028211,5,N,medium,0,medium
C028212,5,Y,medium,1,high
C028213,9,N,long,0,low
C028214,10,N,long,0,low
C028215,6,N,long,0,low
C028216,10,Y,long,1,high
C028217,9,N,long,0,low
C028218,8,N,long,0,low
C028219,8,N,long,0,low
C028220,9,N,long,0,low
C028221,5,N,medium,0,medium
C028222,9,N,long,0,low
C028223,10,N,long,0,low
C028224,10,N,long,0,low
C028225,6,N,long,0,low
C028226,5,Y,medium,1,high
C028227,9,N,long,0,low
C028228,8,N,long,0,low
C028229,7,N,long,0,low
C028230,8,N,long,0,low
C028231,9,N,long,0,low
C028232,7,N,long,0,low
C028233,5,Y,medium,1,high
C028234,6,N,long,0,low
C028235,9,N,long,0,low
C028236,10,N,long,0,low
C028237,8,Y,long,1,high
C028238,10,N,long,0,low
C028239,9,Y,long,1,high
C028240,7,Y,long,1,high
C028241,10,Y,long,1,high
C028242,8,N,long,0,low
C028243,5,N,medium,0,medium
C028244,8,N,long,0,low
C028245,9,N,long,0,low
C028246,7,Y,long,1,high
C028247,9,Y,long,1,high
C028248,7,N,long,0,low
C028249,7,N,long,0,low
C028250,10,N,long,0,low
C028251,9,N,long,0,low
C028252,7,N,long,0,low
C028253,5,N,medium,0,medium
C028254,8,N,long,0,low
C028255,8,N,long,0,low
C028256,9,N,long,0,low
C028257,9,Y,long,1,high
C028258,8,N,long,0,low
C028259,5,N,medium,0,medium
C028260,8,Y,long,1,high
C028261,9,N,long,0,low
C028262,9,N,long,0,low
C028263,8,N,long,0,low
C028264,8,Y,long,1,high
C028265,10,Y,long,1,high
C028266,10,N,long,0,low
C028267,10,N,long,0,low
C028268,10,N,long,0,low
C028269,7,N,long,0,low
C028270,10,N,long,0,low
C028271,7,N,long,0,low
C028272,8,N,long,0,low
C028273,6,N,long,0,low
C028274,6,N,long,0,low
C028275,6,N,long,0,low
C028276,10,N,long,0,low
C028277,8,N,long,0,low
C028278,9,Y,long,1,high
C028279,5,N,medium,0,medium
C028280,8,Y,long,1,high
C028281,5,N,medium,0,medium
C028282,10,N,long,0,low
C028283,8,N,long,0,low
C028284,10,Y,long,1,high
C028285,10,N,long,0,low
C028286,6,N,long,0,low
C028287,8,N,long,0,low
C028288,8,N,long,0,low
C028289,10,N,long,0,low
C028290,7,Y,long,1,high
C028291,9,Y,long,1,high
C028292,9,N,long,0,low
C028293,6,N,long,0,low
C028294,6,N,long,0,low
C028295,8,N,long,0,low
C028296,6,N,long,0,low
C028297,5,N,medium,0,medium
C028298,9,N,long,0,low
C028299,6,N,long,0,low
C028300,7,N,long,0,low
C028301,8,N,long,0,low
C028302,10,Y,long,1,high
C028303,6,N,long,0,low
C028304,5,N,medium,0,medium
C028305,5,N,medium,0,medium
C028306,9,Y,long,1,high
C028307,10,N,long,0,low
C028308,10,N,long,0,low
C028309,8,N,long,0,low
C028310,5,N,medium,0,medium
C028311,9,N,long,0,low
C028312,6,Y,long,1,high
C028313,5,N,medium,0,medium
C028314,9,N,long,0,low
C028315,7,N,long,0,low
C028316,5,N,medium,0,medium
C028317,8,N,long,0,low
C028318,8,N,long,0,low
C028319,7,N,long,0,low
C028320,6,Y,long,1,high
C028321,6,N,long,0,low
C028322,7,Y,long,1,high
C028323,6,N,long,0,low
C028324,8,N,long,0,low
C028325,9,N,long,0,low
C028326,6,N,long,0,low
C028327,10,N,long,0,low
C028328,10,N,long,0,low
C028329,5,Y,medium,1,high
C028330,9,N,long,0,low
C028331,7,N,long,0,low
C028332,10,N,long,0,low
C028333,9,Y,long,1,high
C028334,6,N,long,0,low
C028335,7,N,long,0,low
C028336,8,N,long,0,low
C028337,5,N,medium,0,medium
C028338,10,N,long,0,low
C028339,10,Y,long,1,high
C028340,10,N,long,0,low
C028341,9,N,long,0,low
C028342,7,N,long,0,low
C028343,8,N,long,0,low
C028344,8,N,long,0,low
C028345,8,N,long,0,low
C028346,10,N,long,0,low
C028347,7,N,long,0,low
C028348,9,N,long,0,low
C028349,10,N,long,0,low
C028350,8,N,long,0,low
C028351,10,N,long,0,low
C028352,9,N,long,0,low
C028353,5,N,medium,0,medium
C028354,9,Y,long,1,high
C028355,6,N,long,0,low
C028356,9,N,long,0,low
C028357,6,N,long,0,low
C028358,5,Y,medium,1,high
C028359,7,N,long,0,low
C028360,7,N,long,0,low
C028361,5,N,medium,0,medium
C028362,5,N,medium,0,medium
C028363,9,N,long,0,low
C028364,5,N,medium,0,medium
C028365,6,N,long,0,low
C028366,8,N,long,0,low
C028367,5,N,medium,0,medium
C028368,6,N,long,0,low
C028369,6,N,long,0,low
C028370,10,N,long,0,low
C028371,6,N,long,0,low
C028372,7,N,long,0,low
C028373,6,N,long,0,low
C028374,5,N,medium,0,medium
C028375,8,N,long,0,low
C028376,5,N,medium,0,medium
C028377,5,N,medium,0,medium
C028378,6,N,long,0,low
C028379,7,N,long,0,low
C028380,6,Y,long,1,high
C028381,6,N,long,0,low
C028382,10,Y,long,1,high
C028383,8,N,long,0,low
C028384,7,Y,long,1,high
C028385,8,Y,long,1,high
C028386,9,N,long,0,low
C028387,5,N,medium,0,medium
C028388,7,N,long,0,low
C028389,5,N,medium,0,medium
C028390,6,N,long,0,low
C028391,5,N,medium,0,medium
C028392,10,Y,long,1,high
C028393,6,N,long,0,low
C028394,7,N,long,0,low
C028395,8,N,long,0,low
C028396,7,N,long,0,low
C028397,8,N,long,0,low
C028398,9,N,long,0,low
C028399,5,N,medium,0,medium
C028400,6,N,long,0,low
C028401,8,N,long,0,low
C028402,8,N,long,0,low
C028403,8,N,long,0,low
C028404,7,N,long,0,low
C028405,7,N,long,0,low
C028406,6,N,long,0,low
C028407,7,N,long,0,low
C028408,5,Y,medium,1,high
C028409,6,N,long,0,low
C028410,7,Y,long,1,high
C028411,5,Y,medium,1,high
C028412,8,N,long,0,low
C028413,5,N,medium,0,medium
C028414,5,N,medium,0,medium
C028415,7,N,long,0,low
C028416,8,N,long,0,low
C028417,5,N,medium,0,medium
C028418,7,N,long,0,low
C028419,6,N,long,0,low
C028420,7,Y,long,1,high
C028421,10,N,long,0,low
C028422,9,N,long,0,low
C028423,6,N,long,0,low
C028424,5,N,medium,0,medium
C028425,8,N,long,0,low
C028426,5,N,medium,0,medium
C028427,5,Y,medium,1,high
C028428,9,N,long,0,low
C028429,5,N,medium,0,medium
C028430,9,Y,long,1,high
C028431,8,N,long,0,low
C028432,6,N,long,0,low
C028433,9,Y,long,1,high
C028434,7,Y,long,1,high
C028435,8,N,long,0,low
C028436,5,Y,medium,1,high
C028437,6,N,long,0,low
C028438,8,N,long,0,low
C028439,10,Y,long,1,high
C028440,6,N,long,0,low
C028441,9,N,long,0,low
C028442,6,N,long,0,low
C028443,5,N,medium,0,medium
C028444,9,N,long,0,low
C028445,8,N,long,0,low
C028446,10,N,long,0,low
C028447,10,N,long,0,low
C028448,7,N,long,0,low
C028449,10,Y,long,1,high
C028450,7,N,long,0,low
C028451,6,N,long,0,low
C028452,5,N,medium,0,medium
C028453,9,Y,long,1,high
C028454,6,N,long,0,low
C028455,7,N,long,0,low
C028456,7,Y,long,1,high
C028457,10,N,long,0,low
C028458,8,N,long,0,low
C028459,7,N,long,0,low
C028460,5,N,medium,0,medium
C028461,9,N,long,0,low
C028462,9,N,long,0,low
C028463,5,N,medium,0,medium
C028464,6,N,long,0,low
C028465,5,N,medium,0,medium
C028466,10,N,long,0,low
C028467,6,N,long,0,low
C028468,7,Y,long,1,high
C028469,7,N,long,0,low
C028470,9,N,long,0,low
C028471,10,N,long,0,low
C028472,8,N,long,0,low
C028473,5,N,medium,0,medium
C028474,8,N,long,0,low
C028475,5,N,medium,0,medium
C028476,5,N,medium,0,medium
C028477,6,N,long,0,low
C028478,6,N,long,0,low
C028479,6,N,long,0,low
C028480,6,N,long,0,low
C028481,7,N,long,0,low
C028482,8,Y,long,1,high
C028483,9,N,long,0,low
C028484,8,N,long,0,low
C028485,8,N,long,0,low
C028486,9,N,long,0,low
C028487,9,N,long,0,low
C028488,9,N,long,0,low
C028489,9,N,long,0,low
C028490,5,N,medium,0,medium
C028491,10,N,long,0,low
C028492,8,N,long,0,low
C028493,5,N,medium,0,medium
C028494,10,N,long,0,low
C028495,9,N,long,0,low
C028496,10,N,long,0,low
C028497,8,N,long,0,low
C028498,8,N,long,0,low
C028499,9,Y,long,1,high
C028500,8,N,long,0,low
C028501,8,N,long,0,low
C028502,7,N,long,0,low
C028503,9,N,long,0,low
C028504,6,N,long,0,low
C028505,7,N,long,0,low
C028506,9,Y,long,1,high
C028507,8,N,long,0,low
C028508,9,N,long,0,low
C028509,8,Y,long,1,high
C028510,8,N,long,0,low
C028511,10,N,long,0,low
C028512,5,N,medium,0,medium
C028513,8,N,long,0,low
C028514,7,N,long,0,low
C028515,10,Y,long,1,high
C028516,5,N,medium,0,medium
C028517,10,N,long,0,low
C028518,5,N,medium,0,medium
C028519,10,N,long,0,low
C028520,7,N,long,0,low
C028521,8,N,long,0,low
C028522,7,N,long,0,low
C028523,5,N,medium,0,medium
C028524,10,N,long,0,low
C028525,9,N,long,0,low
C028526,8,N,long,0,low
C028527,5,Y,medium,1,high
C028528,5,N,medium,0,medium
C028529,8,N,long,0,low
C028530,5,N,medium,0,medium
C028531,5,N,medium,0,medium
C028532,5,N,medium,0,medium
C028533,9,N,long,0,low
C028534,9,N,long,0,low
C028535,8,N,long,0,low
C028536,8,N,long,0,low
C028537,10,N,long,0,low
C028538,6,N,long,0,low
C028539,5,N,medium,0,medium
C028540,6,Y,long,1,high
C028541,7,Y,long,1,high
C028542,9,N,long,0,low
C028543,6,N,long,0,low
C028544,10,N,long,0,low
C028545,5,Y,medium,1,high
C028546,5,N,medium,0,medium
C028547,7,N,long,0,low
C028548,8,N,long,0,low
C028549,6,N,long,0,low
C028550,7,N,long,0,low
C028551,8,N,long,0,low
C028552,5,N,medium,0,medium
C028553,5,N,medium,0,medium
C028554,9,N,long,0,low
C028555,5,N,medium,0,medium
C028556,10,N,long,0,low
C028557,10,N,long,0,low
C028558,10,N,long,0,low
C028559,5,Y,medium,1,high
C028560,6,N,long,0,low
C028561,10,N,long,0,low
C028562,8,Y,long,1,high
C028563,5,N,medium,0,medium
C028564,10,N,long,0,low
C028565,9,N,long,0,low
C028566,7,N,long,0,low
C028567,10,Y,long,1,high
C028568,5,N,medium,0,medium
C028569,5,N,medium,0,medium
C028570,9,N,long,0,low
C028571,9,N,long,0,low
C028572,10,Y,long,1,high
C028573,5,N,medium,0,medium
C028574,10,N,long,0,low
C028575,10,N,long,0,low
C028576,5,N,medium,0,medium
C028577,5,N,medium,0,medium
C028578,6,N,long,0,low
C028579,5,N,medium,0,medium
C028580,10,N,long,0,low
C028581,10,N,long,0,low
C028582,8,N,long,0,low
C028583,8,N,long,0,low
C028584,5,N,medium,0,medium
C028585,7,N,long,0,low
C028586,5,N,medium,0,medium
C028587,8,Y,long,1,high
C028588,10,N,long,0,low
C028589,7,N,long,0,low
C028590,8,N,long,0,low
C028591,7,N,long,0,low
C028592,6,N,long,0,low
C028593,9,N,long,0,low
C028594,8,N,long,0,low
C028595,5,N,medium,0,medium
C028596,9,N,long,0,low
C028597,9,N,long,0,low
C028598,9,N,long,0,low
C028599,8,Y,long,1,high
C028600,9,N,long,0,low
C028601,10,N,long,0,low
C028602,5,N,medium,0,medium
C028603,9,N,long,0,low
C028604,8,N,long,0,low
C028605,10,N,long,0,low
C028606,9,N,long,0,low
C028607,7,Y,long,1,high
C028608,9,N,long,0,low
C028609,10,N,long,0,low
C028610,10,N,long,0,low
C028611,7,N,long,0,low
C028612,8,Y,long,1,high
C028613,7,N,long,0,low
C028614,8,N,long,0,low
C028615,10,N,long,0,low
C028616,8,N,long,0,low
C028617,7,N,long,0,low
C028618,9,N,long,0,low
C028619,6,N,long,0,low
C028620,10,N,long,0,low
C028621,6,N,long,0,low
C028622,9,N,long,0,low
C028623,6,N,long,0,low
C028624,7,N,long,0,low
C028625,7,N,long,0,low
C028626,7,Y,long,1,high
C028627,9,N,long,0,low
C028628,8,N,long,0,low
C028629,9,N,long,0,low
C028630,10,N,long,0,low
C028631,9,Y,long,1,high
C028632,5,Y,medium,1,high
C028633,5,N,medium,0,medium
C028634,10,Y,long,1,high
C028635,9,Y,long,1,high
C028636,6,N,long,0,low
C028637,8,N,long,0,low
C028638,10,N,long,0,low
C028639,7,Y,long,1,high
C028640,7,N,long,0,low
C028641,8,N,long,0,low
C028642,8,N,long,0,low
C028643,7,N,long,0,low
C028644,8,N,long,0,low
C028645,10,N,long,0,low
C028646,7,N,long,0,low
C028647,7,N,long,0,low
C028648,7,N,long,0,low
C028649,5,N,medium,0,medium
C028650,10,N,long,0,low
C028651,9,N,long,0,low
C028652,8,N,long,0,low
C028653,6,N,long,0,low
C028654,8,N,long,0,low
C028655,9,N,long,0,low
C028656,5,N,medium,0,medium
C028657,6,Y,long,1,high
C028658,7,N,long,0,low
C028659,5,N,medium,0,medium
C028660,9,N,long,0,low
C028661,5,N,medium,0,medium
C028662,8,N,long,0,low
C028663,6,N,long,0,low
C028664,9,N,long,0,low
C028665,5,N,medium,0,medium
C028666,10,N,long,0,low
C028667,9,N,long,0,low
C028668,6,N,long,0,low
C028669,6,N,long,0,low
C028670,9,N,long,0,low
C028671,6,N,long,0,low
C028672,8,N,long,0,low
C028673,9,N,long,0,low
C028674,9,N,long,0,low
C028675,7,N,long,0,low
C028676,10,N,long,0,low
C028677,7,N,long,0,low
C028678,5,N,medium,0,medium
C028679,9,N,long,0,low
C028680,9,N,long,0,low
C028681,9,N,long,0,low
C028682,6,N,long,0,low
C028683,8,N,long,0,low
C028684,10,Y,long,1,high
C028685,8,Y,long,1,high
C028686,7,Y,long,1,high
C028687,5,N,medium,0,medium
C028688,6,N,long,0,low
C028689,7,N,long,0,low
C028690,10,N,long,0,low
C028691,10,Y,long,1,high
C028692,7,N,long,0,low
C028693,5,N,medium,0,medium
C028694,5,N,medium,0,medium
C028695,10,N,long,0,low
C028696,9,N,long,0,low
C028697,5,N,medium,0,medium
C028698,8,N,long,0,low
C028699,8,N,long,0,low
C028700,6,N,long,0,low
C028701,8,N,long,0,low
C028702,8,N,long,0,low
C028703,6,N,long,0,low
C028704,8,N,long,0,low
C028705,5,N,medium,0,medium
C028706,6,N,long,0,low
C028707,9,Y,long,1,high
C028708,5,N,medium,0,medium
C028709,7,N,long,0,low
C028710,8,N,long,0,low
C028711,5,Y,medium,1,high
C028712,5,N,medium,0,medium
C028713,6,N,long,0,low
C028714,5,N,medium,0,medium
C028715,10,N,long,0,low
C028716,6,N,long,0,low
C028717,6,N,long,0,low
C028718,5,Y,medium,1,high
C028719,6,N,long,0,low
C028720,10,N,long,0,low
C028721,9,N,long,0,low
C028722,8,N,long,0,low
C028723,10,Y,long,1,high
C028724,8,N,long,0,low
C028725,8,N,long,0,low
C028726,10,N,long,0,low
C028727,5,N,medium,0,medium
C028728,6,Y,long,1,high
C028729,5,Y,medium,1,high
C028730,6,Y,long,1,high
C028731,5,Y,medium,1,high
C028732,10,N,long,0,low
C028733,7,N,long,0,low
C028734,7,N,long,0,low
C028735,9,N,long,0,low
C028736,6,N,long,0,low
C028737,7,Y,long,1,high
C028738,10,N,long,0,low
C028739,6,N,long,0,low
C028740,10,N,long,0,low
C028741,7,N,long,0,low
C028742,7,N,long,0,low
C028743,8,N,long,0,low
C028744,10,Y,long,1,high
C028745,7,N,long,0,low
C028746,9,N,long,0,low
C028747,5,Y,medium,1,high
C028748,10,N,long,0,low
C028749,7,N,long,0,low
C028750,10,N,long,0,low
C028751,7,N,long,0,low
C028752,6,Y,long,1,high
C028753,5,N,medium,0,medium
C028754,5,N,medium,0,medium
C028755,6,Y,long,1,high
C028756,7,N,long,0,low
C028757,6,N,long,0,low
C028758,6,N,long,0,low
C028759,9,N,long,0,low
C028760,6,N,long,0,low
C028761,9,N,long,0,low
C028762,7,N,long,0,low
C028763,10,N,long,0,low
C028764,10,N,long,0,low
C028765,9,N,long,0,low
C028766,8,N,long,0,low
C028767,7,N,long,0,low
C028768,9,Y,long,1,high
C028769,7,N,long,0,low
C028770,6,Y,long,1,high
C028771,9,N,long,0,low
C028772,10,N,long,0,low
C028773,8,N,long,0,low
C028774,9,N,long,0,low
C028775,9,N,long,0,low
C028776,5,N,medium,0,medium
C028777,5,N,medium,0,medium
C028778,9,N,long,0,low
C028779,5,Y,medium,1,high
C028780,6,N,long,0,low
C028781,10,N,long,0,low
C028782,8,N,long,0,low
C028783,7,N,long,0,low
C028784,9,N,long,0,low
C028785,10,Y,long,1,high
C028786,5,N,medium,0,medium
C028787,6,N,long,0,low
C028788,5,Y,medium,1,high
C028789,6,N,long,0,low
C028790,8,Y,long,1,high
C028791,7,N,long,0,low
C028792,10,N,long,0,low
C028793,5,N,medium,0,medium
C028794,7,N,long,0,low
C028795,7,N,long,0,low
C028796,9,N,long,0,low
C028797,9,N,long,0,low
C028798,8,N,long,0,low
C028799,9,Y,long,1,high
C028800,6,N,long,0,low
C028801,10,N,long,0,low
C028802,6,Y,long,1,high
C028803,5,Y,medium,1,high
C028804,9,N,long,0,low
C028805,10,Y,long,1,high
C028806,6,N,long,0,low
C028807,6,N,long,0,low
C028808,6,N,long,0,low
C028809,7,N,long,0,low
C028810,6,Y,long,1,high
C028811,7,N,long,0,low
C028812,9,N,long,0,low
C028813,5,N,medium,0,medium
C028814,10,N,long,0,low
C028815,10,N,long,0,low
C028816,10,N,long,0,low
C028817,7,Y,long,1,high
C028818,6,N,long,0,low
C028819,10,N,long,0,low
C028820,6,N,long,0,low
C028821,5,N,medium,0,medium
C028822,9,N,long,0,low
C028823,8,N,long,0,low
C028824,7,N,long,0,low
C028825,7,N,long,0,low
C028826,8,N,long,0,low
C028827,10,N,long,0,low
C028828,6,N,long,0,low
C028829,5,N,medium,0,medium
C028830,5,N,medium,0,medium
C028831,9,N,long,0,low
C028832,7,N,long,0,low
C028833,7,Y,long,1,high
C028834,5,N,medium,0,medium
C028835,5,N,medium,0,medium
C028836,7,N,long,0,low
C028837,8,N,long,0,low
C028838,9,N,long,0,low
C028839,8,N,long,0,low
C028840,8,N,long,0,low
C028841,8,N,long,0,low
C028842,8,N,long,0,low
C028843,9,N,long,0,low
C028844,5,N,medium,0,medium
C028845,9,N,long,0,low
C028846,8,N,long,0,low
C028847,10,N,long,0,low
C028848,6,N,long,0,low
C028849,6,N,long,0,low
C028850,7,N,long,0,low
C028851,6,Y,long,1,high
C028852,6,N,long,0,low
C028853,6,N,long,0,low
C028854,9,N,long,0,low
C028855,8,N,long,0,low
C028856,8,N,long,0,low
C028857,9,N,long,0,low
C028858,9,Y,long,1,high
C028859,5,N,medium,0,medium
C028860,6,N,long,0,low
C028861,10,N,long,0,low
C028862,7,N,long,0,low
C028863,6,Y,long,1,high
C028864,6,N,long,0,low
C028865,5,Y,medium,1,high
C028866,10,N,long,0,low
C028867,10,N,long,0,low
C028868,7,Y,long,1,high
C028869,8,N,long,0,low
C028870,9,N,long,0,low
C028871,7,N,long,0,low
C028872,5,N,medium,0,medium
C028873,8,N,long,0,low
C028874,7,N,long,0,low
C028875,8,Y,long,1,high
C028876,5,Y,medium,1,high
C028877,10,N,long,0,low
C028878,10,N,long,0,low
C028879,7,N,long,0,low
C028880,8,N,long,0,low
C028881,10,N,long,0,low
C028882,8,N,long,0,low
C028883,10,N,long,0,low
C028884,6,N,long,0,low
C028885,9,N,long,0,low
C028886,8,N,long,0,low
C028887,7,N,long,0,low
C028888,6,N,long,0,low
C028889,8,Y,long,1,high
C028890,10,N,long,0,low
C028891,5,N,medium,0,medium
C028892,8,Y,long,1,high
C028893,5,N,medium,0,medium
C028894,10,N,long,0,low
C028895,8,N,long,0,low
C028896,7,N,long,0,low
C028897,7,N,long,0,low
C028898,5,N,medium,0,medium
C028899,10,N,long,0,low
C028900,5,Y,medium,1,high
C028901,7,Y,long,1,high
C028902,8,N,long,0,low
C028903,10,N,long,0,low
C028904,7,N,long,0,low
C028905,10,Y,long,1,high
C028906,7,N,long,0,low
C028907,6,N,long,0,low
C028908,6,N,long,0,low
C028909,5,N,medium,0,medium
C028910,5,Y,medium,1,high
C028911,7,N,long,0,low
C028912,5,Y,medium,1,high
C028913,7,N,long,0,low
C028914,7,N,long,0,low
C028915,5,N,medium,0,medium
C028916,8,N,long,0,low
C028917,7,N,long,0,low
C028918,8,N,long,0,low
C028919,9,N,long,0,low
C028920,6,N,long,0,low
C028921,10,N,long,0,low
C028922,9,N,long,0,low
C028923,10,N,long,0,low
C028924,8,N,long,0,low
C028925,5,N,medium,0,medium
C028926,6,N,long,0,low
C028927,5,N,medium,0,medium
C028928,5,Y,medium,1,high
C028929,8,N,long,0,low
C028930,5,Y,medium,1,high
C028931,5,N,medium,0,medium
C028932,6,N,long,0,low
C028933,5,Y,medium,1,high
C028934,5,N,medium,0,medium
C028935,6,N,long,0,low
C028936,8,N,long,0,low
C028937,5,N,medium,0,medium
C028938,6,N,long,0,low
C028939,5,N,medium,0,medium
C028940,10,N,long,0,low
C028941,9,N,long,0,low
C028942,9,N,long,0,low
C028943,6,N,long,0,low
C028944,8,N,long,0,low
C028945,7,N,long,0,low
C028946,8,Y,long,1,high
C028947,8,N,long,0,low
C028948,5,N,medium,0,medium
C028949,8,N,long,0,low
C028950,6,N,long,0,low
C028951,5,N,medium,0,medium
C028952,8,Y,long,1,high
C028953,10,N,long,0,low
C028954,9,N,long,0,low
C028955,8,N,long,0,low
C028956,6,N,long,0,low
C028957,6,Y,long,1,high
C028958,7,N,long,0,low
C028959,5,N,medium,0,medium
C028960,5,N,medium,0,medium
C028961,10,N,long,0,low
C028962,5,Y,medium,1,high
C028963,6,N,long,0,low
C028964,8,N,long,0,low
C028965,6,N,long,0,low
C028966,6,N,long,0,low
C028967,8,N,long,0,low
C028968,5,N,medium,0,medium
C028969,8,N,long,0,low
C028970,7,N,long,0,low
C028971,8,Y,long,1,high
C028972,6,N,long,0,low
C028973,8,Y,long,1,high
C028974,8,N,long,0,low
C028975,5,N,medium,0,medium
C028976,9,N,long,0,low
C028977,8,N,long,0,low
C028978,7,N,long,0,low
C028979,7,N,long,0,low
C028980,9,N,long,0,low
C028981,6,N,long,0,low
C028982,5,N,medium,0,medium
C028983,9,N,long,0,low
C028984,5,N,medium,0,medium
C028985,8,N,long,0,low
C028986,10,Y,long,1,high
C028987,6,N,long,0,low
C028988,7,N,long,0,low
C028989,9,N,long,0,low
C028990,6,N,long,0,low
C028991,9,Y,long,1,high
C028992,6,N,long,0,low
C028993,7,N,long,0,low
C028994,7,N,long,0,low
C028995,8,N,long,0,low
C028996,8,Y,long,1,high
C028997,5,N,medium,0,medium
C028998,5,N,medium,0,medium
C028999,10,N,long,0,low
C029000,5,N,medium,0,medium
C029001,8,N,long,0,low
C029002,10,N,long,0,low
C029003,8,N,long,0,low
C029004,6,N,long,0,low
C029005,5,Y,medium,1,high
C029006,5,N,medium,0,medium
C029007,8,N,long,0,low
C029008,8,N,long,0,low
C029009,7,N,long,0,low
C029010,8,N,long,0,low
C029011,8,N,long,0,low
C029012,6,N,long,0,low
C029013,10,Y,long,1,high
C029014,9,N,long,0,low
C029015,9,N,long,0,low
C029016,7,N,long,0,low
C029017,5,N,medium,0,medium
C029018,9,N,long,0,low
C029019,10,Y,long,1,high
C029020,8,N,long,0,low
C029021,6,Y,long,1,high
C029022,10,N,long,0,low
C029023,9,N,long,0,low
C029024,10,Y,long,1,high
C029025,6,Y,long,1,high
C029026,9,N,long,0,low
C029027,8,N,long,0,low
C029028,9,Y,long,1,high
C029029,10,Y,long,1,high
C029030,9,N,long,0,low
C029031,9,N,long,0,low
C029032,8,N,long,0,low
C029033,6,N,long,0,low
C029034,6,Y,long,1,high
C029035,5,N,medium,0,medium
C029036,10,Y,long,1,high
C029037,8,N,long,0,low
C029038,5,N,medium,0,medium
C029039,10,N,long,0,low
C029040,7,N,long,0,low
C029041,5,N,medium,0,medium
C029042,10,N,long,0,low
C029043,6,Y,long,1,high
C029044,10,N,long,0,low
C029045,9,N,long,0,low
C029046,6,N,long,0,low
C029047,10,N,long,0,low
C029048,5,N,medium,0,medium
C029049,5,Y,medium,1,high
C029050,6,N,long,0,low
C029051,5,N,medium,0,medium
C029052,5,N,medium,0,medium
C029053,7,N,long,0,low
C029054,5,N,medium,0,medium
C029055,8,N,long,0,low
C029056,6,N,long,0,low
C029057,5,N,medium,0,medium
C029058,10,N,long,0,low
C029059,7,N,long,0,low
C029060,5,N,medium,0,medium
C029061,6,N,long,0,low
C029062,6,Y,long,1,high
C029063,7,N,long,0,low
C029064,7,N,long,0,low
C029065,6,N,long,0,low
C029066,8,N,long,0,low
C029067,6,N,long,0,low
C029068,6,N,long,0,low
C029069,7,N,long,0,low
C029070,7,N,long,0,low
C029071,7,N,long,0,low
C029072,6,N,long,0,low
C029073,6,N,long,0,low
C029074,8,N,long,0,low
C029075,9,N,long,0,low
C029076,9,N,long,0,low
C029077,6,N,long,0,low
C029078,5,N,medium,0,medium
C029079,5,N,medium,0,medium
C029080,10,N,long,0,low
C029081,8,Y,long,1,high
C029082,10,N,long,0,low
C029083,5,N,medium,0,medium
C029084,7,N,long,0,low
C029085,8,N,long,0,low
C029086,5,N,medium,0,medium
C029087,9,N,long,0,low
C029088,7,N,long,0,low
C029089,6,N,long,0,low
C029090,7,N,long,0,low
C029091,5,Y,medium,1,high
C029092,7,Y,long,1,high
C029093,8,Y,long,1,high
C029094,5,Y,medium,1,high
C029095,8,N,long,0,low
C029096,7,N,long,0,low
C029097,10,N,long,0,low
C029098,7,N,long,0,low
C029099,9,N,long,0,low
C029100,8,Y,long,1,high
C029101,10,N,long,0,low
C029102,7,N,long,0,low
C029103,8,N,long,0,low
C029104,6,N,long,0,low
C029105,9,N,long,0,low
C029106,5,Y,medium,1,high
C029107,7,N,long,0,low
C029108,7,N,long,0,low
C029109,10,N,long,0,low
C029110,8,N,long,0,low
C029111,6,N,long,0,low
C029112,7,N,long,0,low
C029113,8,Y,long,1,high
C029114,6,N,long,0,low
C029115,8,Y,long,1,high
C029116,9,N,long,0,low
C029117,6,N,long,0,low
C029118,9,N,long,0,low
C029119,7,N,long,0,low
C029120,11,N,long,0,low
C029121,16,N,long,0,low
C029122,15,N,long,0,low
C029123,12,N,long,0,low
C029124,15,N,long,0,low
C029125,13,N,long,0,low
C029126,17,N,long,0,low
C029127,12,N,long,0,low
C029128,16,Y,long,1,high
C029129,13,Y,long,1,high
C029130,11,Y,long,1,high
C029131,17,N,long,0,low
C029132,14,Y,long,1,high
C029133,11,N,long,0,low
C029134,17,N,long,0,low
C029135,17,Y,long,1,high
C029136,13,N,long,0,low
C029137,13,N,long,0,low
C029138,11,N,long,0,low
C029139,16,N,long,0,low
C029140,13,N,long,0,low
C029141,13,N,long,0,low
C029142,17,N,long,0,low
C029143,17,N,long,0,low
C029144,12,Y,long,1,high
C029145,13,N,long,0,low
C029146,14,Y,long,1,high
C029147,15,N,long,0,low
C029148,12,N,long,0,low
C029149,14,N,long,0,low
C029150,11,Y,long,1,high
C029151,12,N,long,0,low
C029152,16,N,long,0,low
C029153,17,N,long,0,low
C029154,11,N,long,0,low
C029155,13,N,long,0,low
C029156,12,N,long,0,low
C029157,16,Y,long,1,high
C029158,14,N,long,0,low
C029159,11,N,long,0,low
C029160,12,N,long,0,low
C029161,17,N,long,0,low
C029162,14,N,long,0,low
C029163,12,N,long,0,low
C029164,13,N,long,0,low
C029165,15,Y,long,1,high
C029166,15,N,long,0,low
C029167,15,Y,long,1,high
C029168,15,N,long,0,low
C029169,12,N,long,0,low
C029170,14,N,long,0,low
C029171,11,Y,long,1,high
C029172,17,N,long,0,low
C029173,14,N,long,0,low
C029174,17,N,long,0,low
C029175,11,N,long,0,low
C029176,12,N,long,0,low
C029177,13,N,long,0,low
C029178,13,N,long,0,low
C029179,15,N,long,0,low
C029180,16,N,long,0,low
C029181,12,N,long,0,low
C029182,13,N,long,0,low
C029183,15,N,long,0,low
C029184,14,N,long,0,low
C029185,13,N,long,0,low
C029186,15,N,long,0,low
C029187,14,N,long,0,low
C029188,13,Y,long,1,high
C029189,13,N,long,0,low
C029190,11,N,long,0,low
C029191,13,N,long,0,low
C029192,15,Y,long,1,high
C029193,15,N,long,0,low
C029194,13,Y,long,1,high
C029195,17,N,long,0,low
C029196,14,N,long,0,low
C029197,17,N,long,0,low
C029198,14,Y,long,1,high
C029199,17,N,long,0,low
C029200,12,N,long,0,low
C029201,15,N,long,0,low
C029202,16,N,long,0,low
C029203,16,N,long,0,low
C029204,17,N,long,0,low
C029205,15,N,long,0,low
C029206,17,N,long,0,low
C029207,11,N,long,0,low
C029208,11,Y,long,1,high
C029209,11,N,long,0,low
C029210,15,N,long,0,low
C029211,11,N,long,0,low
C029212,14,N,long,0,low
C029213,17,N,long,0,low
C029214,14,Y,long,1,high
C029215,11,N,long,0,low
C029216,14,N,long,0,low
C029217,11,N,long,0,low
C029218,12,Y,long,1,high
C029219,15,Y,long,1,high
C029220,13,N,long,0,low
C029221,17,Y,long,1,high
C029222,17,N,long,0,low
C029223,17,Y,long,1,high
C029224,16,N,long,0,low
C029225,11,N,long,0,low
C029226,14,N,long,0,low
C029227,13,Y,long,1,high
C029228,12,N,long,0,low
C029229,16,Y,long,1,high
C029230,12,N,long,0,low
C029231,13,N,long,0,low
C029232,14,N,long,0,low
C029233,13,N,long,0,low
C029234,15,Y,long,1,high
C029235,13,N,long,0,low
C029236,16,Y,long,1,high
C029237,13,Y,long,1,high
C029238,11,N,long,0,low
C029239,15,N,long,0,low
C029240,16,N,long,0,low
C029241,16,N,long,0,low
C029242,11,N,long,0,low
C029243,16,Y,long,1,high
C029244,14,N,long,0,low
C029245,15,N,long,0,low
C029246,12,N,long,0,low
C029247,13,Y,long,1,high
C029248,14,N,long,0,low
C029249,13,N,long,0,low
C029250,13,Y,long,1,high
C029251,11,N,long,0,low
C029252,17,N,long,0,low
C029253,12,N,long,0,low
C029254,15,Y,long,1,high
C029255,11,N,long,0,low
C029256,17,N,long,0,low
C029257,11,N,long,0,low
C029258,15,N,long,0,low
C029259,16,N,long,0,low
C029260,12,N,long,0,low
C029261,15,Y,long,1,high
C029262,16,N,long,0,low
C029263,17,N,long,0,low
C029264,12,N,long,0,low
C029265,11,N,long,0,low
C029266,12,N,long,0,low
C029267,13,N,long,0,low
C029268,11,N,long,0,low
C029269,11,N,long,0,low
C029270,12,N,long,0,low
C029271,15,N,long,0,low
C029272,15,N,long,0,low
C029273,16,Y,long,1,high
C029274,13,N,long,0,low
C029275,13,N,long,0,low
C029276,11,Y,long,1,high
C029277,11,Y,long,1,high
C029278,12,Y,long,1,high
C029279,17,Y,long,1,high
C029280,15,N,long,0,low
C029281,11,N,long,0,low
C029282,12,N,long,0,low
C029283,16,N,long,0,low
C029284,12,N,long,0,low
C029285,13,N,long,0,low
C029286,12,Y,long,1,high
C029287,16,N,long,0,low
C029288,11,N,long,0,low
C029289,16,N,long,0,low
C029290,16,Y,long,1,high
C029291,12,N,long,0,low
C029292,15,N,long,0,low
C029293,16,N,long,0,low
C029294,13,N,long,0,low
C029295,11,N,long,0,low
C029296,16,N,long,0,low
C029297,14,N,long,0,low
C029298,11,Y,long,1,high
C029299,16,Y,long,1,high
C029300,17,N,long,0,low
C029301,12,N,long,0,low
C029302,15,N,long,0,low
C029303,14,N,long,0,low
C029304,14,N,long,0,low
C029305,17,Y,long,1,high
C029306,11,N,long,0,low
C029307,14,N,long,0,low
C029308,17,N,long,0,low
C029309,14,N,long,0,low
C029310,15,N,long,0,low
C029311,11,N,long,0,low
C029312,12,N,long,0,low
C029313,13,N,long,0,low
C029314,13,N,long,0,low
C029315,17,N,long,0,low
C029316,16,N,long,0,low
C029317,17,N,long,0,low
C029318,15,N,long,0,low
C029319,14,N,long,0,low
C029320,17,Y,long,1,high
C029321,14,N,long,0,low
C029322,14,N,long,0,low
C029323,11,N,long,0,low
C029324,12,N,long,0,low
C029325,12,Y,long,1,high
C029326,17,N,long,0,low
C029327,16,Y,long,1,high
C029328,12,N,long,0,low
C029329,12,N,long,0,low
C029330,17,N,long,0,low
C029331,16,N,long,0,low
C029332,11,Y,long,1,high
C029333,17,Y,long,1,high
C029334,15,N,long,0,low
C029335,13,N,long,0,low
C029336,16,N,long,0,low
C029337,16,N,long,0,low
C029338,15,N,long,0,low
C029339,11,Y,long,1,high
C029340,14,Y,long,1,high
C029341,14,N,long,0,low
C029342,15,N,long,0,low
C029343,17,N,long,0,low
C029344,15,N,long,0,low
C029345,13,N,long,0,low
C029346,17,N,long,0,low
C029347,16,N,long,0,low
C029348,11,N,long,0,low
C029349,11,N,long,0,low
C029350,16,N,long,0,low
C029351,16,Y,long,1,high
C029352,16,Y,long,1,high
C029353,14,N,long,0,low
C029354,16,N,long,0,low
C029355,12,N,long,0,low
C029356,16,N,long,0,low
C029357,17,N,long,0,low
C029358,17,N,long,0,low
C029359,14,N,long,0,low
C029360,11,N,long,0,low
C029361,15,N,long,0,low
C029362,16,N,long,0,low
C029363,16,N,long,0,low
C029364,16,N,long,0,low
C029365,13,N,long,0,low
C029366,15,Y,long,1,high
C029367,14,N,long,0,low
C029368,14,N,long,0,low
C029369,15,Y,long,1,high
C029370,13,Y,long,1,high
C029371,15,Y,long,1,high
C029372,11,N,long,0,low
C029373,14,Y,long,1,high
C029374,16,N,long,0,low
C029375,17,N,long,0,low
C029376,16,N,long,0,low
C029377,16,Y,long,1,high
C029378,13,N,long,0,low
C029379,12,N,long,0,low
C029380,11,N,long,0,low
C029381,14,N,long,0,low
C029382,15,Y,long,1,high
C029383,11,N,long,0,low
C029384,16,N,long,0,low
C029385,17,N,long,0,low
C029386,11,N,long,0,low
C029387,16,N,long,0,low
C029388,15,N,long,0,low
C029389,15,N,long,0,low
C029390,15,N,long,0,low
C029391,14,N,long,0,low
C029392,12,Y,long,1,high
C029393,12,N,long,0,low
C029394,16,N,long,0,low
C029395,17,N,long,0,low
C029396,11,N,long,0,low
C029397,15,N,long,0,low
C029398,17,N,long,0,low
C029399,13,N,long,0,low
C029400,16,N,long,0,low
C029401,14,N,long,0,low
C029402,12,N,long,0,low
C029403,11,N,long,0,low
C029404,17,N,long,0,low
C029405,14,Y,long,1,high
C029406,15,N,long,0,low
C029407,14,Y,long,1,high
C029408,14,N,long,0,low
C029409,14,N,long,0,low
C029410,16,N,long,0,low
C029411,16,N,long,0,low
C029412,14,N,long,0,low
C029413,12,N,long,0,low
C029414,17,N,long,0,low
C029415,12,Y,long,1,high
C029416,13,N,long,0,low
C029417,16,N,long,0,low
C029418,12,N,long,0,low
C029419,12,N,long,0,low
C029420,13,N,long,0,low
C029421,12,N,long,0,low
C029422,14,Y,long,1,high
C029423,12,Y,long,1,high
C029424,14,Y,long,1,high
C029425,13,N,long,0,low
C029426,14,N,long,0,low
C029427,17,N,long,0,low
C029428,16,N,long,0,low
C029429,16,N,long,0,low
C029430,12,N,long,0,low
C029431,11,N,long,0,low
C029432,15,N,long,0,low
C029433,14,N,long,0,low
C029434,11,Y,long,1,high
C029435,14,N,long,0,low
C029436,15,N,long,0,low
C029437,15,N,long,0,low
C029438,12,Y,long,1,high
C029439,13,N,long,0,low
C029440,13,N,long,0,low
C029441,15,N,long,0,low
C029442,17,N,long,0,low
C029443,11,N,long,0,low
C029444,13,N,long,0,low
C029445,17,N,long,0,low
C029446,15,Y,long,1,high
C029447,15,N,long,0,low
C029448,14,Y,long,1,high
C029449,14,Y,long,1,high
C029450,15,N,long,0,low
C029451,12,N,long,0,low
C029452,14,Y,long,1,high
C029453,13,Y,long,1,high
C029454,17,N,long,0,low
C029455,11,N,long,0,low
C029456,12,Y,long,1,high
C029457,16,N,long,0,low
C029458,16,N,long,0,low
C029459,11,N,long,0,low
C029460,13,N,long,0,low
C029461,12,N,long,0,low
C029462,16,N,long,0,low
C029463,15,N,long,0,low
C029464,17,N,long,0,low
C029465,13,N,long,0,low
C029466,16,N,long,0,low
C029467,14,N,long,0,low
C029468,14,Y,long,1,high
C029469,12,N,long,0,low
C029470,13,Y,long,1,high
C029471,15,N,long,0,low
C029472,14,N,long,0,low
C029473,17,N,long,0,low
C029474,17,N,long,0,low
C029475,13,N,long,0,low
C029476,11,N,long,0,low
C029477,15,Y,long,1,high
C029478,13,N,long,0,low
C029479,17,N,long,0,low
C029480,17,N,long,0,low
C029481,11,N,long,0,low
C029482,14,N,long,0,low
C029483,16,N,long,0,low
C029484,16,N,long,0,low
C029485,11,N,long,0,low
C029486,17,N,long,0,low
C029487,15,N,long,0,low
C029488,11,N,long,0,low
C029489,16,N,long,0,low
C029490,14,Y,long,1,high
C029491,11,N,long,0,low
C029492,12,N,long,0,low
C029493,12,N,long,0,low
C029494,12,Y,long,1,high
C029495,11,N,long,0,low
C029496,13,Y,long,1,high
C029497,11,N,long,0,low
C029498,11,N,long,0,low
C029499,11,N,long,0,low
C029500,17,N,long,0,low
C029501,15,N,long,0,low
C029502,13,Y,long,1,high
C029503,16,Y,long,1,high
C029504,14,N,long,0,low
C029505,17,N,long,0,low
C029506,14,N,long,0,low
C029507,12,N,long,0,low
C029508,17,Y,long,1,high
C029509,12,N,long,0,low
C029510,11,N,long,0,low
C029511,15,Y,long,1,high
C029512,17,N,long,0,low
C029513,13,N,long,0,low
C029514,17,N,long,0,low
C029515,12,N,long,0,low
C029516,13,N,long,0,low
C029517,11,N,long,0,low
C029518,12,Y,long,1,high
C029519,12,N,long,0,low
C029520,16,N,long,0,low
C029521,14,N,long,0,low
C029522,11,Y,long,1,high
C029523,17,N,long,0,low
C029524,14,N,long,0,low
C029525,17,N,long,0,low
C029526,17,N,long,0,low
C029527,14,N,long,0,low
C029528,14,Y,long,1,high
C029529,11,Y,long,1,high
C029530,13,N,long,0,low
C029531,17,N,long,0,low
C029532,16,N,long,0,low
C029533,11,Y,long,1,high
C029534,14,N,long,0,low
C029535,14,N,long,0,low
C029536,15,Y,long,1,high
C029537,14,N,long,0,low
C029538,16,Y,long,1,high
C029539,12,N,long,0,low
C029540,12,N,long,0,low
C029541,11,Y,long,1,high
C029542,11,N,long,0,low
C029543,17,N,long,0,low
C029544,11,Y,long,1,high
C029545,11,N,long,0,low
C029546,11,N,long,0,low
C029547,17,N,long,0,low
C029548,17,N,long,0,low
C029549,16,N,long,0,low
C029550,14,N,long,0,low
C029551,12,Y,long,1,high
C029552,16,N,long,0,low
C029553,15,N,long,0,low
C029554,17,N,long,0,low
C029555,16,N,long,0,low
C029556,17,Y,long,1,high
C029557,16,N,long,0,low
C029558,15,N,long,0,low
C029559,17,N,long,0,low
C029560,14,N,long,0,low
C029561,15,Y,long,1,high
C029562,11,N,long,0,low
C029563,17,N,long,0,low
C029564,15,N,long,0,low
C029565,16,Y,long,1,high
C029566,11,N,long,0,low
C029567,11,Y,long,1,high
C029568,16,N,long,0,low
C029569,11,N,long,0,low
C029570,14,N,long,0,low
C029571,13,N,long,0,low
C029572,17,N,long,0,low
C029573,15,N,long,0,low
C029574,13,N,long,0,low
C029575,12,N,long,0,low
C029576,17,Y,long,1,high
C029577,12,N,long,0,low
C029578,11,N,long,0,low
C029579,13,N,long,0,low
C029580,13,N,long,0,low
C029581,16,N,long,0,low
C029582,12,N,long,0,low
C029583,11,N,long,0,low
C029584,13,N,long,0,low
C029585,11,N,long,0,low
C029586,14,N,long,0,low
C029587,12,Y,long,1,high
C029588,11,N,long,0,low
C029589,17,N,long,0,low
C029590,17,N,long,0,low
C029591,11,N,long,0,low
C029592,16,N,long,0,low
C029593,11,Y,long,1,high
C029594,14,Y,long,1,high
C029595,12,N,long,0,low
C029596,15,N,long,0,low
C029597,13,Y,long,1,high
C029598,16,N,long,0,low
C029599,16,Y,long,1,high
C029600,11,N,long,0,low
C029601,13,N,long,0,low
C029602,12,N,long,0,low
C029603,12,N,long,0,low
C029604,11,N,long,0,low
C029605,14,N,long,0,low
C029606,16,N,long,0,low
C029607,16,N,long,0,low
C029608,16,N,long,0,low
C029609,15,N,long,0,low
C029610,17,N,long,0,low
C029611,15,N,long,0,low
C029612,17,N,long,0,low
C029613,11,N,long,0,low
C029614,16,N,long,0,low
C029615,14,N,long,0,low
C029616,13,N,long,0,low
C029617,12,N,long,0,low
C029618,14,N,long,0,low
C029619,13,N,long,0,low
C029620,11,N,long,0,low
C029621,14,N,long,0,low
C029622,11,N,long,0,low
C029623,11,N,long,0,low
C029624,13,N,long,0,low
C029625,15,N,long,0,low
C029626,11,N,long,0,low
C029627,13,Y,long,1,high
C029628,15,N,long,0,low
C029629,14,N,long,0,low
C029630,11,N,long,0,low
C029631,17,Y,long,1,high
C029632,14,N,long,0,low
C029633,12,N,long,0,low
C029634,17,N,long,0,low
C029635,14,N,long,0,low
C029636,15,N,long,0,low
C029637,16,N,long,0,low
C029638,15,N,long,0,low
C029639,14,N,long,0,low
C029640,12,N,long,0,low
C029641,15,N,long,0,low
C029642,14,N,long,0,low
C029643,14,Y,long,1,high
C029644,16,N,long,0,low
C029645,14,N,long,0,low
C029646,15,N,long,0,low
C029647,14,N,long,0,low
C029648,16,N,long,0,low
C029649,15,N,long,0,low
C029650,17,N,long,0,low
C029651,11,Y,long,1,high
C029652,13,N,long,0,low
C029653,12,N,long,0,low
C029654,13,N,long,0,low
C029655,14,N,long,0,low
C029656,14,N,long,0,low
C029657,16,N,long,0,low
C029658,11,N,long,0,low
C029659,14,N,long,0,low
C029660,15,N,long,0,low
C029661,13,N,long,0,low
C029662,15,N,long,0,low
C029663,11,N,long,0,low
C029664,17,N,long,0,low
C029665,15,N,long,0,low
C029666,16,N,long,0,low
C029667,17,N,long,0,low
C029668,16,N,long,0,low
C029669,17,N,long,0,low
C029670,12,N,long,0,low
C029671,12,N,long,0,low
C029672,12,Y,long,1,high
C029673,14,Y,long,1,high
C029674,12,N,long,0,low
C029675,16,N,long,0,low
C029676,13,N,long,0,low
C029677,16,Y,long,1,high
C029678,16,N,long,0,low
C029679,12,N,long,0,low
C029680,11,N,long,0,low
C029681,13,N,long,0,low
C029682,12,N,long,0,low
C029683,14,N,long,0,low
C029684,12,N,long,0,low
C029685,16,N,long,0,low
C029686,16,N,long,0,low
C029687,17,Y,long,1,high
C029688,11,N,long,0,low
C029689,13,N,long,0,low
C029690,13,N,long,0,low
C029691,14,N,long,0,low
C029692,17,N,long,0,low
C029693,11,N,long,0,low
C029694,13,N,long,0,low
C029695,17,N,long,0,low
C029696,14,N,long,0,low
C029697,16,Y,long,1,high
C029698,16,Y,long,1,high
C029699,12,N,long,0,low
C029700,13,Y,long,1,high
C029701,17,N,long,0,low
C029702,15,Y,long,1,high
C029703,13,N,long,0,low
C029704,12,N,long,0,low
C029705,12,N,long,0,low
C029706,13,N,long,0,low
C029707,12,N,long,0,low
C029708,15,N,long,0,low
C029709,15,N,long,0,low
C029710,17,N,long,0,low
C029711,17,N,long,0,low
C029712,16,N,long,0,low
C029713,15,N,long,0,low
C029714,12,N,long,0,low
C029715,15,N,long,0,low
C029716,13,N,long,0,low
C029717,12,N,long,0,low
C029718,13,N,long,0,low
C029719,14,N,long,0,low
C029720,12,N,long,0,low
C029721,11,N,long,0,low
C029722,15,N,long,0,low
C029723,15,N,long,0,low
C029724,15,N,long,0,low
C029725,12,N,long,0,low
C029726,15,N,long,0,low
C029727,13,N,long,0,low
C029728,16,N,long,0,low
C029729,16,N,long,0,low
C029730,15,Y,long,1,high
C029731,16,N,long,0,low
C029732,16,N,long,0,low
C029733,12,N,long,0,low
C029734,16,N,long,0,low
C029735,13,N,long,0,low
C029736,13,N,long,0,low
C029737,14,N,long,0,low
C029738,14,N,long,0,low
C029739,12,N,long,0,low
C029740,14,N,long,0,low
C029741,15,Y,long,1,high
C029742,11,N,long,0,low
C029743,11,N,long,0,low
C029744,13,N,long,0,low
C029745,16,N,long,0,low
C029746,17,N,long,0,low
C029747,13,N,long,0,low
C029748,14,N,long,0,low
C029749,12,N,long,0,low
C029750,11,N,long,0,low
C029751,17,N,long,0,low
C029752,13,N,long,0,low
C029753,16,N,long,0,low
C029754,13,N,long,0,low
C029755,17,N,long,0,low
C029756,13,N,long,0,low
C029757,14,N,long,0,low
C029758,14,N,long,0,low
C029759,12,N,long,0,low
C029760,14,N,long,0,low
C029761,11,N,long,0,low
C029762,14,N,long,0,low
C029763,16,N,long,0,low
C029764,11,N,long,0,low
C029765,16,Y,long,1,high
C029766,12,N,long,0,low
C029767,15,Y,long,1,high
C029768,12,Y,long,1,high
C029769,17,N,long,0,low
C029770,14,N,long,0,low
C029771,17,N,long,0,low
C029772,13,Y,long,1,high
C029773,15,N,long,0,low
C029774,14,N,long,0,low
C029775,15,N,long,0,low
C029776,12,N,long,0,low
C029777,15,N,long,0,low
C029778,12,N,long,0,low
C029779,16,N,long,0,low
C029780,13,N,long,0,low
C029781,11,N,long,0,low
C029782,15,N,long,0,low
C029783,12,N,long,0,low
C029784,16,N,long,0,low
C029785,14,N,long,0,low
C029786,17,N,long,0,low
C029787,12,Y,long,1,high
C029788,14,N,long,0,low
C029789,15,Y,long,1,high
C029790,11,N,long,0,low
C029791,17,N,long,0,low
C029792,13,N,long,0,low
C029793,12,N,long,0,low
C029794,12,N,long,0,low
C029795,15,N,long,0,low
C029796,17,N,long,0,low
C029797,17,N,long,0,low
C029798,12,N,long,0,low
C029799,13,N,long,0,low
C029800,17,Y,long,1,high
C029801,17,N,long,0,low
C029802,13,N,long,0,low
C029803,17,Y,long,1,high
C029804,11,N,long,0,low
C029805,15,N,long,0,low
C029806,13,N,long,0,low
C029807,15,N,long,0,low
C029808,12,N,long,0,low
C029809,16,N,long,0,low
C029810,17,N,long,0,low
C029811,17,N,long,0,low
C029812,11,N,long,0,low
C029813,13,N,long,0,low
C029814,12,N,long,0,low
C029815,11,N,long,0,low
C029816,16,N,long,0,low
C029817,14,N,long,0,low
C029818,14,N,long,0,low
C029819,13,N,long,0,low
C029820,16,N,long,0,low
C029821,14,Y,long,1,high
C029822,11,N,long,0,low
C029823,16,N,long,0,low
C029824,13,N,long,0,low
C029825,17,N,long,0,low
C029826,11,Y,long,1,high
C029827,12,N,long,0,low
C029828,11,N,long,0,low
C029829,16,N,long,0,low
C029830,15,N,long,0,low
C029831,14,N,long,0,low
C029832,12,N,long,0,low
C029833,12,N,long,0,low
C029834,16,N,long,0,low
C029835,12,Y,long,1,high
C029836,13,N,long,0,low
C029837,16,N,long,0,low
C029838,14,N,long,0,low
C029839,12,N,long,0,low
C029840,12,Y,long,1,high
C029841,17,N,long,0,low
C029842,13,N,long,0,low
C029843,13,N,long,0,low
C029844,16,Y,long,1,high
C029845,13,N,long,0,low
C029846,15,N,long,0,low
C029847,16,N,long,0,low
C029848,11,N,long,0,low
C029849,16,N,long,0,low
C029850,15,N,long,0,low
C029851,17,N,long,0,low
C029852,14,N,long,0,low
C029853,11,Y,long,1,high
C029854,14,Y,long,1,high
C029855,15,N,long,0,low
C029856,17,N,long,0,low
C029857,12,N,long,0,low
C029858,17,N,long,0,low
C029859,16,N,long,0,low
C029860,12,N,long,0,low
C029861,13,N,long,0,low
C029862,11,N,long,0,low
C029863,11,Y,long,1,high
C029864,11,N,long,0,low
C029865,16,N,long,0,low
C029866,16,N,long,0,low
C029867,16,N,long,0,low
C029868,12,N,long,0,low
C029869,11,N,long,0,low
C029870,16,N,long,0,low
C029871,12,N,long,0,low
C029872,13,N,long,0,low
C029873,14,N,long,0,low
C029874,11,N,long,0,low
C029875,13,Y,long,1,high
C029876,16,N,long,0,low
C029877,16,N,long,0,low
C029878,14,N,long,0,low
C029879,11,N,long,0,low
C029880,15,N,long,0,low
C029881,13,N,long,0,low
C029882,15,N,long,0,low
C029883,13,N,long,0,low
C029884,16,N,long,0,low
C029885,16,N,long,0,low
C029886,16,N,long,0,low
C029887,11,N,long,0,low
C029888,15,N,long,0,low
C029889,15,N,long,0,low
C029890,14,N,long,0,low
C029891,14,N,long,0,low
C029892,15,N,long,0,low
C029893,17,N,long,0,low
C029894,13,N,long,0,low
C029895,14,N,long,0,low
C029896,14,Y,long,1,high
C029897,11,Y,long,1,high
C029898,14,N,long,0,low
C029899,14,N,long,0,low
C029900,13,N,long,0,low
C029901,16,N,long,0,low
C029902,12,Y,long,1,high
C029903,16,N,long,0,low
C029904,14,Y,long,1,high
C029905,12,N,long,0,low
C029906,17,N,long,0,low
C029907,15,N,long,0,low
C029908,17,N,long,0,low
C029909,16,Y,long,1,high
C029910,11,N,long,0,low
C029911,11,Y,long,1,high
C029912,14,N,long,0,low
C029913,13,N,long,0,low
C029914,14,Y,long,1,high
C029915,14,N,long,0,low
C029916,13,Y,long,1,high
C029917,15,N,long,0,low
C029918,12,Y,long,1,high
C029919,17,N,long,0,low
C029920,14,N,long,0,low
C029921,11,N,long,0,low
C029922,15,N,long,0,low
C029923,14,N,long,0,low
C029924,12,Y,long,1,high
C029925,13,N,long,0,low
C029926,17,N,long,0,low
C029927,13,N,long,0,low
C029928,13,Y,long,1,high
C029929,15,N,long,0,low
C029930,16,N,long,0,low
C029931,15,N,long,0,low
C029932,17,N,long,0,low
C029933,16,Y,long,1,high
C029934,13,N,long,0,low
C029935,13,Y,long,1,high
C029936,16,N,long,0,low
C029937,14,N,long,0,low
C029938,13,N,long,0,low
C029939,11,Y,long,1,high
C029940,14,Y,long,1,high
C029941,12,N,long,0,low
C029942,13,Y,long,1,high
C029943,15,N,long,0,low
C029944,11,N,long,0,low
C029945,11,N,long,0,low
C029946,13,Y,long,1,high
C029947,15,N,long,0,low
C029948,12,N,long,0,low
C029949,11,Y,long,1,high
C029950,11,N,long,0,low
C029951,17,N,long,0,low
C029952,14,N,long,0,low
C029953,15,Y,long,1,high
C029954,13,N,long,0,low
C029955,15,N,long,0,low
C029956,12,N,long,0,low
C029957,15,N,long,0,low
C029958,17,N,long,0,low
C029959,13,Y,long,1,high
C029960,12,N,long,0,low
C029961,14,N,long,0,low
C029962,15,N,long,0,low
C029963,12,N,long,0,low
C029964,13,Y,long,1,high
C029965,14,N,long,0,low
C029966,13,N,long,0,low
C029967,13,N,long,0,low
C029968,14,Y,long,1,high
C029969,17,Y,long,1,high
C029970,16,N,long,0,low
C029971,16,N,long,0,low
C029972,16,N,long,0,low
C029973,17,N,long,0,low
C029974,11,N,long,0,low
C029975,15,Y,long,1,high
C029976,15,N,long,0,low
C029977,14,N,long,0,low
C029978,15,N,long,0,low
C029979,16,N,long,0,low
C029980,12,N,long,0,low
C029981,13,N,long,0,low
C029982,11,N,long,0,low
C029983,12,N,long,0,low
C029984,12,Y,long,1,high
C029985,16,Y,long,1,high
C029986,16,N,long,0,low
C029987,15,N,long,0,low
C029988,12,N,long,0,low
C029989,15,N,long,0,low
C029990,15,Y,long,1,high
C029991,15,N,long,0,low
C029992,12,N,long,0,low
C029993,13,Y,long,1,high
C029994,12,N,long,0,low
C029995,17,N,long,0,low
C029996,14,N,long,0,low
C029997,11,N,long,0,low
C029998,14,N,long,0,low
C029999,14,N,long,0,low
C030000,11,N,long,0,low
C030001,16,Y,long,1,high
C030002,12,N,long,0,low
C030003,14,N,long,0,low
C030004,13,Y,long,1,high
C030005,13,N,long,0,low
C030006,14,N,long,0,low
C030007,16,N,long,0,low
C030008,15,N,long,0,low
C030009,15,N,long,0,low
C030010,16,Y,long,1,high
C030011,13,N,long,0,low
C030012,17,N,long,0,low
C030013,15,N,long,0,low
C030014,17,N,long,0,low
C030015,14,N,long,0,low
C030016,14,N,long,0,low
C030017,12,N,long,0,low
C030018,16,N,long,0,low
C030019,15,N,long,0,low
C030020,15,N,long,0,low
C030021,12,N,long,0,low
C030022,11,N,long,0,low
C030023,13,N,long,0,low
C030024,12,N,long,0,low
C030025,12,Y,long,1,high
C030026,11,N,long,0,low
C030027,15,N,long,0,low
C030028,16,N,long,0,low
C030029,11,N,long,0,low
C030030,12,Y,long,1,high
C030031,11,N,long,0,low
C030032,13,N,long,0,low
C030033,12,N,long,0,low
C030034,12,N,long,0,low
C030035,13,Y,long,1,high
C030036,14,N,long,0,low
C030037,14,N,long,0,low
C030038,12,N,long,0,low
C030039,13,N,long,0,low
C030040,12,N,long,0,low
C030041,12,N,long,0,low
C030042,15,N,long,0,low
C030043,14,N,long,0,low
C030044,17,N,long,0,low
C030045,13,N,long,0,low
C030046,11,N,long,0,low
C030047,13,N,long,0,low
C030048,12,N,long,0,low
C030049,16,N,long,0,low
C030050,15,Y,long,1,high
C030051,14,N,long,0,low
C030052,13,N,long,0,low
C030053,17,N,long,0,low
C030054,12,N,long,0,low
C030055,16,N,long,0,low
C030056,11,N,long,0,low
C030057,14,N,long,0,low
C030058,14,N,long,0,low
C030059,17,N,long,0,low
C030060,16,N,long,0,low
C030061,16,N,long,0,low
C030062,15,N,long,0,low
C030063,17,N,long,0,low
C030064,11,N,long,0,low
C030065,17,Y,long,1,high
C030066,12,N,long,0,low
C030067,17,N,long,0,low
C030068,13,N,long,0,low
C030069,16,Y,long,1,high
C030070,16,N,long,0,low
C030071,16,N,long,0,low
C030072,16,N,long,0,low
C030073,16,N,long,0,low
C030074,14,Y,long,1,high
C030075,15,N,long,0,low
C030076,11,Y,long,1,high
C030077,13,Y,long,1,high
C030078,11,N,long,0,low
C030079,12,N,long,0,low
C030080,14,Y,long,1,high
C030081,14,N,long,0,low
C030082,15,N,long,0,low
C030083,12,N,long,0,low
C030084,15,Y,long,1,high
C030085,13,N,long,0,low
C030086,16,N,long,0,low
C030087,16,N,long,0,low
C030088,17,N,long,0,low
C030089,16,N,long,0,low
C030090,14,N,long,0,low
C030091,15,N,long,0,low
C030092,11,N,long,0,low
C030093,13,Y,long,1,high
C030094,17,Y,long,1,high
C030095,16,Y,long,1,high
C030096,16,Y,long,1,high
C030097,13,Y,long,1,high
C030098,14,N,long,0,low
C030099,17,N,long,0,low
C030100,11,N,long,0,low
C030101,16,N,long,0,low
C030102,14,N,long,0,low
C030103,17,Y,long,1,high
C030104,14,N,long,0,low
C030105,17,N,long,0,low
C030106,15,N,long,0,low
C030107,15,N,long,0,low
C030108,17,N,long,0,low
C030109,12,N,long,0,low
C030110,14,N,long,0,low
C030111,16,N,long,0,low
C030112,11,N,long,0,low
C030113,15,N,long,0,low
C030114,15,N,long,0,low
C030115,13,N,long,0,low
C030116,17,Y,long,1,high
C030117,11,N,long,0,low
C030118,13,N,long,0,low
C030119,14,N,long,0,low
C030120,13,N,long,0,low
C030121,12,N,long,0,low
C030122,16,N,long,0,low
C030123,15,N,long,0,low
C030124,11,N,long,0,low
C030125,12,N,long,0,low
C030126,12,N,long,0,low
C030127,15,Y,long,1,high
C030128,16,N,long,0,low
C030129,17,N,long,0,low
C030130,17,N,long,0,low
C030131,13,N,long,0,low
C030132,13,N,long,0,low
C030133,16,N,long,0,low
C030134,15,N,long,0,low
C030135,16,N,long,0,low
C030136,11,N,long,0,low
C030137,16,N,long,0,low
C030138,12,N,long,0,low
C030139,12,Y,long,1,high
C030140,17,Y,long,1,high
C030141,13,N,long,0,low
C030142,11,N,long,0,low
C030143,13,N,long,0,low
C030144,14,N,long,0,low
C030145,14,N,long,0,low
C030146,15,N,long,0,low
C030147,11,N,long,0,low
C030148,17,N,long,0,low
C030149,13,N,long,0,low
C030150,15,N,long,0,low
C030151,14,N,long,0,low
C030152,12,N,long,0,low
C030153,11,N,long,0,low
C030154,16,N,long,0,low
C030155,16,N,long,0,low
C030156,11,N,long,0,low
C030157,17,N,long,0,low
C030158,11,N,long,0,low
C030159,13,N,long,0,low
C030160,16,N,long,0,low
C030161,15,N,long,0,low
C030162,15,Y,long,1,high
C030163,11,N,long,0,low
C030164,15,N,long,0,low
C030165,11,N,long,0,low
C030166,14,N,long,0,low
C030167,12,N,long,0,low
C030168,13,N,long,0,low
C030169,14,N,long,0,low
C030170,14,N,long,0,low
C030171,11,Y,long,1,high
C030172,11,N,long,0,low
C030173,13,N,long,0,low
C030174,12,N,long,0,low
C030175,13,Y,long,1,high
C030176,11,N,long,0,low
C030177,15,N,long,0,low
C030178,12,N,long,0,low
C030179,11,N,long,0,low
C030180,17,N,long,0,low
C030181,12,N,long,0,low
C030182,12,N,long,0,low
C030183,17,Y,long,1,high
C030184,12,N,long,0,low
C030185,15,N,long,0,low
C030186,13,N,long,0,low
C030187,12,Y,long,1,high
C030188,14,N,long,0,low
C030189,12,N,long,0,low
C030190,17,N,long,0,low
C030191,14,N,long,0,low
C030192,13,N,long,0,low
C030193,13,N,long,0,low
C030194,12,N,long,0,low
C030195,16,N,long,0,low
C030196,14,N,long,0,low
C030197,15,N,long,0,low
C030198,11,N,long,0,low
C030199,16,N,long,0,low
C030200,12,N,long,0,low
C030201,11,N,long,0,low
C030202,13,Y,long,1,high
C030203,14,N,long,0,low
C030204,11,N,long,0,low
C030205,12,N,long,0,low
C030206,14,Y,long,1,high
C030207,17,Y,long,1,high
C030208,14,Y,long,1,high
C030209,16,Y,long,1,high
C030210,14,N,long,0,low
C030211,13,Y,long,1,high
C030212,17,N,long,0,low
C030213,15,N,long,0,low
C030214,15,N,long,0,low
C030215,11,Y,long,1,high
C030216,15,N,long,0,low
C030217,17,N,long,0,low
C030218,12,Y,long,1,high
C030219,16,N,long,0,low
C030220,16,N,long,0,low
C030221,17,Y,long,1,high
C030222,11,N,long,0,low
C030223,14,N,long,0,low
C030224,17,N,long,0,low
C030225,16,N,long,0,low
C030226,12,N,long,0,low
C030227,12,N,long,0,low
C030228,17,N,long,0,low
C030229,13,N,long,0,low
C030230,13,N,long,0,low
C030231,11,N,long,0,low
C030232,17,N,long,0,low
C030233,11,N,long,0,low
C030234,17,N,long,0,low
C030235,13,N,long,0,low
C030236,12,N,long,0,low
C030237,13,N,long,0,low
C030238,17,N,long,0,low
C030239,12,N,long,0,low
C030240,17,N,long,0,low
C030241,17,N,long,0,low
C030242,12,N,long,0,low
C030243,17,Y,long,1,high
C030244,11,N,long,0,low
C030245,11,Y,long,1,high
C030246,16,N,long,0,low
C030247,16,N,long,0,low
C030248,12,N,long,0,low
C030249,16,N,long,0,low
C030250,15,N,long,0,low
C030251,17,N,long,0,low
C030252,13,N,long,0,low
C030253,12,Y,long,1,high
C030254,11,Y,long,1,high
C030255,12,Y,long,1,high
C030256,12,N,long,0,low
C030257,13,N,long,0,low
C030258,12,Y,long,1,high
C030259,12,N,long,0,low
C030260,13,N,long,0,low
C030261,12,N,long,0,low
C030262,12,N,long,0,low
C030263,14,N,long,0,low
C030264,15,Y,long,1,high
C030265,12,N,long,0,low
C030266,11,N,long,0,low
C030267,12,N,long,0,low
C030268,12,N,long,0,low
C030269,12,N,long,0,low
C030270,15,N,long,0,low
C030271,12,N,long,0,low
C030272,14,N,long,0,low
C030273,16,Y,long,1,high
C030274,13,N,long,0,low
C030275,15,N,long,0,low
C030276,17,N,long,0,low
C030277,12,N,long,0,low
C030278,11,N,long,0,low
C030279,15,N,long,0,low
C030280,15,N,long,0,low
C030281,17,N,long,0,low
C030282,15,N,long,0,low
C030283,14,N,long,0,low
C030284,12,N,long,0,low
C030285,16,N,long,0,low
C030286,15,N,long,0,low
C030287,12,N,long,0,low
C030288,17,N,long,0,low
C030289,15,N,long,0,low
C030290,17,N,long,0,low
C030291,14,Y,long,1,high
C030292,15,N,long,0,low
C030293,15,N,long,0,low
C030294,17,N,long,0,low
C030295,13,N,long,0,low
C030296,15,Y,long,1,high
C030297,15,N,long,0,low
C030298,11,N,long,0,low
C030299,16,N,long,0,low
C030300,15,N,long,0,low
C030301,13,N,long,0,low
C030302,12,N,long,0,low
C030303,11,N,long,0,low
C030304,16,N,long,0,low
C030305,11,N,long,0,low
C030306,13,Y,long,1,high
C030307,17,N,long,0,low
C030308,13,N,long,0,low
C030309,16,N,long,0,low
C030310,14,N,long,0,low
C030311,17,N,long,0,low
C030312,17,N,long,0,low
C030313,13,N,long,0,low
C030314,14,N,long,0,low
C030315,14,N,long,0,low
C030316,17,N,long,0,low
C030317,17,N,long,0,low
C030318,12,N,long,0,low
C030319,13,Y,long,1,high
C030320,11,N,long,0,low
C030321,12,N,long,0,low
C030322,12,N,long,0,low
C030323,11,N,long,0,low
C030324,12,Y,long,1,high
C030325,14,N,long,0,low
C030326,17,N,long,0,low
C030327,11,N,long,0,low
C030328,16,N,long,0,low
C030329,12,N,long,0,low
C030330,15,Y,long,1,high
C030331,14,N,long,0,low
C030332,14,N,long,0,low
C030333,17,N,long,0,low
C030334,11,N,long,0,low
C030335,16,N,long,0,low
C030336,11,N,long,0,low
C030337,13,N,long,0,low
C030338,15,N,long,0,low
C030339,14,N,long,0,low
C030340,17,N,long,0,low
C030341,12,N,long,0,low
C030342,17,N,long,0,low
C030343,15,N,long,0,low
C030344,13,N,long,0,low
C030345,16,N,long,0,low
C030346,16,N,long,0,low
C030347,12,N,long,0,low
C030348,13,N,long,0,low
C030349,13,N,long,0,low
C030350,12,N,long,0,low
C030351,12,N,long,0,low
C030352,14,N,long,0,low
C030353,12,N,long,0,low
C030354,15,N,long,0,low
C030355,13,N,long,0,low
C030356,15,N,long,0,low
C030357,11,N,long,0,low
C030358,12,N,long,0,low
C030359,16,N,long,0,low
C030360,16,N,long,0,low
C030361,11,N,long,0,low
C030362,15,N,long,0,low
C030363,14,N,long,0,low
C030364,12,N,long,0,low
C030365,14,Y,long,1,high
C030366,17,N,long,0,low
C030367,15,N,long,0,low
C030368,15,N,long,0,low
C030369,13,N,long,0,low
C030370,12,N,long,0,low
C030371,17,N,long,0,low
C030372,12,Y,long,1,high
C030373,13,N,long,0,low
C030374,13,Y,long,1,high
C030375,15,N,long,0,low
C030376,12,N,long,0,low
C030377,14,N,long,0,low
C030378,15,N,long,0,low
C030379,14,Y,long,1,high
C030380,13,N,long,0,low
C030381,12,N,long,0,low
C030382,15,Y,long,1,high
C030383,17,Y,long,1,high
C030384,16,N,long,0,low
C030385,11,N,long,0,low
C030386,16,N,long,0,low
C030387,17,N,long,0,low
C030388,11,N,long,0,low
C030389,14,N,long,0,low
C030390,11,N,long,0,low
C030391,12,Y,long,1,high
C030392,15,N,long,0,low
C030393,17,N,long,0,low
C030394,16,N,long,0,low
C030395,14,N,long,0,low
C030396,12,N,long,0,low
C030397,11,N,long,0,low
C030398,13,Y,long,1,high
C030399,16,N,long,0,low
C030400,12,N,long,0,low
C030401,15,N,long,0,low
C030402,11,N,long,0,low
C030403,11,N,long,0,low
C030404,13,N,long,0,low
C030405,14,N,long,0,low
C030406,16,N,long,0,low
C030407,15,Y,long,1,high
C030408,16,N,long,0,low
C030409,15,Y,long,1,high
C030410,15,N,long,0,low
C030411,16,N,long,0,low
C030412,13,Y,long,1,high
C030413,11,N,long,0,low
C030414,14,N,long,0,low
C030415,17,Y,long,1,high
C030416,17,N,long,0,low
C030417,17,N,long,0,low
C030418,16,N,long,0,low
C030419,15,N,long,0,low
C030420,13,N,long,0,low
C030421,11,N,long,0,low
C030422,16,N,long,0,low
C030423,16,N,long,0,low
C030424,11,N,long,0,low
C030425,11,N,long,0,low
C030426,14,N,long,0,low
C030427,17,N,long,0,low
C030428,17,N,long,0,low
C030429,11,Y,long,1,high
C030430,14,N,long,0,low
C030431,15,N,long,0,low
C030432,14,N,long,0,low
C030433,16,N,long,0,low
C030434,16,Y,long,1,high
C030435,15,N,long,0,low
C030436,16,N,long,0,low
C030437,13,N,long,0,low
C030438,16,N,long,0,low
C030439,11,N,long,0,low
C030440,14,N,long,0,low
C030441,12,N,long,0,low
C030442,14,N,long,0,low
C030443,15,N,long,0,low
C030444,12,N,long,0,low
C030445,17,N,long,0,low
C030446,13,Y,long,1,high
C030447,13,N,long,0,low
C030448,11,N,long,0,low
C030449,15,N,long,0,low
C030450,12,Y,long,1,high
C030451,11,N,long,0,low
C030452,11,N,long,0,low
C030453,13,N,long,0,low
C030454,15,N,long,0,low
C030455,14,N,long,0,low
C030456,16,N,long,0,low
C030457,16,N,long,0,low
C030458,16,Y,long,1,high
C030459,14,N,long,0,low
C030460,11,N,long,0,low
C030461,17,N,long,0,low
C030462,14,N,long,0,low
C030463,14,N,long,0,low
C030464,11,N,long,0,low
C030465,17,N,long,0,low
C030466,17,N,long,0,low
C030467,11,Y,long,1,high
C030468,11,N,long,0,low
C030469,13,N,long,0,low
C030470,16,N,long,0,low
C030471,14,Y,long,1,high
C030472,17,N,long,0,low
C030473,17,N,long,0,low
C030474,14,N,long,0,low
C030475,15,N,long,0,low
C030476,14,Y,long,1,high
C030477,12,Y,long,1,high
C030478,11,N,long,0,low
C030479,16,N,long,0,low
C030480,15,N,long,0,low
C030481,15,N,long,0,low
C030482,12,N,long,0,low
C030483,12,N,long,0,low
C030484,12,N,long,0,low
C030485,15,N,long,0,low
C030486,14,N,long,0,low
C030487,15,N,long,0,low
C030488,16,N,long,0,low
C030489,11,N,long,0,low
C030490,12,Y,long,1,high
C030491,17,N,long,0,low
C030492,12,N,long,0,low
C030493,17,N,long,0,low
C030494,13,N,long,0,low
C030495,15,N,long,0,low
C030496,13,N,long,0,low
C030497,14,N,long,0,low
C030498,12,Y,long,1,high
C030499,12,N,long,0,low
C030500,13,N,long,0,low
C030501,17,N,long,0,low
C030502,11,N,long,0,low
C030503,16,N,long,0,low
C030504,12,N,long,0,low
C030505,17,N,long,0,low
C030506,13,N,long,0,low
C030507,14,N,long,0,low
C030508,15,N,long,0,low
C030509,16,Y,long,1,high
C030510,12,N,long,0,low
C030511,13,N,long,0,low
C030512,14,N,long,0,low
C030513,16,N,long,0,low
C030514,17,N,long,0,low
C030515,16,Y,long,1,high
C030516,14,N,long,0,low
C030517,11,N,long,0,low
C030518,14,N,long,0,low
C030519,16,N,long,0,low
C030520,11,N,long,0,low
C030521,13,Y,long,1,high
C030522,15,N,long,0,low
C030523,12,N,long,0,low
C030524,15,N,long,0,low
C030525,12,N,long,0,low
C030526,15,N,long,0,low
C030527,15,N,long,0,low
C030528,14,N,long,0,low
C030529,16,N,long,0,low
C030530,12,N,long,0,low
C030531,16,N,long,0,low
C030532,14,Y,long,1,high
C030533,11,Y,long,1,high
C030534,11,N,long,0,low
C030535,14,N,long,0,low
C030536,12,N,long,0,low
C030537,15,N,long,0,low
C030538,13,N,long,0,low
C030539,13,N,long,0,low
C030540,14,N,long,0,low
C030541,14,N,long,0,low
C030542,12,Y,long,1,high
C030543,15,N,long,0,low
C030544,16,Y,long,1,high
C030545,13,N,long,0,low
C030546,11,Y,long,1,high
C030547,14,N,long,0,low
C030548,17,Y,long,1,high
C030549,17,N,long,0,low
C030550,14,Y,long,1,high
C030551,11,N,long,0,low
C030552,13,N,long,0,low
C030553,13,N,long,0,low
C030554,11,N,long,0,low
C030555,11,N,long,0,low
C030556,17,N,long,0,low
C030557,16,N,long,0,low
C030558,16,N,long,0,low
C030559,12,N,long,0,low
C030560,13,N,long,0,low
C030561,14,N,long,0,low
C030562,17,N,long,0,low
C030563,17,N,long,0,low
C030564,13,N,long,0,low
C030565,15,N,long,0,low
C030566,11,N,long,0,low
C030567,11,N,long,0,low
C030568,13,N,long,0,low
C030569,15,Y,long,1,high
C030570,14,N,long,0,low
C030571,15,N,long,0,low
C030572,17,N,long,0,low
C030573,14,Y,long,1,high
C030574,14,N,long,0,low
C030575,12,N,long,0,low
C030576,14,N,long,0,low
C030577,17,N,long,0,low
C030578,15,N,long,0,low
C030579,16,N,long,0,low
C030580,14,Y,long,1,high
C030581,11,N,long,0,low
C030582,14,N,long,0,low
C030583,13,N,long,0,low
C030584,12,N,long,0,low
C030585,13,Y,long,1,high
C030586,13,N,long,0,low
C030587,12,N,long,0,low
C030588,11,Y,long,1,high
C030589,15,N,long,0,low
C030590,17,Y,long,1,high
C030591,12,Y,long,1,high
C030592,16,N,long,0,low
C030593,15,N,long,0,low
C030594,16,Y,long,1,high
C030595,13,N,long,0,low
C030596,17,N,long,0,low
C030597,15,N,long,0,low
C030598,12,N,long,0,low
C030599,12,N,long,0,low
C030600,14,Y,long,1,high
C030601,13,N,long,0,low
C030602,11,N,long,0,low
C030603,14,N,long,0,low
C030604,14,Y,long,1,high
C030605,17,N,long,0,low
C030606,17,N,long,0,low
C030607,14,Y,long,1,high
C030608,15,N,long,0,low
C030609,17,N,long,0,low
C030610,13,Y,long,1,high
C030611,16,N,long,0,low
C030612,12,N,long,0,low
C030613,15,N,long,0,low
C030614,11,N,long,0,low
C030615,12,Y,long,1,high
C030616,14,Y,long,1,high
C030617,16,N,long,0,low
C030618,16,N,long,0,low
C030619,16,Y,long,1,high
C030620,17,N,long,0,low
C030621,17,Y,long,1,high
C030622,13,N,long,0,low
C030623,15,N,long,0,low
C030624,16,N,long,0,low
C030625,11,N,long,0,low
C030626,17,N,long,0,low
C030627,13,N,long,0,low
C030628,13,Y,long,1,high
C030629,14,N,long,0,low
C030630,12,N,long,0,low
C030631,17,N,long,0,low
C030632,13,N,long,0,low
C030633,14,N,long,0,low
C030634,13,Y,long,1,high
C030635,12,N,long,0,low
C030636,12,N,long,0,low
C030637,14,N,long,0,low
C030638,15,N,long,0,low
C030639,13,N,long,0,low
C030640,16,N,long,0,low
C030641,13,N,long,0,low
C030642,11,N,long,0,low
C030643,14,N,long,0,low
C030644,17,N,long,0,low
C030645,11,N,long,0,low
C030646,14,Y,long,1,high
C030647,16,N,long,0,low
C030648,14,N,long,0,low
C030649,17,N,long,0,low
C030650,11,N,long,0,low
C030651,12,N,long,0,low
C030652,11,N,long,0,low
C030653,16,N,long,0,low
C030654,15,N,long,0,low
C030655,13,N,long,0,low
C030656,11,N,long,0,low
C030657,15,N,long,0,low
C030658,17,N,long,0,low
C030659,12,N,long,0,low
C030660,15,N,long,0,low
C030661,16,N,long,0,low
C030662,12,N,long,0,low
C030663,13,N,long,0,low
C030664,16,Y,long,1,high
C030665,11,N,long,0,low
C030666,11,Y,long,1,high
C030667,14,N,long,0,low
C030668,12,N,long,0,low
C030669,16,N,long,0,low
C030670,17,N,long,0,low
C030671,13,N,long,0,low
C030672,12,N,long,0,low
C030673,15,N,long,0,low
C030674,14,N,long,0,low
C030675,14,N,long,0,low
C030676,11,N,long,0,low
C030677,11,N,long,0,low
C030678,17,Y,long,1,high
C030679,14,N,long,0,low
C030680,11,N,long,0,low
C030681,16,Y,long,1,high
C030682,14,Y,long,1,high
C030683,17,N,long,0,low
C030684,15,N,long,0,low
C030685,11,N,long,0,low
C030686,12,N,long,0,low
C030687,13,N,long,0,low
C030688,11,N,long,0,low
C030689,15,N,long,0,low
C030690,17,Y,long,1,high
C030691,17,N,long,0,low
C030692,14,N,long,0,low
C030693,11,N,long,0,low
C030694,16,N,long,0,low
C030695,16,N,long,0,low
C030696,16,N,long,0,low
C030697,15,N,long,0,low
C030698,12,N,long,0,low
C030699,12,Y,long,1,high
C030700,17,N,long,0,low
C030701,16,N,long,0,low
C030702,13,N,long,0,low
C030703,12,N,long,0,low
C030704,15,N,long,0,low
C030705,14,N,long,0,low
C030706,15,N,long,0,low
C030707,14,N,long,0,low
C030708,12,N,long,0,low
C030709,14,N,long,0,low
C030710,14,Y,long,1,high
C030711,14,N,long,0,low
C030712,15,Y,long,1,high
C030713,12,N,long,0,low
C030714,12,N,long,0,low
C030715,17,N,long,0,low
C030716,14,N,long,0,low
C030717,11,N,long,0,low
C030718,11,N,long,0,low
C030719,14,N,long,0,low
C030720,14,Y,long,1,high
C030721,14,Y,long,1,high
C030722,14,Y,long,1,high
C030723,17,N,long,0,low
C030724,17,Y,long,1,high
C030725,12,N,long,0,low
C030726,13,N,long,0,low
C030727,15,N,long,0,low
C030728,17,N,long,0,low
C030729,11,N,long,0,low
C030730,13,Y,long,1,high
C030731,11,N,long,0,low
C030732,13,N,long,0,low
C030733,11,N,long,0,low
C030734,16,N,long,0,low
C030735,15,N,long,0,low
C030736,15,N,long,0,low
C030737,16,N,long,0,low
C030738,15,Y,long,1,high
C030739,14,N,long,0,low
C030740,17,Y,long,1,high
C030741,13,Y,long,1,high
C030742,13,N,long,0,low
C030743,16,N,long,0,low
C030744,12,N,long,0,low
C030745,15,N,long,0,low
C030746,12,N,long,0,low
C030747,14,N,long,0,low
C030748,16,N,long,0,low
C030749,17,N,long,0,low
C030750,13,N,long,0,low
C030751,12,N,long,0,low
C030752,14,N,long,0,low
C030753,14,N,long,0,low
C030754,17,Y,long,1,high
C030755,17,N,long,0,low
C030756,11,N,long,0,low
C030757,13,N,long,0,low
C030758,14,N,long,0,low
C030759,16,N,long,0,low
C030760,15,N,long,0,low
C030761,17,N,long,0,low
C030762,16,N,long,0,low
C030763,16,N,long,0,low
C030764,17,N,long,0,low
C030765,15,N,long,0,low
C030766,13,N,long,0,low
C030767,17,Y,long,1,high
C030768,11,N,long,0,low
C030769,12,N,long,0,low
C030770,16,N,long,0,low
C030771,14,Y,long,1,high
C030772,12,N,long,0,low
C030773,14,N,long,0,low
C030774,13,N,long,0,low
C030775,17,N,long,0,low
C030776,16,N,long,0,low
C030777,17,N,long,0,low
C030778,13,N,long,0,low
C030779,12,N,long,0,low
C030780,13,Y,long,1,high
C030781,12,N,long,0,low
C030782,12,N,long,0,low
C030783,12,Y,long,1,high
C030784,12,N,long,0,low
C030785,14,Y,long,1,high
C030786,16,N,long,0,low
C030787,13,N,long,0,low
C030788,16,N,long,0,low
C030789,13,N,long,0,low
C030790,13,N,long,0,low
C030791,17,N,long,0,low
C030792,15,N,long,0,low
C030793,11,N,long,0,low
C030794,13,N,long,0,low
C030795,16,Y,long,1,high
C030796,15,N,long,0,low
C030797,11,N,long,0,low
C030798,14,N,long,0,low
C030799,13,N,long,0,low
C030800,12,Y,long,1,high
C030801,17,N,long,0,low
C030802,16,N,long,0,low
C030803,13,N,long,0,low
C030804,16,N,long,0,low
C030805,11,N,long,0,low
C030806,15,N,long,0,low
C030807,15,N,long,0,low
C030808,13,N,long,0,low
C030809,15,N,long,0,low
C030810,12,N,long,0,low
C030811,16,N,long,0,low
C030812,12,N,long,0,low
C030813,16,Y,long,1,high
C030814,14,N,long,0,low
C030815,14,N,long,0,low
C030816,16,N,long,0,low
C030817,14,N,long,0,low
C030818,17,N,long,0,low
C030819,13,N,long,0,low
C030820,13,Y,long,1,high
C030821,11,N,long,0,low
C030822,13,N,long,0,low
C030823,13,N,long,0,low
C030824,15,N,long,0,low
C030825,15,N,long,0,low
C030826,15,N,long,0,low
C030827,15,N,long,0,low
C030828,12,N,long,0,low
C030829,12,N,long,0,low
C030830,17,Y,long,1,high
C030831,11,N,long,0,low
C030832,16,N,long,0,low
C030833,11,N,long,0,low
C030834,16,N,long,0,low
C030835,11,Y,long,1,high
C030836,14,Y,long,1,high
C030837,15,N,long,0,low
C030838,17,N,long,0,low
C030839,16,N,long,0,low
C030840,11,N,long,0,low
C030841,11,Y,long,1,high
C030842,15,N,long,0,low
C030843,12,N,long,0,low
C030844,11,N,long,0,low
C030845,14,N,long,0,low
C030846,17,N,long,0,low
C030847,16,Y,long,1,high
C030848,15,N,long,0,low
C030849,15,N,long,0,low
C030850,13,N,long,0,low
C030851,17,Y,long,1,high
C030852,11,N,long,0,low
C030853,17,N,long,0,low
C030854,11,N,long,0,low
C030855,11,N,long,0,low
C030856,14,Y,long,1,high
C030857,13,N,long,0,low
C030858,14,N,long,0,low
C030859,12,Y,long,1,high
C030860,15,N,long,0,low
C030861,12,N,long,0,low
C030862,15,N,long,0,low
C030863,12,N,long,0,low
C030864,13,Y,long,1,high
C030865,13,N,long,0,low
C030866,16,N,long,0,low
C030867,15,N,long,0,low
C030868,11,N,long,0,low
C030869,14,N,long,0,low
C030870,11,N,long,0,low
C030871,17,N,long,0,low
C030872,15,Y,long,1,high
C030873,12,N,long,0,low
C030874,11,N,long,0,low
C030875,15,N,long,0,low
C030876,15,N,long,0,low
C030877,13,N,long,0,low
C030878,11,N,long,0,low
C030879,15,N,long,0,low
C030880,15,N,long,0,low
C030881,14,N,long,0,low
C030882,11,N,long,0,low
C030883,17,N,long,0,low
C030884,15,N,long,0,low
C030885,11,N,long,0,low
C030886,16,N,long,0,low
C030887,12,N,long,0,low
C030888,13,N,long,0,low
C030889,15,N,long,0,low
C030890,11,N,long,0,low
C030891,13,N,long,0,low
C030892,11,N,long,0,low
C030893,14,N,long,0,low
C030894,12,N,long,0,low
C030895,16,N,long,0,low
C030896,11,N,long,0,low
C030897,17,N,long,0,low
C030898,15,N,long,0,low
C030899,12,N,long,0,low
C030900,17,N,long,0,low
C030901,11,N,long,0,low
C030902,12,N,long,0,low
C030903,14,N,long,0,low
C030904,14,N,long,0,low
C030905,12,N,long,0,low
C030906,13,N,long,0,low
C030907,14,N,long,0,low
C030908,12,N,long,0,low
C030909,12,N,long,0,low
C030910,12,Y,long,1,high
C030911,17,N,long,0,low
C030912,12,N,long,0,low
C030913,16,N,long,0,low
C030914,16,N,long,0,low
C030915,17,N,long,0,low
C030916,13,N,long,0,low
C030917,14,N,long,0,low
C030918,16,N,long,0,low
C030919,15,N,long,0,low
C030920,17,N,long,0,low
C030921,14,N,long,0,low
C030922,15,N,long,0,low
C030923,15,N,long,0,low
C030924,14,N,long,0,low
C030925,11,N,long,0,low
C030926,17,N,long,0,low
C030927,14,N,long,0,low
C030928,15,N,long,0,low
C030929,12,N,long,0,low
C030930,12,N,long,0,low
C030931,12,N,long,0,low
C030932,17,Y,long,1,high
C030933,17,N,long,0,low
C030934,13,Y,long,1,high
C030935,12,N,long,0,low
C030936,14,N,long,0,low
C030937,12,N,long,0,low
C030938,15,N,long,0,low
C030939,13,N,long,0,low
C030940,13,Y,long,1,high
C030941,15,N,long,0,low
C030942,12,N,long,0,low
C030943,14,N,long,0,low
C030944,11,N,long,0,low
C030945,13,N,long,0,low
C030946,16,Y,long,1,high
C030947,12,N,long,0,low
C030948,17,N,long,0,low
C030949,14,N,long,0,low
C030950,17,N,long,0,low
C030951,14,Y,long,1,high
C030952,14,N,long,0,low
C030953,11,N,long,0,low
C030954,11,N,long,0,low
C030955,16,N,long,0,low
C030956,11,N,long,0,low
C030957,13,N,long,0,low
C030958,11,N,long,0,low
C030959,15,N,long,0,low
C030960,12,Y,long,1,high
C030961,14,N,long,0,low
C030962,11,N,long,0,low
C030963,17,N,long,0,low
C030964,13,N,long,0,low
C030965,16,N,long,0,low
C030966,11,N,long,0,low
C030967,11,N,long,0,low
C030968,17,N,long,0,low
C030969,12,N,long,0,low
C030970,16,N,long,0,low
C030971,16,N,long,0,low
C030972,13,N,long,0,low
C030973,15,N,long,0,low
C030974,16,N,long,0,low
C030975,15,N,long,0,low
C030976,12,Y,long,1,high
C030977,12,N,long,0,low
C030978,12,Y,long,1,high
C030979,14,N,long,0,low
C030980,14,Y,long,1,high
C030981,11,N,long,0,low
C030982,12,N,long,0,low
C030983,13,N,long,0,low
C030984,15,N,long,0,low
C030985,13,N,long,0,low
C030986,14,N,long,0,low
C030987,14,N,long,0,low
C030988,14,N,long,0,low
C030989,13,N,long,0,low
C030990,17,N,long,0,low
C030991,14,N,long,0,low
C030992,12,N,long,0,low
C030993,13,N,long,0,low
C030994,15,N,long,0,low
C030995,17,Y,long,1,high
C030996,11,N,long,0,low
C030997,16,Y,long,1,high
C030998,14,N,long,0,low
C030999,14,N,long,0,low
C031000,16,N,long,0,low
C031001,14,Y,long,1,high
C031002,11,N,long,0,low
C031003,17,Y,long,1,high
C031004,12,Y,long,1,high
C031005,17,N,long,0,low
C031006,13,N,long,0,low
C031007,15,N,long,0,low
C031008,13,N,long,0,low
C031009,12,N,long,0,low
C031010,14,N,long,0,low
C031011,13,Y,long,1,high
C031012,11,N,long,0,low
C031013,17,N,long,0,low
C031014,17,N,long,0,low
C031015,12,N,long,0,low
C031016,15,N,long,0,low
C031017,17,N,long,0,low
C031018,12,N,long,0,low
C031019,15,N,long,0,low
C031020,12,N,long,0,low
C031021,16,Y,long,1,high
C031022,12,N,long,0,low
C031023,16,N,long,0,low
C031024,11,N,long,0,low
C031025,16,N,long,0,low
C031026,12,N,long,0,low
C031027,14,N,long,0,low
C031028,15,Y,long,1,high
C031029,14,N,long,0,low
C031030,16,N,long,0,low
C031031,14,N,long,0,low
C031032,11,Y,long,1,high
C031033,11,N,long,0,low
C031034,13,N,long,0,low
C031035,17,N,long,0,low
C031036,15,N,long,0,low
C031037,13,N,long,0,low
C031038,17,N,long,0,low
C031039,15,Y,long,1,high
C031040,17,N,long,0,low
C031041,11,N,long,0,low
C031042,13,N,long,0,low
C031043,14,N,long,0,low
C031044,11,N,long,0,low
C031045,11,N,long,0,low
C031046,11,N,long,0,low
C031047,15,N,long,0,low
C031048,14,N,long,0,low
C031049,14,N,long,0,low
C031050,16,N,long,0,low
C031051,13,N,long,0,low
C031052,13,N,long,0,low
C031053,14,N,long,0,low
C031054,16,Y,long,1,high
C031055,15,N,long,0,low
C031056,11,N,long,0,low
C031057,12,N,long,0,low
C031058,14,Y,long,1,high
C031059,15,Y,long,1,high
C031060,14,Y,long,1,high
C031061,12,N,long,0,low
C031062,12,Y,long,1,high
C031063,15,Y,long,1,high
C031064,15,N,long,0,low
C031065,15,N,long,0,low
C031066,16,N,long,0,low
C031067,13,N,long,0,low
C031068,12,Y,long,1,high
C031069,16,Y,long,1,high
C031070,15,Y,long,1,high
C031071,13,N,long,0,low
C031072,14,N,long,0,low
C031073,12,N,long,0,low
C031074,14,N,long,0,low
C031075,12,Y,long,1,high
C031076,14,N,long,0,low
C031077,14,N,long,0,low
C031078,11,N,long,0,low
C031079,15,N,long,0,low
C031080,11,N,long,0,low
C031081,12,N,long,0,low
C031082,16,N,long,0,low
C031083,16,N,long,0,low
C031084,15,Y,long,1,high
C031085,13,N,long,0,low
C031086,11,N,long,0,low
C031087,12,N,long,0,low
C031088,11,N,long,0,low
C031089,12,N,long,0,low
C031090,14,N,long,0,low
C031091,14,Y,long,1,high
C031092,15,N,long,0,low
C031093,14,N,long,0,low
C031094,12,Y,long,1,high
C031095,13,N,long,0,low
C031096,17,N,long,0,low
C031097,11,N,long,0,low
C031098,14,N,long,0,low
C031099,16,Y,long,1,high
C031100,12,Y,long,1,high
C031101,14,N,long,0,low
C031102,16,N,long,0,low
C031103,12,N,long,0,low
C031104,12,N,long,0,low
C031105,16,N,long,0,low
C031106,13,N,long,0,low
C031107,12,N,long,0,low
C031108,13,Y,long,1,high
C031109,17,N,long,0,low
C031110,11,N,long,0,low
C031111,16,N,long,0,low
C031112,16,N,long,0,low
C031113,16,N,long,0,low
C031114,12,N,long,0,low
C031115,12,N,long,0,low
C031116,12,N,long,0,low
C031117,16,N,long,0,low
C031118,16,N,long,0,low
C031119,13,Y,long,1,high
C031120,15,N,long,0,low
C031121,14,N,long,0,low
C031122,16,N,long,0,low
C031123,13,Y,long,1,high
C031124,14,N,long,0,low
C031125,15,N,long,0,low
C031126,11,N,long,0,low
C031127,13,N,long,0,low
C031128,12,N,long,0,low
C031129,14,N,long,0,low
C031130,17,N,long,0,low
C031131,16,Y,long,1,high
C031132,12,N,long,0,low
C031133,14,N,long,0,low
C031134,11,N,long,0,low
C031135,13,N,long,0,low
C031136,15,N,long,0,low
C031137,16,N,long,0,low
C031138,16,N,long,0,low
C031139,16,N,long,0,low
C031140,14,N,long,0,low
C031141,12,N,long,0,low
C031142,11,N,long,0,low
C031143,17,N,long,0,low
C031144,11,N,long,0,low
C031145,13,Y,long,1,high
C031146,16,N,long,0,low
C031147,12,N,long,0,low
C031148,11,N,long,0,low
C031149,12,N,long,0,low
C031150,11,N,long,0,low
C031151,13,N,long,0,low
C031152,14,Y,long,1,high
C031153,12,N,long,0,low
C031154,14,N,long,0,low
C031155,13,N,long,0,low
C031156,15,N,long,0,low
C031157,12,Y,long,1,high
C031158,15,N,long,0,low
C031159,13,Y,long,1,high
C031160,16,N,long,0,low
C031161,11,N,long,0,low
C031162,16,N,long,0,low
C031163,15,N,long,0,low
C031164,11,N,long,0,low
C031165,16,N,long,0,low
C031166,14,N,long,0,low
C031167,17,Y,long,1,high
C031168,14,N,long,0,low
C031169,13,N,long,0,low
C031170,16,N,long,0,low
C031171,17,N,long,0,low
C031172,14,N,long,0,low
C031173,12,N,long,0,low
C031174,14,N,long,0,low
C031175,17,N,long,0,low
C031176,12,N,long,0,low
C031177,15,N,long,0,low
C031178,15,N,long,0,low
C031179,15,N,long,0,low
C031180,15,N,long,0,low
C031181,17,N,long,0,low
C031182,11,N,long,0,low
C031183,15,N,long,0,low
C031184,16,N,long,0,low
C031185,16,N,long,0,low
C031186,13,N,long,0,low
C031187,15,N,long,0,low
C031188,16,N,long,0,low
C031189,13,N,long,0,low
C031190,13,N,long,0,low
C031191,13,N,long,0,low
C031192,14,N,long,0,low
C031193,15,Y,long,1,high
C031194,13,N,long,0,low
C031195,13,N,long,0,low
C031196,13,Y,long,1,high
C031197,11,Y,long,1,high
C031198,13,Y,long,1,high
C031199,15,N,long,0,low
C031200,11,N,long,0,low
C031201,11,N,long,0,low
C031202,15,N,long,0,low
C031203,16,N,long,0,low
C031204,17,Y,long,1,high
C031205,14,N,long,0,low
C031206,12,N,long,0,low
C031207,13,N,long,0,low
C031208,15,N,long,0,low
C031209,11,N,long,0,low
C031210,15,N,long,0,low
C031211,14,N,long,0,low
C031212,16,N,long,0,low
C031213,13,N,long,0,low
C031214,16,N,long,0,low
C031215,12,N,long,0,low
C031216,11,N,long,0,low
C031217,12,N,long,0,low
C031218,15,N,long,0,low
C031219,16,N,long,0,low
C031220,13,Y,long,1,high
C031221,13,N,long,0,low
C031222,11,N,long,0,low
C031223,16,Y,long,1,high
C031224,17,N,long,0,low
C031225,14,N,long,0,low
C031226,11,N,long,0,low
C031227,14,N,long,0,low
C031228,15,N,long,0,low
C031229,12,N,long,0,low
C031230,14,N,long,0,low
C031231,12,N,long,0,low
C031232,12,Y,long,1,high
C031233,17,N,long,0,low
C031234,15,N,long,0,low
C031235,15,Y,long,1,high
C031236,17,Y,long,1,high
C031237,17,N,long,0,low
C031238,16,N,long,0,low
C031239,12,Y,long,1,high
C031240,13,N,long,0,low
C031241,16,N,long,0,low
C031242,13,N,long,0,low
C031243,11,N,long,0,low
C031244,14,N,long,0,low
C031245,12,Y,long,1,high
C031246,17,N,long,0,low
C031247,12,N,long,0,low
C031248,14,N,long,0,low
C031249,11,N,long,0,low
C031250,16,Y,long,1,high
C031251,11,N,long,0,low
C031252,13,N,long,0,low
C031253,12,N,long,0,low
C031254,13,N,long,0,low
C031255,17,Y,long,1,high
C031256,17,N,long,0,low
C031257,11,Y,long,1,high
C031258,11,N,long,0,low
C031259,15,N,long,0,low
C031260,16,N,long,0,low
C031261,14,Y,long,1,high
C031262,16,N,long,0,low
C031263,15,N,long,0,low
C031264,16,N,long,0,low
C031265,16,N,long,0,low
C031266,16,N,long,0,low
C031267,12,N,long,0,low
C031268,17,N,long,0,low
C031269,16,N,long,0,low
C031270,17,N,long,0,low
C031271,17,N,long,0,low
C031272,15,N,long,0,low
C031273,16,N,long,0,low
C031274,16,N,long,0,low
C031275,12,N,long,0,low
C031276,15,N,long,0,low
C031277,11,N,long,0,low
C031278,16,N,long,0,low
C031279,17,N,long,0,low
C031280,14,N,long,0,low
C031281,17,N,long,0,low
C031282,12,N,long,0,low
C031283,13,N,long,0,low
C031284,12,N,long,0,low
C031285,12,Y,long,1,high
C031286,14,N,long,0,low
C031287,15,N,long,0,low
C031288,13,N,long,0,low
C031289,13,N,long,0,low
C031290,12,N,long,0,low
C031291,13,Y,long,1,high
C031292,11,N,long,0,low
C031293,14,N,long,0,low
C031294,16,N,long,0,low
C031295,16,Y,long,1,high
C031296,16,N,long,0,low
C031297,13,N,long,0,low
C031298,12,N,long,0,low
C031299,15,N,long,0,low
C031300,13,N,long,0,low
C031301,12,N,long,0,low
C031302,11,N,long,0,low
C031303,12,N,long,0,low
C031304,12,Y,long,1,high
C031305,13,Y,long,1,high
C031306,17,N,long,0,low
C031307,14,N,long,0,low
C031308,11,N,long,0,low
C031309,17,Y,long,1,high
C031310,16,N,long,0,low
C031311,13,N,long,0,low
C031312,14,N,long,0,low
C031313,13,N,long,0,low
C031314,16,N,long,0,low
C031315,17,N,long,0,low
C031316,12,N,long,0,low
C031317,12,N,long,0,low
C031318,15,N,long,0,low
C031319,13,N,long,0,low
C031320,11,N,long,0,low
C031321,15,Y,long,1,high
C031322,17,N,long,0,low
C031323,12,N,long,0,low
C031324,11,N,long,0,low
C031325,17,N,long,0,low
C031326,13,N,long,0,low
C031327,13,N,long,0,low
C031328,16,N,long,0,low
C031329,14,N,long,0,low
C031330,12,Y,long,1,high
C031331,16,N,long,0,low
C031332,17,N,long,0,low
C031333,17,N,long,0,low
C031334,11,N,long,0,low
C031335,11,Y,long,1,high
C031336,13,Y,long,1,high
C031337,14,N,long,0,low
C031338,14,Y,long,1,high
C031339,14,N,long,0,low
C031340,17,N,long,0,low
C031341,13,N,long,0,low
C031342,13,N,long,0,low
C031343,12,Y,long,1,high
C031344,15,N,long,0,low
C031345,12,Y,long,1,high
C031346,12,N,long,0,low
C031347,15,N,long,0,low
C031348,12,Y,long,1,high
C031349,14,N,long,0,low
C031350,14,N,long,0,low
C031351,13,N,long,0,low
C031352,15,Y,long,1,high
C031353,17,N,long,0,low
C031354,14,N,long,0,low
C031355,13,N,long,0,low
C031356,16,N,long,0,low
C031357,17,N,long,0,low
C031358,14,N,long,0,low
C031359,14,N,long,0,low
C031360,16,N,long,0,low
C031361,13,N,long,0,low
C031362,11,N,long,0,low
C031363,11,N,long,0,low
C031364,12,N,long,0,low
C031365,12,N,long,0,low
C031366,11,N,long,0,low
C031367,16,N,long,0,low
C031368,14,N,long,0,low
C031369,14,N,long,0,low
C031370,14,N,long,0,low
C031371,12,N,long,0,low
C031372,11,Y,long,1,high
C031373,15,N,long,0,low
C031374,16,N,long,0,low
C031375,12,N,long,0,low
C031376,16,N,long,0,low
C031377,13,Y,long,1,high
C031378,14,N,long,0,low
C031379,11,N,long,0,low
C031380,13,N,long,0,low
C031381,13,N,long,0,low
C031382,12,Y,long,1,high
C031383,13,N,long,0,low
C031384,16,Y,long,1,high
C031385,15,N,long,0,low
C031386,17,Y,long,1,high
C031387,13,N,long,0,low
C031388,14,N,long,0,low
C031389,11,Y,long,1,high
C031390,14,Y,long,1,high
C031391,12,Y,long,1,high
C031392,17,N,long,0,low
C031393,17,Y,long,1,high
C031394,17,Y,long,1,high
C031395,15,Y,long,1,high
C031396,14,N,long,0,low
C031397,16,N,long,0,low
C031398,14,N,long,0,low
C031399,16,N,long,0,low
C031400,11,N,long,0,low
C031401,14,Y,long,1,high
C031402,11,N,long,0,low
C031403,16,N,long,0,low
C031404,11,N,long,0,low
C031405,15,N,long,0,low
C031406,13,N,long,0,low
C031407,14,Y,long,1,high
C031408,17,N,long,0,low
C031409,14,N,long,0,low
C031410,12,N,long,0,low
C031411,16,N,long,0,low
C031412,13,N,long,0,low
C031413,12,Y,long,1,high
C031414,11,N,long,0,low
C031415,14,N,long,0,low
C031416,14,N,long,0,low
C031417,12,N,long,0,low
C031418,17,Y,long,1,high
C031419,13,N,long,0,low
C031420,15,N,long,0,low
C031421,15,N,long,0,low
C031422,16,N,long,0,low
C031423,11,N,long,0,low
C031424,16,N,long,0,low
C031425,16,N,long,0,low
C031426,14,N,long,0,low
C031427,13,N,long,0,low
C031428,14,N,long,0,low
C031429,13,Y,long,1,high
C031430,13,N,long,0,low
C031431,15,N,long,0,low
C031432,12,Y,long,1,high
C031433,12,N,long,0,low
C031434,11,N,long,0,low
C031435,13,N,long,0,low
C031436,12,Y,long,1,high
C031437,11,Y,long,1,high
C031438,17,N,long,0,low
C031439,12,N,long,0,low
C031440,17,Y,long,1,high
C031441,17,N,long,0,low
C031442,11,Y,long,1,high
C031443,13,N,long,0,low
C031444,15,Y,long,1,high
C031445,12,N,long,0,low
C031446,15,N,long,0,low
C031447,17,N,long,0,low
C031448,14,N,long,0,low
C031449,16,N,long,0,low
C031450,16,N,long,0,low
C031451,11,N,long,0,low
C031452,12,Y,long,1,high
C031453,14,Y,long,1,high
C031454,14,N,long,0,low
C031455,13,N,long,0,low
C031456,11,N,long,0,low
C031457,15,Y,long,1,high
C031458,11,Y,long,1,high
C031459,14,Y,long,1,high
C031460,16,N,long,0,low
C031461,17,N,long,0,low
C031462,16,N,long,0,low
C031463,14,N,long,0,low
C031464,13,N,long,0,low
C031465,16,Y,long,1,high
C031466,16,N,long,0,low
C031467,13,N,long,0,low
C031468,17,Y,long,1,high
C031469,14,Y,long,1,high
C031470,15,N,long,0,low
C031471,11,Y,long,1,high
C031472,12,N,long,0,low
C031473,13,N,long,0,low
C031474,11,N,long,0,low
C031475,16,Y,long,1,high
C031476,17,N,long,0,low
C031477,15,N,long,0,low
C031478,16,N,long,0,low
C031479,17,N,long,0,low
C031480,11,N,long,0,low
C031481,16,N,long,0,low
C031482,16,N,long,0,low
C031483,15,N,long,0,low
C031484,15,N,long,0,low
C031485,16,N,long,0,low
C031486,11,N,long,0,low
C031487,14,N,long,0,low
C031488,16,N,long,0,low
C031489,16,Y,long,1,high
C031490,17,N,long,0,low
C031491,12,N,long,0,low
C031492,17,N,long,0,low
C031493,13,Y,long,1,high
C031494,16,N,long,0,low
C031495,13,N,long,0,low
C031496,14,N,long,0,low
C031497,16,N,long,0,low
C031498,14,N,long,0,low
C031499,12,N,long,0,low
C031500,16,N,long,0,low
C031501,15,N,long,0,low
C031502,15,N,long,0,low
C031503,14,N,long,0,low
C031504,12,N,long,0,low
C031505,13,N,long,0,low
C031506,17,N,long,0,low
C031507,13,N,long,0,low
C031508,15,N,long,0,low
C031509,14,Y,long,1,high
C031510,14,N,long,0,low
C031511,13,N,long,0,low
C031512,11,N,long,0,low
C031513,11,N,long,0,low
C031514,17,N,long,0,low
C031515,12,N,long,0,low
C031516,17,N,long,0,low
C031517,14,N,long,0,low
C031518,17,N,long,0,low
C031519,11,N,long,0,low
C031520,11,N,long,0,low
C031521,12,N,long,0,low
C031522,15,N,long,0,low
C031523,17,Y,long,1,high
C031524,15,Y,long,1,high
C031525,16,N,long,0,low
C031526,13,Y,long,1,high
C031527,16,N,long,0,low
C031528,15,N,long,0,low
C031529,11,N,long,0,low
C031530,17,N,long,0,low
C031531,16,N,long,0,low
C031532,14,N,long,0,low
C031533,17,Y,long,1,high
C031534,17,Y,long,1,high
C031535,11,N,long,0,low
C031536,14,N,long,0,low
C031537,15,N,long,0,low
C031538,17,N,long,0,low
C031539,12,N,long,0,low
C031540,15,N,long,0,low
C031541,11,Y,long,1,high
C031542,11,N,long,0,low
C031543,11,N,long,0,low
C031544,11,N,long,0,low
C031545,14,N,long,0,low
C031546,14,Y,long,1,high
C031547,15,N,long,0,low
C031548,11,N,long,0,low
C031549,11,N,long,0,low
C031550,11,N,long,0,low
C031551,17,Y,long,1,high
C031552,14,N,long,0,low
C031553,15,N,long,0,low
C031554,14,N,long,0,low
C031555,15,N,long,0,low
C031556,13,N,long,0,low
C031557,12,N,long,0,low
C031558,16,N,long,0,low
C031559,15,Y,long,1,high
C031560,11,N,long,0,low
C031561,15,N,long,0,low
C031562,12,N,long,0,low
C031563,15,N,long,0,low
C031564,14,N,long,0,low
C031565,12,Y,long,1,high
C031566,15,N,long,0,low
C031567,16,Y,long,1,high
C031568,14,N,long,0,low
C031569,16,N,long,0,low
C031570,15,N,long,0,low
C031571,11,N,long,0,low
C031572,12,N,long,0,low
C031573,12,Y,long,1,high
C031574,15,N,long,0,low
C031575,11,N,long,0,low
C031576,14,N,long,0,low
C031577,11,N,long,0,low
C031578,14,N,long,0,low
C031579,13,N,long,0,low
C031580,14,N,long,0,low
C031581,12,Y,long,1,high
C031582,17,Y,long,1,high
C031583,11,N,long,0,low
C031584,17,N,long,0,low
C031585,11,N,long,0,low
C031586,12,N,long,0,low
C031587,17,N,long,0,low
C031588,17,N,long,0,low
C031589,15,Y,long,1,high
C031590,11,N,long,0,low
C031591,14,N,long,0,low
C031592,16,N,long,0,low
C031593,11,Y,long,1,high
C031594,17,N,long,0,low
C031595,16,N,long,0,low
C031596,16,N,long,0,low
C031597,12,N,long,0,low
C031598,11,N,long,0,low
C031599,17,N,long,0,low
C031600,16,N,long,0,low
C031601,14,N,long,0,low
C031602,13,Y,long,1,high
C031603,15,N,long,0,low
C031604,12,N,long,0,low
C031605,15,Y,long,1,high
C031606,14,Y,long,1,high
C031607,17,N,long,0,low
C031608,16,N,long,0,low
C031609,14,Y,long,1,high
C031610,15,Y,long,1,high
C031611,13,Y,long,1,high
C031612,13,N,long,0,low
C031613,17,Y,long,1,high
C031614,12,N,long,0,low
C031615,17,N,long,0,low
C031616,15,N,long,0,low
C031617,14,N,long,0,low
C031618,17,N,long,0,low
C031619,12,N,long,0,low
C031620,11,N,long,0,low
C031621,13,N,long,0,low
C031622,15,N,long,0,low
C031623,12,N,long,0,low
C031624,14,N,long,0,low
C031625,12,N,long,0,low
C031626,17,Y,long,1,high
C031627,11,N,long,0,low
C031628,11,N,long,0,low
C031629,12,N,long,0,low
C031630,15,N,long,0,low
C031631,15,N,long,0,low
C031632,13,N,long,0,low
C031633,11,Y,long,1,high
C031634,16,N,long,0,low
C031635,17,N,long,0,low
C031636,14,Y,long,1,high
C031637,11,N,long,0,low
C031638,13,N,long,0,low
C031639,11,N,long,0,low
C031640,16,N,long,0,low
C031641,13,N,long,0,low
C031642,17,N,long,0,low
C031643,14,Y,long,1,high
C031644,12,N,long,0,low
C031645,15,Y,long,1,high
C031646,12,N,long,0,low
C031647,12,N,long,0,low
C031648,13,N,long,0,low
C031649,15,N,long,0,low
C031650,15,N,long,0,low
C031651,13,N,long,0,low
C031652,14,N,long,0,low
C031653,15,N,long,0,low
C031654,11,N,long,0,low
C031655,16,N,long,0,low
C031656,17,N,long,0,low
C031657,14,N,long,0,low
C031658,13,N,long,0,low
C031659,15,N,long,0,low
C031660,17,N,long,0,low
C031661,11,Y,long,1,high
C031662,11,Y,long,1,high
C031663,17,Y,long,1,high
C031664,14,N,long,0,low
C031665,12,N,long,0,low
C031666,11,N,long,0,low
C031667,14,Y,long,1,high
C031668,13,Y,long,1,high
C031669,11,N,long,0,low
C031670,11,N,long,0,low
C031671,12,Y,long,1,high
C031672,14,N,long,0,low
C031673,13,N,long,0,low
C031674,11,N,long,0,low
C031675,11,N,long,0,low
C031676,12,N,long,0,low
C031677,12,N,long,0,low
C031678,11,N,long,0,low
C031679,11,N,long,0,low
C031680,13,Y,long,1,high
C031681,16,Y,long,1,high
C031682,14,N,long,0,low
C031683,16,Y,long,1,high
C031684,15,N,long,0,low
C031685,16,Y,long,1,high
C031686,13,Y,long,1,high
C031687,16,N,long,0,low
C031688,15,N,long,0,low
C031689,11,N,long,0,low
C031690,17,N,long,0,low
C031691,11,N,long,0,low
C031692,12,N,long,0,low
C031693,16,Y,long,1,high
C031694,13,N,long,0,low
C031695,13,N,long,0,low
C031696,14,N,long,0,low
C031697,16,N,long,0,low
C031698,12,N,long,0,low
C031699,16,Y,long,1,high
C031700,16,N,long,0,low
C031701,16,Y,long,1,high
C031702,14,Y,long,1,high
C031703,12,N,long,0,low
C031704,14,N,long,0,low
C031705,11,N,long,0,low
C031706,16,N,long,0,low
C031707,11,N,long,0,low
C031708,16,N,long,0,low
C031709,16,N,long,0,low
C031710,13,Y,long,1,high
C031711,13,N,long,0,low
C031712,12,N,long,0,low
C031713,13,N,long,0,low
C031714,13,Y,long,1,high
C031715,12,N,long,0,low
C031716,15,N,long,0,low
C031717,15,Y,long,1,high
C031718,15,N,long,0,low
C031719,12,Y,long,1,high
C031720,17,Y,long,1,high
C031721,12,N,long,0,low
C031722,15,Y,long,1,high
C031723,14,N,long,0,low
C031724,14,Y,long,1,high
C031725,11,N,long,0,low
C031726,11,N,long,0,low
C031727,15,N,long,0,low
C031728,14,Y,long,1,high
C031729,14,N,long,0,low
C031730,17,N,long,0,low
C031731,14,N,long,0,low
C031732,13,N,long,0,low
C031733,16,N,long,0,low
C031734,12,N,long,0,low
C031735,12,Y,long,1,high
C031736,11,N,long,0,low
C031737,14,N,long,0,low
C031738,16,N,long,0,low
C031739,16,N,long,0,low
C031740,14,N,long,0,low
C031741,15,N,long,0,low
C031742,17,N,long,0,low
C031743,17,Y,long,1,high
C031744,15,N,long,0,low
C031745,11,N,long,0,low
C031746,17,N,long,0,low
C031747,15,Y,long,1,high
C031748,14,Y,long,1,high
C031749,13,N,long,0,low
C031750,12,Y,long,1,high
C031751,13,N,long,0,low
C031752,16,N,long,0,low
C031753,15,N,long,0,low
C031754,15,N,long,0,low
C031755,13,N,long,0,low
C031756,12,N,long,0,low
C031757,14,N,long,0,low
C031758,12,N,long,0,low
C031759,15,N,long,0,low
C031760,12,N,long,0,low
C031761,15,N,long,0,low
C031762,11,N,long,0,low
C031763,11,N,long,0,low
C031764,11,N,long,0,low
C031765,12,N,long,0,low
C031766,17,N,long,0,low
C031767,16,N,long,0,low
C031768,12,Y,long,1,high
C031769,11,N,long,0,low
C031770,12,N,long,0,low
C031771,16,N,long,0,low
C031772,12,N,long,0,low
C031773,15,N,long,0,low
C031774,17,N,long,0,low
C031775,11,N,long,0,low
C031776,15,Y,long,1,high
C031777,11,N,long,0,low
C031778,14,N,long,0,low
C031779,15,N,long,0,low
C031780,14,N,long,0,low
C031781,11,N,long,0,low
C031782,12,N,long,0,low
C031783,14,N,long,0,low
C031784,14,N,long,0,low
C031785,16,N,long,0,low
C031786,16,N,long,0,low
C031787,14,N,long,0,low
C031788,17,Y,long,1,high
C031789,14,N,long,0,low
C031790,15,N,long,0,low
C031791,12,N,long,0,low
C031792,16,N,long,0,low
C031793,16,N,long,0,low
C031794,14,Y,long,1,high
C031795,11,N,long,0,low
C031796,15,N,long,0,low
C031797,16,N,long,0,low
C031798,17,N,long,0,low
C031799,15,N,long,0,low
C031800,16,Y,long,1,high
C031801,14,Y,long,1,high
C031802,16,N,long,0,low
C031803,16,N,long,0,low
C031804,15,N,long,0,low
C031805,14,N,long,0,low
C031806,12,N,long,0,low
C031807,14,N,long,0,low
C031808,13,N,long,0,low
C031809,15,N,long,0,low
C031810,12,N,long,0,low
C031811,17,N,long,0,low
C031812,13,N,long,0,low
C031813,17,N,long,0,low
C031814,12,Y,long,1,high
C031815,15,N,long,0,low
C031816,16,N,long,0,low
C031817,12,N,long,0,low
C031818,17,N,long,0,low
C031819,17,N,long,0,low
C031820,11,N,long,0,low
C031821,13,N,long,0,low
C031822,12,N,long,0,low
C031823,16,N,long,0,low
C031824,14,N,long,0,low
C031825,15,N,long,0,low
C031826,12,N,long,0,low
C031827,17,N,long,0,low
C031828,12,N,long,0,low
C031829,13,N,long,0,low
C031830,11,Y,long,1,high
C031831,15,N,long,0,low
C031832,17,N,long,0,low
C031833,11,N,long,0,low
C031834,15,N,long,0,low
C031835,16,Y,long,1,high
C031836,16,N,long,0,low
C031837,17,N,long,0,low
C031838,15,N,long,0,low
C031839,11,N,long,0,low
C031840,14,N,long,0,low
C031841,17,Y,long,1,high
C031842,13,Y,long,1,high
C031843,13,N,long,0,low
C031844,16,N,long,0,low
C031845,14,N,long,0,low
C031846,15,N,long,0,low
C031847,16,N,long,0,low
C031848,13,N,long,0,low
C031849,15,Y,long,1,high
C031850,14,Y,long,1,high
C031851,12,N,long,0,low
C031852,14,N,long,0,low
C031853,14,Y,long,1,high
C031854,14,N,long,0,low
C031855,16,N,long,0,low
C031856,12,N,long,0,low
C031857,12,N,long,0,low
C031858,13,N,long,0,low
C031859,11,N,long,0,low
C031860,16,N,long,0,low
C031861,15,N,long,0,low
C031862,13,Y,long,1,high
C031863,17,N,long,0,low
C031864,12,N,long,0,low
C031865,17,N,long,0,low
C031866,15,Y,long,1,high
C031867,17,N,long,0,low
C031868,11,N,long,0,low
C031869,11,N,long,0,low
C031870,17,Y,long,1,high
C031871,12,Y,long,1,high
C031872,11,N,long,0,low
C031873,14,N,long,0,low
C031874,15,N,long,0,low
C031875,11,N,long,0,low
C031876,16,N,long,0,low
C031877,17,N,long,0,low
C031878,13,Y,long,1,high
C031879,15,Y,long,1,high
C031880,12,N,long,0,low
C031881,11,N,long,0,low
C031882,12,N,long,0,low
C031883,16,N,long,0,low
C031884,16,N,long,0,low
C031885,15,N,long,0,low
C031886,13,Y,long,1,high
C031887,14,N,long,0,low
C031888,11,Y,long,1,high
C031889,15,N,long,0,low
C031890,15,N,long,0,low
C031891,11,N,long,0,low
C031892,13,N,long,0,low
C031893,13,N,long,0,low
C031894,16,N,long,0,low
C031895,12,Y,long,1,high
C031896,17,N,long,0,low
C031897,12,N,long,0,low
C031898,13,N,long,0,low
C031899,16,N,long,0,low
C031900,14,N,long,0,low
C031901,14,Y,long,1,high
C031902,11,N,long,0,low
C031903,16,Y,long,1,high
C031904,13,Y,long,1,high
C031905,16,N,long,0,low
C031906,11,Y,long,1,high
C031907,14,Y,long,1,high
C031908,14,N,long,0,low
C031909,17,N,long,0,low
C031910,14,Y,long,1,high
C031911,11,N,long,0,low
C031912,12,N,long,0,low
C031913,14,N,long,0,low
C031914,14,N,long,0,low
C031915,11,Y,long,1,high
C031916,11,N,long,0,low
C031917,11,N,long,0,low
C031918,16,N,long,0,low
C031919,17,N,long,0,low
C031920,16,N,long,0,low
C031921,14,N,long,0,low
C031922,13,Y,long,1,high
C031923,17,N,long,0,low
C031924,15,N,long,0,low
C031925,15,N,long,0,low
C031926,14,N,long,0,low
C031927,17,N,long,0,low
C031928,11,Y,long,1,high
C031929,13,N,long,0,low
C031930,11,N,long,0,low
C031931,15,Y,long,1,high
C031932,13,Y,long,1,high
C031933,14,N,long,0,low
C031934,17,N,long,0,low
C031935,17,Y,long,1,high
C031936,15,N,long,0,low
C031937,13,N,long,0,low
C031938,15,N,long,0,low
C031939,11,N,long,0,low
C031940,14,Y,long,1,high
C031941,15,N,long,0,low
C031942,11,N,long,0,low
C031943,13,N,long,0,low
C031944,14,N,long,0,low
C031945,17,Y,long,1,high
C031946,12,N,long,0,low
C031947,11,N,long,0,low
C031948,16,N,long,0,low
C031949,16,N,long,0,low
C031950,16,N,long,0,low
C031951,13,N,long,0,low
C031952,11,N,long,0,low
C031953,17,N,long,0,low
C031954,15,Y,long,1,high
C031955,12,N,long,0,low
C031956,11,N,long,0,low
C031957,13,N,long,0,low
C031958,14,N,long,0,low
C031959,14,N,long,0,low
C031960,14,N,long,0,low
C031961,16,Y,long,1,high
C031962,17,Y,long,1,high
C031963,16,N,long,0,low
C031964,13,N,long,0,low
C031965,15,N,long,0,low
C031966,11,N,long,0,low
C031967,13,Y,long,1,high
C031968,16,N,long,0,low
C031969,15,N,long,0,low
C031970,16,N,long,0,low
C031971,15,N,long,0,low
C031972,12,Y,long,1,high
C031973,17,N,long,0,low
C031974,17,Y,long,1,high
C031975,16,N,long,0,low
C031976,11,N,long,0,low
C031977,12,Y,long,1,high
C031978,16,N,long,0,low
C031979,11,N,long,0,low
C031980,15,Y,long,1,high
C031981,17,N,long,0,low
C031982,14,Y,long,1,high
C031983,14,N,long,0,low
C031984,13,Y,long,1,high
C031985,16,N,long,0,low
C031986,14,Y,long,1,high
C031987,17,N,long,0,low
C031988,16,N,long,0,low
C031989,13,N,long,0,low
C031990,12,N,long,0,low
C031991,13,N,long,0,low
C031992,13,N,long,0,low
C031993,17,Y,long,1,high
C031994,14,N,long,0,low
C031995,14,N,long,0,low
C031996,11,N,long,0,low
C031997,13,N,long,0,low
C031998,15,N,long,0,low
C031999,16,N,long,0,low
C032000,11,N,long,0,low
C032001,13,N,long,0,low
C032002,15,N,long,0,low
C032003,15,N,long,0,low
C032004,13,N,long,0,low
C032005,16,N,long,0,low
C032006,11,N,long,0,low
C032007,11,N,long,0,low
C032008,12,N,long,0,low
C032009,11,N,long,0,low
C032010,11,N,long,0,low
C032011,12,N,long,0,low
C032012,14,N,long,0,low
C032013,14,N,long,0,low
C032014,12,Y,long,1,high
C032015,15,N,long,0,low
C032016,14,N,long,0,low
C032017,13,N,long,0,low
C032018,14,N,long,0,low
C032019,11,N,long,0,low
C032020,13,Y,long,1,high
C032021,12,N,long,0,low
C032022,12,N,long,0,low
C032023,17,N,long,0,low
C032024,11,N,long,0,low
C032025,15,N,long,0,low
C032026,17,N,long,0,low
C032027,12,N,long,0,low
C032028,12,Y,long,1,high
C032029,13,N,long,0,low
C032030,13,N,long,0,low
C032031,16,N,long,0,low
C032032,14,N,long,0,low
C032033,12,N,long,0,low
C032034,14,N,long,0,low
C032035,15,N,long,0,low
C032036,15,N,long,0,low
C032037,17,Y,long,1,high
C032038,13,N,long,0,low
C032039,11,N,long,0,low
C032040,13,N,long,0,low
C032041,17,N,long,0,low
C032042,11,N,long,0,low
C032043,17,N,long,0,low
C032044,13,N,long,0,low
C032045,17,N,long,0,low
C032046,11,N,long,0,low
C032047,11,N,long,0,low
C032048,17,N,long,0,low
C032049,13,N,long,0,low
C032050,14,N,long,0,low
C032051,11,N,long,0,low
C032052,15,Y,long,1,high
C032053,13,N,long,0,low
C032054,16,N,long,0,low
C032055,11,N,long,0,low
C032056,14,N,long,0,low
C032057,16,N,long,0,low
C032058,12,N,long,0,low
C032059,11,N,long,0,low
C032060,14,N,long,0,low
C032061,16,N,long,0,low
C032062,12,N,long,0,low
C032063,16,N,long,0,low
C032064,14,N,long,0,low
C032065,15,Y,long,1,high
C032066,13,Y,long,1,high
C032067,11,N,long,0,low
C032068,11,N,long,0,low
C032069,17,N,long,0,low
C032070,11,N,long,0,low
C032071,13,N,long,0,low
C032072,15,Y,long,1,high
C032073,14,N,long,0,low
C032074,12,N,long,0,low
C032075,11,Y,long,1,high
C032076,11,N,long,0,low
C032077,14,N,long,0,low
C032078,12,N,long,0,low
C032079,11,N,long,0,low
C032080,12,N,long,0,low
C032081,13,N,long,0,low
C032082,11,N,long,0,low
C032083,12,N,long,0,low
C032084,12,N,long,0,low
C032085,13,N,long,0,low
C032086,17,N,long,0,low
C032087,12,N,long,0,low
C032088,16,N,long,0,low
C032089,16,N,long,0,low
C032090,17,Y,long,1,high
C032091,12,N,long,0,low
C032092,15,N,long,0,low
C032093,13,Y,long,1,high
C032094,12,N,long,0,low
C032095,14,N,long,0,low
C032096,12,N,long,0,low
C032097,13,N,long,0,low
C032098,15,Y,long,1,high
C032099,11,Y,long,1,high
C032100,16,N,long,0,low
C032101,13,N,long,0,low
C032102,16,Y,long,1,high
C032103,13,N,long,0,low
C032104,14,Y,long,1,high
C032105,16,N,long,0,low
C032106,12,Y,long,1,high
C032107,11,N,long,0,low
C032108,13,N,long,0,low
C032109,16,N,long,0,low
C032110,14,N,long,0,low
C032111,14,N,long,0,low
C032112,12,N,long,0,low
C032113,15,N,long,0,low
C032114,12,Y,long,1,high
C032115,11,N,long,0,low
C032116,16,N,long,0,low
C032117,12,N,long,0,low
C032118,13,N,long,0,low
C032119,11,N,long,0,low
C032120,14,Y,long,1,high
C032121,16,N,long,0,low
C032122,14,N,long,0,low
C032123,15,N,long,0,low
C032124,16,N,long,0,low
C032125,16,Y,long,1,high
C032126,13,N,long,0,low
C032127,12,N,long,0,low
C032128,14,N,long,0,low
C032129,11,N,long,0,low
C032130,15,N,long,0,low
C032131,17,N,long,0,low
C032132,12,N,long,0,low
C032133,17,N,long,0,low
C032134,15,N,long,0,low
C032135,15,Y,long,1,high
C032136,14,N,long,0,low
C032137,12,Y,long,1,high
C032138,12,N,long,0,low
C032139,11,N,long,0,low
C032140,17,N,long,0,low
C032141,16,N,long,0,low
C032142,11,N,long,0,low
C032143,11,N,long,0,low
C032144,13,N,long,0,low
C032145,16,N,long,0,low
C032146,14,N,long,0,low
C032147,14,N,long,0,low
C032148,15,Y,long,1,high
C032149,14,Y,long,1,high
C032150,14,N,long,0,low
C032151,11,N,long,0,low
C032152,14,N,long,0,low
C032153,12,N,long,0,low
C032154,16,N,long,0,low
C032155,14,N,long,0,low
C032156,12,N,long,0,low
C032157,16,N,long,0,low
C032158,12,N,long,0,low
C032159,17,N,long,0,low
C032160,13,N,long,0,low
C032161,12,N,long,0,low
C032162,17,Y,long,1,high
C032163,12,N,long,0,low
C032164,17,Y,long,1,high
C032165,13,N,long,0,low
C032166,12,Y,long,1,high
C032167,14,N,long,0,low
C032168,14,N,long,0,low
C032169,14,N,long,0,low
C032170,15,N,long,0,low
C032171,13,N,long,0,low
C032172,17,N,long,0,low
C032173,12,N,long,0,low
C032174,12,Y,long,1,high
C032175,14,N,long,0,low
C032176,11,N,long,0,low
C032177,13,N,long,0,low
C032178,14,N,long,0,low
C032179,14,N,long,0,low
C032180,17,N,long,0,low
C032181,12,N,long,0,low
C032182,13,N,long,0,low
C032183,12,Y,long,1,high
C032184,16,N,long,0,low
C032185,17,N,long,0,low
C032186,12,Y,long,1,high
C032187,17,N,long,0,low
C032188,13,N,long,0,low
C032189,12,N,long,0,low
C032190,15,N,long,0,low
C032191,14,Y,long,1,high
C032192,14,N,long,0,low
C032193,14,N,long,0,low
C032194,12,Y,long,1,high
C032195,11,Y,long,1,high
C032196,13,N,long,0,low
C032197,13,Y,long,1,high
C032198,15,N,long,0,low
C032199,17,N,long,0,low
C032200,14,N,long,0,low
C032201,16,N,long,0,low
C032202,15,N,long,0,low
C032203,17,N,long,0,low
C032204,11,Y,long,1,high
C032205,14,N,long,0,low
C032206,15,N,long,0,low
C032207,13,N,long,0,low
C032208,17,N,long,0,low
C032209,11,N,long,0,low
C032210,17,Y,long,1,high
C032211,17,N,long,0,low
C032212,17,Y,long,1,high
C032213,11,N,long,0,low
C032214,11,Y,long,1,high
C032215,13,Y,long,1,high
C032216,12,N,long,0,low
C032217,14,Y,long,1,high
C032218,11,N,long,0,low
C032219,14,N,long,0,low
C032220,13,N,long,0,low
C032221,16,N,long,0,low
C032222,13,N,long,0,low
C032223,12,Y,long,1,high
C032224,17,N,long,0,low
C032225,11,N,long,0,low
C032226,17,N,long,0,low
C032227,11,N,long,0,low
C032228,17,N,long,0,low
C032229,11,N,long,0,low
C032230,12,N,long,0,low
C032231,12,N,long,0,low
C032232,13,N,long,0,low
C032233,15,N,long,0,low
C032234,14,N,long,0,low
C032235,16,N,long,0,low
C032236,13,N,long,0,low
C032237,15,N,long,0,low
C032238,15,Y,long,1,high
C032239,14,N,long,0,low
C032240,13,N,long,0,low
C032241,11,N,long,0,low
C032242,17,N,long,0,low
C032243,15,Y,long,1,high
C032244,11,Y,long,1,high
C032245,17,N,long,0,low
C032246,13,N,long,0,low
C032247,17,N,long,0,low
C032248,17,N,long,0,low
C032249,12,Y,long,1,high
C032250,15,Y,long,1,high
C032251,16,N,long,0,low
C032252,14,N,long,0,low
C032253,16,N,long,0,low
C032254,17,Y,long,1,high
C032255,15,Y,long,1,high
C032256,17,N,long,0,low
C032257,13,Y,long,1,high
C032258,14,N,long,0,low
C032259,13,N,long,0,low
C032260,16,N,long,0,low
C032261,17,N,long,0,low
C032262,15,N,long,0,low
C032263,16,N,long,0,low
C032264,12,N,long,0,low
C032265,12,N,long,0,low
C032266,14,N,long,0,low
C032267,14,N,long,0,low
C032268,14,N,long,0,low
C032269,11,N,long,0,low
C032270,11,N,long,0,low
C032271,17,N,long,0,low
C032272,14,N,long,0,low
C032273,14,N,long,0,low
C032274,14,N,long,0,low
C032275,14,Y,long,1,high
C032276,16,N,long,0,low
C032277,17,N,long,0,low
C032278,16,N,long,0,low
C032279,13,N,long,0,low
C032280,11,N,long,0,low
C032281,12,Y,long,1,high
C032282,12,Y,long,1,high
C032283,17,N,long,0,low
C032284,12,N,long,0,low
C032285,16,N,long,0,low
C032286,12,N,long,0,low
C032287,13,N,long,0,low
C032288,15,N,long,0,low
C032289,11,N,long,0,low
C032290,15,N,long,0,low
C032291,15,N,long,0,low
C032292,16,Y,long,1,high
C032293,12,N,long,0,low
C032294,13,N,long,0,low
C032295,13,N,long,0,low
C032296,14,Y,long,1,high
C032297,16,Y,long,1,high
C032298,25,N,long,0,low
C032299,28,N,long,0,low
C032300,27,N,long,0,low
C032301,22,Y,long,1,high
C032302,19,N,long,0,low
C032303,19,N,long,0,low
C032304,19,N,long,0,low
C032305,29,N,long,0,low
C032306,23,N,long,0,low
C032307,27,Y,long,1,high
C032308,28,Y,long,1,high
C032309,26,N,long,0,low
C032310,28,Y,long,1,high
C032311,23,N,long,0,low
C032312,27,N,long,0,low
C032313,23,N,long,0,low
C032314,28,N,long,0,low
C032315,22,N,long,0,low
C032316,20,N,long,0,low
C032317,21,N,long,0,low
C032318,23,Y,long,1,high
C032319,20,N,long,0,low
C032320,20,N,long,0,low
C032321,30,N,long,0,low
C032322,25,N,long,0,low
C032323,21,N,long,0,low
C032324,22,N,long,0,low
C032325,23,N,long,0,low
C032326,29,Y,long,1,high
C032327,30,N,long,0,low
C032328,21,N,long,0,low
C032329,20,Y,long,1,high
C032330,25,Y,long,1,high
C032331,19,N,long,0,low
C032332,24,N,long,0,low
C032333,19,N,long,0,low
C032334,29,N,long,0,low
C032335,21,Y,long,1,high
C032336,27,N,long,0,low
C032337,28,N,long,0,low
C032338,20,N,long,0,low
C032339,28,N,long,0,low
C032340,24,N,long,0,low
C032341,22,Y,long,1,high
C032342,21,Y,long,1,high
C032343,24,N,long,0,low
C032344,25,Y,long,1,high
C032345,21,N,long,0,low
C032346,21,N,long,0,low
C032347,18,N,long,0,low
C032348,27,N,long,0,low
C032349,28,N,long,0,low
C032350,18,N,long,0,low
C032351,27,Y,long,1,high
C032352,27,N,long,0,low
C032353,20,N,long,0,low
C032354,30,N,long,0,low
C032355,20,N,long,0,low
C032356,25,N,long,0,low
C032357,25,N,long,0,low
C032358,30,N,long,0,low
C032359,27,N,long,0,low
C032360,21,Y,long,1,high
C032361,19,Y,long,1,high
C032362,19,N,long,0,low
C032363,22,N,long,0,low
C032364,25,N,long,0,low
C032365,27,Y,long,1,high
C032366,24,Y,long,1,high
C032367,30,N,long,0,low
C032368,27,Y,long,1,high
C032369,22,Y,long,1,high
C032370,19,N,long,0,low
C032371,23,N,long,0,low
C032372,24,N,long,0,low
C032373,29,N,long,0,low
C032374,25,N,long,0,low
C032375,18,N,long,0,low
C032376,28,N,long,0,low
C032377,27,N,long,0,low
C032378,24,Y,long,1,high
C032379,22,Y,long,1,high
C032380,20,N,long,0,low
C032381,20,N,long,0,low
C032382,28,N,long,0,low
C032383,18,Y,long,1,high
C032384,28,N,long,0,low
C032385,27,N,long,0,low
C032386,24,N,long,0,low
C032387,22,N,long,0,low
C032388,18,N,long,0,low
C032389,24,N,long,0,low
C032390,20,N,long,0,low
C032391,25,N,long,0,low
C032392,25,N,long,0,low
C032393,25,N,long,0,low
C032394,28,N,long,0,low
C032395,22,N,long,0,low
C032396,30,N,long,0,low
C032397,22,N,long,0,low
C032398,22,Y,long,1,high
C032399,20,Y,long,1,high
C032400,24,N,long,0,low
C032401,20,N,long,0,low
C032402,20,N,long,0,low
C032403,22,N,long,0,low
C032404,30,Y,long,1,high
C032405,23,N,long,0,low
C032406,18,N,long,0,low
C032407,23,N,long,0,low
C032408,23,N,long,0,low
C032409,19,N,long,0,low
C032410,18,N,long,0,low
C032411,21,Y,long,1,high
C032412,28,N,long,0,low
C032413,19,N,long,0,low
C032414,26,N,long,0,low
C032415,28,N,long,0,low
C032416,26,N,long,0,low
C032417,27,N,long,0,low
C032418,29,N,long,0,low
C032419,21,N,long,0,low
C032420,23,N,long,0,low
C032421,29,N,long,0,low
C032422,30,Y,long,1,high
C032423,25,N,long,0,low
C032424,24,N,long,0,low
C032425,26,N,long,0,low
C032426,29,N,long,0,low
C032427,29,Y,long,1,high
C032428,21,Y,long,1,high
C032429,24,Y,long,1,high
C032430,22,N,long,0,low
C032431,24,N,long,0,low
C032432,18,N,long,0,low
C032433,24,N,long,0,low
C032434,26,N,long,0,low
C032435,25,N,long,0,low
C032436,19,N,long,0,low
C032437,24,N,long,0,low
C032438,24,N,long,0,low
C032439,27,N,long,0,low
C032440,26,N,long,0,low
C032441,26,Y,long,1,high
C032442,23,Y,long,1,high
C032443,19,Y,long,1,high
C032444,27,Y,long,1,high
C032445,22,Y,long,1,high
C032446,20,N,long,0,low
C032447,30,N,long,0,low
C032448,19,N,long,0,low
C032449,30,Y,long,1,high
C032450,28,N,long,0,low
C032451,24,Y,long,1,high
C032452,18,Y,long,1,high
C032453,24,N,long,0,low
C032454,18,N,long,0,low
C032455,20,N,long,0,low
C032456,24,N,long,0,low
C032457,26,N,long,0,low
C032458,19,N,long,0,low
C032459,27,N,long,0,low
C032460,29,N,long,0,low
C032461,30,N,long,0,low
C032462,22,N,long,0,low
C032463,23,N,long,0,low
C032464,30,N,long,0,low
C032465,20,N,long,0,low
C032466,29,N,long,0,low
C032467,25,N,long,0,low
C032468,22,N,long,0,low
C032469,24,N,long,0,low
C032470,28,N,long,0,low
C032471,20,Y,long,1,high
C032472,27,Y,long,1,high
C032473,18,Y,long,1,high
C032474,18,Y,long,1,high
C032475,18,Y,long,1,high
C032476,20,N,long,0,low
C032477,19,N,long,0,low
C032478,20,N,long,0,low
C032479,20,N,long,0,low
C032480,29,N,long,0,low
C032481,28,Y,long,1,high
C032482,21,N,long,0,low
C032483,24,N,long,0,low
C032484,30,N,long,0,low
C032485,20,N,long,0,low
C032486,21,N,long,0,low
C032487,18,N,long,0,low
C032488,29,N,long,0,low
C032489,28,N,long,0,low
C032490,22,N,long,0,low
C032491,28,N,long,0,low
C032492,23,N,long,0,low
C032493,23,N,long,0,low
C032494,27,N,long,0,low
C032495,18,Y,long,1,high
C032496,30,N,long,0,low
C032497,23,N,long,0,low
C032498,30,N,long,0,low
C032499,27,Y,long,1,high
C032500,21,N,long,0,low
C032501,28,N,long,0,low
C032502,22,N,long,0,low
C032503,24,N,long,0,low
C032504,27,N,long,0,low
C032505,26,N,long,0,low
C032506,30,N,long,0,low
C032507,24,N,long,0,low
C032508,26,N,long,0,low
C032509,30,N,long,0,low
C032510,20,N,long,0,low
C032511,30,N,long,0,low
C032512,20,Y,long,1,high
C032513,19,N,long,0,low
C032514,25,N,long,0,low
C032515,23,N,long,0,low
C032516,23,N,long,0,low
C032517,20,N,long,0,low
C032518,22,N,long,0,low
C032519,20,N,long,0,low
C032520,29,N,long,0,low
C032521,23,N,long,0,low
C032522,21,N,long,0,low
C032523,24,N,long,0,low
C032524,22,N,long,0,low
C032525,22,N,long,0,low
C032526,20,N,long,0,low
C032527,25,N,long,0,low
C032528,27,N,long,0,low
C032529,21,N,long,0,low
C032530,26,N,long,0,low
C032531,24,N,long,0,low
C032532,18,N,long,0,low
C032533,24,N,long,0,low
C032534,18,N,long,0,low
C032535,25,N,long,0,low
C032536,25,N,long,0,low
C032537,18,N,long,0,low
C032538,28,N,long,0,low
C032539,26,N,long,0,low
C032540,20,N,long,0,low
C032541,20,N,long,0,low
C032542,30,N,long,0,low
C032543,26,N,long,0,low
C032544,30,N,long,0,low
C032545,20,N,long,0,low
C032546,28,N,long,0,low
C032547,21,N,long,0,low
C032548,28,Y,long,1,high
C032549,28,N,long,0,low
C032550,23,N,long,0,low
C032551,24,N,long,0,low
C032552,19,N,long,0,low
C032553,19,Y,long,1,high
C032554,28,N,long,0,low
C032555,29,N,long,0,low
C032556,20,Y,long,1,high
C032557,28,N,long,0,low
C032558,23,N,long,0,low
C032559,24,N,long,0,low
C032560,24,N,long,0,low
C032561,27,N,long,0,low
C032562,24,N,long,0,low
C032563,21,N,long,0,low
C032564,24,Y,long,1,high
C032565,28,N,long,0,low
C032566,21,N,long,0,low
C032567,18,N,long,0,low
C032568,26,N,long,0,low
C032569,21,Y,long,1,high
C032570,23,N,long,0,low
C032571,23,N,long,0,low
C032572,26,N,long,0,low
C032573,22,N,long,0,low
C032574,19,N,long,0,low
C032575,19,Y,long,1,high
C032576,20,N,long,0,low
C032577,30,N,long,0,low
C032578,19,N,long,0,low
C032579,28,N,long,0,low
C032580,26,N,long,0,low
C032581,30,N,long,0,low
